id,amount,oldbalanceOrg,newbalanceOrig,oldbalanceDest,newbalanceDest,orig_balance_error,dest_balance_error,dest_balance_stayed_zero,orig_balance_drained,is_transfer,predicted_fraud,pattern_type
0,143332.0,143332.0,0.0,482652.15,716367.34,0.0,-90383.18999999994,0,1,0,1,Account Drain + Balance Mismatch
1,87622.5,87622.5,0.0,0.0,0.0,0.0,87622.5,1,1,1,1,Account Drain + Zero Destination
2,90204.54,90204.54,0.0,0.0,90204.54,0.0,0.0,0,1,0,1,Account Drain + Balance Mismatch
3,635409.32,635409.32,0.0,1500157.41,2135566.73,0.0,0.0,0,1,0,1,Account Drain + Balance Mismatch
4,526119.49,526119.49,0.0,0.0,0.0,0.0,526119.49,1,1,1,1,Account Drain + Zero Destination
5,36996.83,36996.83,0.0,0.0,0.0,0.0,36996.83,1,1,1,1,Account Drain + Zero Destination
6,7316255.05,17316255.05,17316255.05,0.0,0.0,-7316255.050000001,7316255.05,1,0,1,1,Account Drain + Zero Destination
7,609400.88,609400.88,0.0,0.0,0.0,0.0,609400.88,1,1,1,1,Account Drain + Zero Destination
8,1011249.64,1011249.64,0.0,0.0,0.0,0.0,1011249.64,1,1,1,1,Account Drain + Zero Destination
9,1367070.94,1367070.94,0.0,0.0,0.0,0.0,1367070.94,1,1,1,1,Account Drain + Zero Destination
10,54994.1,54994.1,0.0,0.0,0.0,0.0,54994.1,1,1,1,1,Account Drain + Zero Destination
11,45053.05,45053.05,0.0,0.0,0.0,0.0,45053.05,1,1,1,1,Account Drain + Zero Destination
12,334890.91,334890.91,0.0,0.0,0.0,0.0,334890.91,1,1,1,1,Account Drain + Zero Destination
13,71867.47,71867.47,0.0,0.0,0.0,0.0,71867.47,1,1,1,1,Account Drain + Zero Destination
14,500905.62,500905.62,0.0,4867381.69,5368287.32,0.0,-0.0099999997764825,0,1,0,1,Account Drain + Balance Mismatch
15,21516.38,21516.38,0.0,0.0,0.0,0.0,21516.38,1,1,1,1,Account Drain + Zero Destination
16,171788.82,171788.82,0.0,19962.0,0.0,0.0,191750.82,0,1,0,1,Account Drain + Balance Mismatch
17,4731371.88,4731371.88,0.0,0.0,0.0,0.0,4731371.88,1,1,1,1,Account Drain + Zero Destination
18,1334919.42,1334919.42,0.0,2565752.24,3900671.66,0.0,0.0,0,1,0,1,Account Drain + Balance Mismatch
19,267564.83,267564.83,0.0,0.0,267564.83,0.0,0.0,0,1,0,1,Account Drain + Balance Mismatch
20,4104942.7,4104942.7,0.0,0.0,0.0,0.0,4104942.7,1,1,1,1,Account Drain + Zero Destination
21,145982.36,145982.36,0.0,0.0,0.0,0.0,145982.36,1,1,1,1,Account Drain + Zero Destination
22,115599.26,115599.26,0.0,2621088.84,2736688.1,0.0,-4.656612873077393e-10,0,1,0,1,Account Drain + Balance Mismatch
23,66941.04,66941.04,0.0,0.0,0.0,0.0,66941.04,1,1,1,1,Account Drain + Zero Destination
24,12855.05,12855.05,0.0,2753536.73,2766391.78,0.0,0.0,0,1,0,1,Account Drain + Balance Mismatch
25,235075.62,235075.62,0.0,436894.35,310170.72,0.0,361799.25,0,1,0,1,Account Drain + Balance Mismatch
26,3295227.84,3295227.84,0.0,0.0,0.0,0.0,3295227.84,1,1,1,1,Account Drain + Zero Destination
27,122032.62,122032.62,0.0,0.0,122032.62,0.0,0.0,0,1,0,1,Account Drain + Balance Mismatch
28,10000000.0,10987591.59,987591.59,0.0,0.0,-1.1641532182693479e-10,10000000.0,1,0,1,1,Account Drain + Zero Destination
29,1461930.03,1461930.03,0.0,0.0,0.0,0.0,1461930.03,1,1,1,1,Account Drain + Zero Destination
30,1506795.1,1506795.1,0.0,0.0,0.0,0.0,1506795.1,1,1,1,1,Account Drain + Zero Destination
31,248962.83,248962.83,0.0,0.0,248962.83,0.0,0.0,0,1,0,1,Account Drain + Balance Mismatch
32,774868.1,774868.1,0.0,0.0,0.0,0.0,774868.1,1,1,1,1,Account Drain + Zero Destination
33,10000000.0,34953893.08,24953893.08,0.0,0.0,0.0,10000000.0,1,0,1,1,Account Drain + Zero Destination
34,115085.31,115085.31,0.0,999400.25,1114485.56,0.0,0.0,0,1,0,1,Account Drain + Balance Mismatch
35,131050.76,131050.76,0.0,0.0,0.0,0.0,131050.76,1,1,1,1,Account Drain + Zero Destination
36,253793.28,253793.28,0.0,0.0,0.0,0.0,253793.28,1,1,1,1,Account Drain + Zero Destination
37,167715.53,167715.53,0.0,0.0,0.0,0.0,167715.53,1,1,1,1,Account Drain + Zero Destination
38,9593838.63,9593838.63,0.0,0.0,9593838.63,0.0,0.0,0,1,0,1,Account Drain + Balance Mismatch
39,281087.01,281087.01,0.0,0.0,0.0,0.0,281087.01,1,1,1,1,Account Drain + Zero Destination
40,197226.65,197226.65,0.0,0.0,197226.65,0.0,0.0,0,1,0,1,Account Drain + Balance Mismatch
41,676913.69,676913.69,0.0,2202695.62,2879609.32,0.0,-0.0099999997764825,0,1,0,1,Account Drain + Balance Mismatch
42,460434.46,460434.46,0.0,1046172.48,1506606.94,0.0,0.0,0,1,0,1,Account Drain + Balance Mismatch
43,561149.9,561149.9,0.0,0.0,561149.9,0.0,0.0,0,1,0,1,Account Drain + Balance Mismatch
44,7428844.46,7428844.46,0.0,0.0,7428844.46,0.0,0.0,0,1,0,1,Account Drain + Balance Mismatch
45,311257.22,0.0,0.0,0.0,311257.22,-311257.22,0.0,0,1,0,1,Account Drain + Balance Mismatch
46,1108140.19,1108140.19,0.0,0.0,0.0,0.0,1108140.19,1,1,1,1,Account Drain + Zero Destination
47,95105.01,95105.01,0.0,0.0,0.0,0.0,95105.01,1,1,1,1,Account Drain + Zero Destination
48,492003.04,492003.04,0.0,0.0,0.0,0.0,492003.04,1,1,1,1,Account Drain + Zero Destination
49,398041.98,398041.98,0.0,422191.28,820233.26,0.0,0.0,0,1,0,1,Account Drain + Balance Mismatch
50,668273.94,668273.94,0.0,619362.81,1287636.75,0.0,0.0,0,1,0,1,Account Drain + Balance Mismatch
51,1665334.68,1665334.68,0.0,0.0,0.0,0.0,1665334.68,1,1,1,1,Account Drain + Zero Destination
52,846589.73,846589.73,0.0,0.0,0.0,0.0,846589.73,1,1,1,1,Account Drain + Zero Destination
53,1049586.54,1049586.54,0.0,8366.77,1057953.31,0.0,0.0,0,1,0,1,Account Drain + Balance Mismatch
54,936976.86,936976.86,0.0,0.0,936976.86,0.0,0.0,0,1,0,1,Account Drain + Balance Mismatch
55,0.0,0.0,0.0,267522.87,267522.87,0.0,0.0,0,1,0,1,Account Drain + Balance Mismatch
56,14343.03,14343.03,0.0,0.0,0.0,0.0,14343.03,1,1,1,1,Account Drain + Zero Destination
57,718350.64,718350.64,0.0,0.0,718350.64,0.0,0.0,0,1,0,1,Account Drain + Balance Mismatch
58,2230432.56,2230432.56,0.0,0.0,2230432.56,0.0,0.0,0,1,0,1,Account Drain + Balance Mismatch
59,10000000.0,10000000.0,0.0,198226.59,10198226.59,0.0,0.0,0,1,0,1,Account Drain + Balance Mismatch
60,1168274.14,1168274.14,0.0,0.0,0.0,0.0,1168274.14,1,1,1,1,Account Drain + Zero Destination
61,9299230.13,9299230.13,0.0,0.0,0.0,0.0,9299230.13,1,1,1,1,Account Drain + Zero Destination
62,1367340.03,1367340.03,0.0,296833.6,1664173.63,0.0,0.0,0,1,0,1,Account Drain + Balance Mismatch
63,1270564.34,1270564.34,0.0,0.0,1270564.34,0.0,0.0,0,1,0,1,Account Drain + Balance Mismatch
64,56888.23,56888.23,0.0,0.0,56888.23,0.0,0.0,0,1,0,1,Account Drain + Balance Mismatch
65,120385.1,120385.1,0.0,0.0,0.0,0.0,120385.1,1,1,1,1,Account Drain + Zero Destination
66,63210.91,63210.91,0.0,6697.1,69908.01,0.0,1.4551915228366852e-11,0,1,0,1,Account Drain + Balance Mismatch
67,26654.46,26654.46,0.0,0.0,0.0,0.0,26654.46,1,1,1,1,Account Drain + Zero Destination
68,369186.87,369186.87,0.0,36224.11,405410.97,0.0,0.0100000000093132,0,1,0,1,Account Drain + Balance Mismatch
69,79446.06,79446.06,0.0,0.0,79446.06,0.0,0.0,0,1,0,1,Account Drain + Balance Mismatch
70,283339.53,0.0,0.0,0.0,283339.53,-283339.53,0.0,0,1,0,1,Account Drain + Balance Mismatch
71,871893.15,871893.15,0.0,0.0,0.0,0.0,871893.15,1,1,1,1,Account Drain + Zero Destination
72,554522.67,554522.67,0.0,0.0,0.0,0.0,554522.67,1,1,1,1,Account Drain + Zero Destination
73,2137134.15,2137134.15,0.0,0.0,0.0,0.0,2137134.15,1,1,1,1,Account Drain + Zero Destination
74,7567170.36,7567170.36,0.0,0.0,0.0,0.0,7567170.36,1,1,1,1,Account Drain + Zero Destination
75,3947541.37,3947541.37,0.0,226201.44,4173742.81,0.0,0.0,0,1,0,1,Account Drain + Balance Mismatch
76,266546.68,266546.68,0.0,0.0,0.0,0.0,266546.68,1,1,1,1,Account Drain + Zero Destination
77,2393539.65,2393539.65,0.0,5157128.07,7550667.73,0.0,-0.0099999997764825,0,1,0,1,Account Drain + Balance Mismatch
78,5429153.98,5429153.98,0.0,0.0,5429153.98,0.0,0.0,0,1,0,1,Account Drain + Balance Mismatch
79,10000000.0,10000000.0,0.0,0.0,10000000.0,0.0,0.0,0,1,0,1,Account Drain + Balance Mismatch
80,85354.69,85354.69,0.0,0.0,0.0,0.0,85354.69,1,1,1,1,Account Drain + Zero Destination
81,176007.37,176007.37,0.0,0.0,0.0,0.0,176007.37,1,1,1,1,Account Drain + Zero Destination
82,171200.54,171200.54,0.0,76266.33,247466.87,0.0,0.0,0,1,0,1,Account Drain + Balance Mismatch
83,2554662.97,2554662.97,0.0,2399641.18,4954304.15,0.0,0.0,0,1,0,1,Account Drain + Balance Mismatch
84,162192.78,162192.78,0.0,0.0,0.0,0.0,162192.78,1,1,1,1,Account Drain + Zero Destination
85,128718.59,128718.59,0.0,3511282.2,3640000.79,0.0,0.0,0,1,0,1,Account Drain + Balance Mismatch
86,10000000.0,13695429.98,3695429.98,0.0,0.0,4.656612873077393e-10,10000000.0,1,0,1,1,Account Drain + Zero Destination
87,25761.04,25761.04,0.0,896426.99,922188.03,0.0,0.0,0,1,0,1,Account Drain + Balance Mismatch
88,1589763.63,1589763.63,0.0,0.0,0.0,0.0,1589763.63,1,1,1,1,Account Drain + Zero Destination
89,13774.15,13774.15,0.0,0.0,0.0,0.0,13774.15,1,1,1,1,Account Drain + Zero Destination
90,881811.11,881811.11,0.0,141736.75,1023547.85,0.0,0.0100000000093132,0,1,0,1,Account Drain + Balance Mismatch
91,358440.67,358440.67,0.0,107972.49,466413.16,0.0,0.0,0,1,0,1,Account Drain + Balance Mismatch
92,16614.82,16614.82,0.0,904409.29,921024.11,0.0,0.0,0,1,0,1,Account Drain + Balance Mismatch
93,1158396.74,1158396.74,0.0,0.0,0.0,0.0,1158396.74,1,1,1,1,Account Drain + Zero Destination
94,1976666.45,1976666.45,0.0,0.0,0.0,0.0,1976666.45,1,1,1,1,Account Drain + Zero Destination
95,99316.36,99316.36,0.0,0.0,0.0,0.0,99316.36,1,1,1,1,Account Drain + Zero Destination
96,5926745.36,5926745.36,0.0,2380392.38,8307137.74,0.0,0.0,0,1,0,1,Account Drain + Balance Mismatch
97,2460110.25,2460110.25,0.0,0.0,0.0,0.0,2460110.25,1,1,1,1,Account Drain + Zero Destination
98,1539474.57,1539474.57,0.0,137245.4,1676719.97,0.0,0.0,0,1,0,1,Account Drain + Balance Mismatch
99,963966.56,963966.56,0.0,0.0,0.0,0.0,963966.56,1,1,1,1,Account Drain + Zero Destination
100,466580.69,466580.69,0.0,775534.24,1242114.93,0.0,0.0,0,1,0,1,Account Drain + Balance Mismatch
101,145982.36,145982.36,0.0,800.0,0.0,0.0,146782.36,0,1,0,1,Account Drain + Balance Mismatch
102,81867.07,81867.07,0.0,135117.98,216985.05,0.0,2.9103830456733704e-11,0,1,0,1,Account Drain + Balance Mismatch
103,403.56,403.56,0.0,1124708.32,1125111.88,0.0,2.3283064365386963e-10,0,1,0,1,Account Drain + Balance Mismatch
104,2925111.67,2925111.67,0.0,0.0,0.0,0.0,2925111.67,1,1,1,1,Account Drain + Zero Destination
105,232185.56,232185.56,0.0,6053983.22,6286168.78,0.0,-9.313225746154783e-10,0,1,0,1,Account Drain + Balance Mismatch
106,9065.44,9065.44,0.0,757856.9,766922.34,0.0,0.0,0,1,0,1,Account Drain + Balance Mismatch
107,1123561.68,1123561.68,0.0,0.0,0.0,0.0,1123561.68,1,1,1,1,Account Drain + Zero Destination
108,7108914.22,7108914.22,0.0,0.0,7108914.22,0.0,0.0,0,1,0,1,Account Drain + Balance Mismatch
109,86002.09,86002.09,0.0,0.0,86002.09,0.0,0.0,0,1,0,1,Account Drain + Balance Mismatch
110,1516823.73,1516823.73,0.0,386329.46,1903153.19,0.0,0.0,0,1,0,1,Account Drain + Balance Mismatch
111,50577.26,50577.26,0.0,9581426.29,9632003.55,0.0,-1.862645149230957e-09,0,1,0,1,Account Drain + Balance Mismatch
112,655676.97,655676.97,0.0,0.0,0.0,0.0,655676.97,1,1,1,1,Account Drain + Zero Destination
113,87999.25,87999.25,0.0,0.0,0.0,0.0,87999.25,1,1,1,1,Account Drain + Zero Destination
114,9887819.06,9887819.06,0.0,801913.95,10165200.11,0.0,524532.9000000004,0,1,0,1,Account Drain + Balance Mismatch
115,79938.47,79938.47,0.0,0.0,79938.47,0.0,0.0,0,1,0,1,Account Drain + Balance Mismatch
116,203280.85,203280.85,0.0,0.0,0.0,0.0,203280.85,1,1,1,1,Account Drain + Zero Destination
117,167743.93,167743.93,0.0,219716.29,387460.22,0.0,0.0,0,1,0,1,Account Drain + Balance Mismatch
118,204675.48,204675.48,0.0,0.0,0.0,0.0,204675.48,1,1,1,1,Account Drain + Zero Destination
119,357824.01,357824.01,0.0,158077.81,515901.82,0.0,0.0,0,1,0,1,Account Drain + Balance Mismatch
120,95105.01,95105.01,0.0,1779246.39,1874351.4,0.0,0.0,0,1,0,1,Account Drain + Balance Mismatch
121,5689516.13,5689516.13,0.0,0.0,0.0,0.0,5689516.13,1,1,1,1,Account Drain + Zero Destination
122,17216.14,17216.14,0.0,0.0,0.0,0.0,17216.14,1,1,1,1,Account Drain + Zero Destination
123,112835.43,112835.43,0.0,0.0,0.0,0.0,112835.43,1,1,1,1,Account Drain + Zero Destination
124,54725.54,54725.54,0.0,0.0,0.0,0.0,54725.54,1,1,1,1,Account Drain + Zero Destination
125,621080.67,621080.67,0.0,0.0,0.0,0.0,621080.67,1,1,1,1,Account Drain + Zero Destination
126,407275.43,407275.43,0.0,0.0,0.0,0.0,407275.43,1,1,1,1,Account Drain + Zero Destination
127,1027963.96,1027963.96,0.0,0.0,0.0,0.0,1027963.96,1,1,1,1,Account Drain + Zero Destination
128,216534.86,216534.86,0.0,10068344.73,10284879.59,0.0,0.0,0,1,0,1,Account Drain + Balance Mismatch
129,37100.29,37100.29,0.0,0.0,0.0,0.0,37100.29,1,1,1,1,Account Drain + Zero Destination
130,22140.87,22140.87,0.0,25511.14,47652.0,0.0,0.0099999999947613,0,1,0,1,Account Drain + Balance Mismatch
131,188731.21,188731.21,0.0,591154.11,779885.32,0.0,0.0,0,1,0,1,Account Drain + Balance Mismatch
132,345802.34,345802.34,0.0,0.0,345802.34,0.0,0.0,0,1,0,1,Account Drain + Balance Mismatch
133,398157.05,398157.05,0.0,0.0,0.0,0.0,398157.05,1,1,1,1,Account Drain + Zero Destination
134,94431.98,94431.98,0.0,0.0,0.0,0.0,94431.98,1,1,1,1,Account Drain + Zero Destination
135,6295010.28,6295010.28,0.0,0.0,0.0,0.0,6295010.28,1,1,1,1,Account Drain + Zero Destination
136,1153156.0,1153156.0,0.0,0.0,1153156.0,0.0,0.0,0,1,0,1,Account Drain + Balance Mismatch
137,3401641.0,3401641.0,0.0,0.0,0.0,0.0,3401641.0,1,1,1,1,Account Drain + Zero Destination
138,180967.56,180967.56,0.0,0.0,0.0,0.0,180967.56,1,1,1,1,Account Drain + Zero Destination
139,385050.58,385050.58,0.0,0.0,0.0,0.0,385050.58,1,1,1,1,Account Drain + Zero Destination
140,96474.91,96474.91,0.0,0.0,96474.91,0.0,0.0,0,1,0,1,Account Drain + Balance Mismatch
141,534255.94,534255.94,0.0,0.0,0.0,0.0,534255.94,1,1,1,1,Account Drain + Zero Destination
142,1889351.63,1889351.63,0.0,12129494.24,14018845.86,0.0,0.0100000016391277,0,1,0,1,Account Drain + Balance Mismatch
143,46190.9,46190.9,0.0,0.0,46190.9,0.0,0.0,0,1,0,1,Account Drain + Balance Mismatch
144,242296.17,242296.17,0.0,0.0,242296.17,0.0,0.0,0,1,0,1,Account Drain + Balance Mismatch
145,948288.3,948288.3,0.0,2189773.93,3138062.23,0.0,4.656612873077393e-10,0,1,0,1,Account Drain + Balance Mismatch
146,548269.98,548269.98,0.0,0.0,0.0,0.0,548269.98,1,1,1,1,Account Drain + Zero Destination
147,1608571.02,1608571.02,0.0,194993.54,1803564.56,0.0,0.0,0,1,0,1,Account Drain + Balance Mismatch
148,179725.06,179725.06,0.0,131709.81,311434.88,0.0,-0.0100000000093132,0,1,0,1,Account Drain + Balance Mismatch
149,763170.76,763170.76,0.0,452739.47,1215910.23,0.0,0.0,0,1,0,1,Account Drain + Balance Mismatch
150,66448.19,66448.19,0.0,5042513.19,5108961.38,0.0,9.313225746154783e-10,0,1,0,1,Account Drain + Balance Mismatch
151,367980.99,367980.99,0.0,0.0,0.0,0.0,367980.99,1,1,1,1,Account Drain + Zero Destination
152,590229.26,590229.26,0.0,236890.65,827119.91,0.0,0.0,0,1,0,1,Account Drain + Balance Mismatch
153,498183.25,498183.25,0.0,0.0,0.0,0.0,498183.25,1,1,1,1,Account Drain + Zero Destination
154,244068.01,244068.01,0.0,0.0,338538.16,0.0,-94470.14999999997,0,1,0,1,Account Drain + Balance Mismatch
155,249791.3,249791.3,0.0,0.0,0.0,0.0,249791.3,1,1,1,1,Account Drain + Zero Destination
156,1058602.68,1058602.68,0.0,0.0,0.0,0.0,1058602.68,1,1,1,1,Account Drain + Zero Destination
157,665676.43,665676.43,0.0,0.0,665676.43,0.0,0.0,0,1,0,1,Account Drain + Balance Mismatch
158,161016.65,161016.65,0.0,92806.24,253822.89,0.0,0.0,0,1,0,1,Account Drain + Balance Mismatch
159,1820864.64,1820864.64,0.0,0.0,0.0,0.0,1820864.64,1,1,1,1,Account Drain + Zero Destination
160,130668.56,130668.56,0.0,2403740.71,2534409.27,0.0,0.0,0,1,0,1,Account Drain + Balance Mismatch
161,171623.1,171623.1,0.0,76632.01,248255.12,0.0,-0.0100000000093132,0,1,0,1,Account Drain + Balance Mismatch
162,92145.4,92145.4,0.0,0.0,0.0,0.0,92145.4,1,1,1,1,Account Drain + Zero Destination
163,10000000.0,10390763.24,390763.24,0.0,0.0,2.3283064365386963e-10,10000000.0,1,0,1,1,Account Drain + Zero Destination
164,405400.26,405400.26,0.0,707011.54,1112411.81,0.0,-0.0100000000093132,0,1,0,1,Account Drain + Balance Mismatch
165,998086.61,998086.61,0.0,440777.77,1438864.38,0.0,0.0,0,1,0,1,Account Drain + Balance Mismatch
166,1040303.44,1040303.44,0.0,0.0,0.0,0.0,1040303.44,1,1,1,1,Account Drain + Zero Destination
167,114169.66,114169.66,0.0,0.0,0.0,0.0,114169.66,1,1,1,1,Account Drain + Zero Destination
168,60891.94,60891.94,0.0,0.0,0.0,0.0,60891.94,1,1,1,1,Account Drain + Zero Destination
169,489514.32,489514.32,0.0,0.0,0.0,0.0,489514.32,1,1,1,1,Account Drain + Zero Destination
170,333185.46,0.0,0.0,0.0,333185.46,-333185.46,0.0,0,1,0,1,Account Drain + Balance Mismatch
171,1153156.0,1153156.0,0.0,0.0,0.0,0.0,1153156.0,1,1,1,1,Account Drain + Zero Destination
172,489767.32,489767.32,0.0,0.0,0.0,0.0,489767.32,1,1,1,1,Account Drain + Zero Destination
173,1191183.65,1191183.65,0.0,0.0,1191183.65,0.0,0.0,0,1,0,1,Account Drain + Balance Mismatch
174,452261.67,452261.67,0.0,0.0,0.0,0.0,452261.67,1,1,1,1,Account Drain + Zero Destination
175,119143.75,119143.75,0.0,0.0,0.0,0.0,119143.75,1,1,1,1,Account Drain + Zero Destination
176,171456.83,171456.83,0.0,0.0,0.0,0.0,171456.83,1,1,1,1,Account Drain + Zero Destination
177,108779.53,108779.53,0.0,0.0,0.0,0.0,108779.53,1,1,1,1,Account Drain + Zero Destination
178,325732.34,325732.34,0.0,3734511.97,4060244.31,0.0,0.0,0,1,0,1,Account Drain + Balance Mismatch
179,343972.5,343972.5,0.0,0.0,343972.5,0.0,0.0,0,1,0,1,Account Drain + Balance Mismatch
180,398041.98,398041.98,0.0,0.0,0.0,0.0,398041.98,1,1,1,1,Account Drain + Zero Destination
181,3641525.7,3641525.7,0.0,599102.39,4240628.09,0.0,0.0,0,1,0,1,Account Drain + Balance Mismatch
182,3580542.06,3580542.06,0.0,0.0,0.0,0.0,3580542.06,1,1,1,1,Account Drain + Zero Destination
183,9421856.87,9421856.87,0.0,0.0,0.0,0.0,9421856.87,1,1,1,1,Account Drain + Zero Destination
184,10000000.0,10000000.0,0.0,2265793.36,12265793.36,0.0,0.0,0,1,0,1,Account Drain + Balance Mismatch
185,1033878.67,1033878.67,0.0,0.0,0.0,0.0,1033878.67,1,1,1,1,Account Drain + Zero Destination
186,2598276.05,2598276.05,0.0,0.0,0.0,0.0,2598276.05,1,1,1,1,Account Drain + Zero Destination
187,416284.7,416284.7,0.0,0.0,0.0,0.0,416284.7,1,1,1,1,Account Drain + Zero Destination
188,1950373.54,1950373.54,0.0,0.0,0.0,0.0,1950373.54,1,1,1,1,Account Drain + Zero Destination
189,1090527.71,1090527.71,0.0,0.0,0.0,0.0,1090527.71,1,1,1,1,Account Drain + Zero Destination
190,619836.33,619836.33,0.0,0.0,0.0,0.0,619836.33,1,1,1,1,Account Drain + Zero Destination
191,71554.74,71554.74,0.0,527488.43,599043.17,0.0,0.0,0,1,0,1,Account Drain + Balance Mismatch
192,148680.12,148680.12,0.0,0.0,148680.12,0.0,0.0,0,1,0,1,Account Drain + Balance Mismatch
193,5363594.86,5363594.86,0.0,134472.24,5498067.11,0.0,-0.0099999997764825,0,1,0,1,Account Drain + Balance Mismatch
194,306213.63,306213.63,0.0,0.0,0.0,0.0,306213.63,1,1,1,1,Account Drain + Zero Destination
195,175313.96,175313.96,0.0,0.0,0.0,0.0,175313.96,1,1,1,1,Account Drain + Zero Destination
196,103368.58,103368.58,0.0,0.0,0.0,0.0,103368.58,1,1,1,1,Account Drain + Zero Destination
197,95267.81,95267.81,0.0,0.0,95267.81,0.0,0.0,0,1,0,1,Account Drain + Balance Mismatch
198,128718.59,128718.59,0.0,0.0,0.0,0.0,128718.59,1,1,1,1,Account Drain + Zero Destination
199,2056779.24,2056779.24,0.0,191822.43,2248601.67,0.0,0.0,0,1,0,1,Account Drain + Balance Mismatch
200,10358.27,10358.27,0.0,0.0,10358.27,0.0,0.0,0,1,0,1,Account Drain + Balance Mismatch
201,8594065.09,8594065.09,0.0,0.0,0.0,0.0,8594065.09,1,1,1,1,Account Drain + Zero Destination
202,37357.32,37357.32,0.0,0.0,0.0,0.0,37357.32,1,1,1,1,Account Drain + Zero Destination
203,154196.49,154196.49,0.0,0.0,0.0,0.0,154196.49,1,1,1,1,Account Drain + Zero Destination
204,316877.85,316877.85,0.0,0.0,0.0,0.0,316877.85,1,1,1,1,Account Drain + Zero Destination
205,175972.28,175972.28,0.0,0.0,0.0,0.0,175972.28,1,1,1,1,Account Drain + Zero Destination
206,376059.27,376059.27,0.0,0.0,0.0,0.0,376059.27,1,1,1,1,Account Drain + Zero Destination
207,460635.82,460635.82,0.0,544728.69,1005364.51,0.0,0.0,0,1,0,1,Account Drain + Balance Mismatch
208,3379009.86,3379009.86,0.0,1760983.92,5139993.78,0.0,-9.313225746154783e-10,0,1,0,1,Account Drain + Balance Mismatch
209,6262505.91,6262505.91,0.0,0.0,0.0,0.0,6262505.91,1,1,1,1,Account Drain + Zero Destination
210,8536151.16,8536151.16,0.0,339032.24,8875183.4,0.0,0.0,0,1,0,1,Account Drain + Balance Mismatch
211,10000000.0,59585040.37,49585040.37,0.0,0.0,0.0,10000000.0,1,0,1,1,Account Drain + Zero Destination
212,1191399.72,1191399.72,0.0,0.0,0.0,0.0,1191399.72,1,1,1,1,Account Drain + Zero Destination
213,1179162.08,1179162.08,0.0,29723.31,1208885.39,0.0,2.3283064365386963e-10,0,1,0,1,Account Drain + Balance Mismatch
214,762782.66,762782.66,0.0,0.0,0.0,0.0,762782.66,1,1,1,1,Account Drain + Zero Destination
215,2426076.89,2426076.89,0.0,44160.09,2470236.98,0.0,0.0,0,1,0,1,Account Drain + Balance Mismatch
216,150406.91,150406.91,0.0,1903051.04,2053457.95,0.0,0.0,0,1,0,1,Account Drain + Balance Mismatch
217,49434.25,49434.25,0.0,0.0,0.0,0.0,49434.25,1,1,1,1,Account Drain + Zero Destination
218,263401.81,263401.81,0.0,0.0,0.0,0.0,263401.81,1,1,1,1,Account Drain + Zero Destination
219,92641.52,92641.52,0.0,899062.84,991704.37,0.0,-0.0100000000093132,0,1,0,1,Account Drain + Balance Mismatch
220,175203.45,175203.45,0.0,0.0,0.0,0.0,175203.45,1,1,1,1,Account Drain + Zero Destination
221,303879.45,0.0,0.0,0.0,303879.45,-303879.45,0.0,0,1,0,1,Account Drain + Balance Mismatch
222,21511.22,21511.22,0.0,0.0,21511.22,0.0,0.0,0,1,0,1,Account Drain + Balance Mismatch
223,75480.15,75480.15,0.0,0.0,0.0,0.0,75480.15,1,1,1,1,Account Drain + Zero Destination
224,338293.14,338293.14,0.0,0.0,0.0,0.0,338293.14,1,1,1,1,Account Drain + Zero Destination
225,9065.34,9065.34,0.0,0.0,0.0,0.0,9065.34,1,1,1,1,Account Drain + Zero Destination
226,661558.27,661558.27,0.0,0.0,0.0,0.0,661558.27,1,1,1,1,Account Drain + Zero Destination
227,70125.14,70125.14,0.0,7303214.4,7373339.54,0.0,0.0,0,1,0,1,Account Drain + Balance Mismatch
228,739856.92,739856.92,0.0,0.0,0.0,0.0,739856.92,1,1,1,1,Account Drain + Zero Destination
229,10000000.0,10000000.0,0.0,879169.43,10879169.43,0.0,0.0,0,1,0,1,Account Drain + Balance Mismatch
230,145482.09,145482.09,0.0,1686412.37,1831894.45,0.0,0.0100000002421438,0,1,0,1,Account Drain + Balance Mismatch
231,98086.09,98086.09,0.0,0.0,98086.09,0.0,0.0,0,1,0,1,Account Drain + Balance Mismatch
232,136562.78,136562.78,0.0,21100.34,157663.12,0.0,0.0,0,1,0,1,Account Drain + Balance Mismatch
233,309061.5,309061.5,0.0,218006.55,527068.05,0.0,0.0,0,1,0,1,Account Drain + Balance Mismatch
234,119443.3,119443.3,0.0,0.0,0.0,0.0,119443.3,1,1,1,1,Account Drain + Zero Destination
235,210952.24,210952.24,0.0,0.0,0.0,0.0,210952.24,1,1,1,1,Account Drain + Zero Destination
236,62318.91,62318.91,0.0,0.0,0.0,0.0,62318.91,1,1,1,1,Account Drain + Zero Destination
237,227349.18,227349.18,0.0,0.0,0.0,0.0,227349.18,1,1,1,1,Account Drain + Zero Destination
238,5591414.49,5591414.49,0.0,686963.07,6278377.55,0.0,0.0100000007078051,0,1,0,1,Account Drain + Balance Mismatch
239,106596.14,106596.14,0.0,0.0,106596.14,0.0,0.0,0,1,0,1,Account Drain + Balance Mismatch
240,284011.99,0.0,0.0,0.0,284011.99,-284011.99,0.0,0,1,0,1,Account Drain + Balance Mismatch
241,8276235.5,8276235.5,0.0,0.0,0.0,0.0,8276235.5,1,1,1,1,Account Drain + Zero Destination
242,347893.16,347893.16,0.0,0.0,347893.16,0.0,0.0,0,1,0,1,Account Drain + Balance Mismatch
243,54994.1,54994.1,0.0,14941.39,69935.49,0.0,-1.4551915228366852e-11,0,1,0,1,Account Drain + Balance Mismatch
244,1749325.14,1749325.14,0.0,0.0,0.0,0.0,1749325.14,1,1,1,1,Account Drain + Zero Destination
245,1828.6,1828.6,0.0,0.0,0.0,0.0,1828.6,1,1,1,1,Account Drain + Zero Destination
246,5715004.3,5715004.3,0.0,0.0,0.0,0.0,5715004.3,1,1,1,1,Account Drain + Zero Destination
247,204675.48,204675.48,0.0,109380.43,314055.91,0.0,5.820766091346741e-11,0,1,0,1,Account Drain + Balance Mismatch
248,1215297.01,1215297.01,0.0,2497294.92,3712591.93,0.0,-4.656612873077393e-10,0,1,0,1,Account Drain + Balance Mismatch
249,10000000.0,10000000.0,0.0,107593.45,10107593.45,0.0,0.0,0,1,0,1,Account Drain + Balance Mismatch
250,769619.59,769619.59,0.0,32332.95,801952.54,0.0,-1.1641532182693479e-10,0,1,0,1,Account Drain + Balance Mismatch
251,164382.72,164382.72,0.0,0.0,0.0,0.0,164382.72,1,1,1,1,Account Drain + Zero Destination
252,377919.58,377919.58,0.0,617276.1,995195.68,0.0,-1.1641532182693479e-10,0,1,0,1,Account Drain + Balance Mismatch
253,138373.64,138373.64,0.0,125028.17,263401.81,0.0,0.0,0,1,0,1,Account Drain + Balance Mismatch
254,150405.2,150405.2,0.0,0.0,0.0,0.0,150405.2,1,1,1,1,Account Drain + Zero Destination
255,977805.62,977805.62,0.0,0.0,977805.62,0.0,0.0,0,1,0,1,Account Drain + Balance Mismatch
256,454483.23,454483.23,0.0,0.0,0.0,0.0,454483.23,1,1,1,1,Account Drain + Zero Destination
257,453699.35,453699.35,0.0,0.0,0.0,0.0,453699.35,1,1,1,1,Account Drain + Zero Destination
258,1735525.5,1735525.5,0.0,0.0,1735525.5,0.0,0.0,0,1,0,1,Account Drain + Balance Mismatch
259,82750.0,82750.0,0.0,0.0,82750.0,0.0,0.0,0,1,0,1,Account Drain + Balance Mismatch
260,455372.54,455372.54,0.0,316179.07,771551.61,0.0,0.0,0,1,0,1,Account Drain + Balance Mismatch
261,5270.57,5270.57,0.0,0.0,0.0,0.0,5270.57,1,1,1,1,Account Drain + Zero Destination
262,188731.21,188731.21,0.0,0.0,0.0,0.0,188731.21,1,1,1,1,Account Drain + Zero Destination
263,285294.11,285294.11,0.0,0.0,0.0,0.0,285294.11,1,1,1,1,Account Drain + Zero Destination
264,4863106.47,4863106.47,0.0,0.0,4863106.47,0.0,0.0,0,1,0,1,Account Drain + Balance Mismatch
265,526787.54,526787.54,0.0,2422.53,563605.43,0.0,-34395.359999999986,0,1,0,1,Account Drain + Balance Mismatch
266,10000000.0,10000000.0,0.0,2571402.25,12571402.25,0.0,0.0,0,1,0,1,Account Drain + Balance Mismatch
267,1259972.05,1259972.05,0.0,0.0,1259972.05,0.0,0.0,0,1,0,1,Account Drain + Balance Mismatch
268,839008.91,839008.91,0.0,0.0,0.0,0.0,839008.91,1,1,1,1,Account Drain + Zero Destination
269,4104942.7,4104942.7,0.0,131668.24,4236610.94,0.0,0.0,0,1,0,1,Account Drain + Balance Mismatch
270,399045.08,10399045.08,10399045.08,0.0,0.0,-399045.0800000001,399045.08,1,0,1,1,Account Drain + Zero Destination
271,1153200.73,1153200.73,0.0,0.0,1153200.73,0.0,0.0,0,1,0,1,Account Drain + Balance Mismatch
272,2626957.79,2626957.79,0.0,882527.7,3509485.49,0.0,0.0,0,1,0,1,Account Drain + Balance Mismatch
273,27483.79,27483.79,0.0,66220.65,93704.43,0.0,0.0100000000093132,0,1,0,1,Account Drain + Balance Mismatch
274,2118548.31,2118548.31,0.0,0.0,0.0,0.0,2118548.31,1,1,1,1,Account Drain + Zero Destination
275,1495203.8,1495203.8,0.0,0.0,0.0,0.0,1495203.8,1,1,1,1,Account Drain + Zero Destination
276,8677.0,8677.0,0.0,0.0,0.0,0.0,8677.0,1,1,1,1,Account Drain + Zero Destination
277,1672570.76,1672570.76,0.0,11445.41,1684016.17,0.0,0.0,0,1,0,1,Account Drain + Balance Mismatch
278,10000000.0,30353874.22,20353874.22,0.0,0.0,0.0,10000000.0,1,0,1,1,Account Drain + Zero Destination
279,802417.45,802417.45,0.0,49645.31,852062.77,0.0,-0.0100000000093132,0,1,0,1,Account Drain + Balance Mismatch
280,2723017.17,2723017.17,0.0,11672.12,2734689.29,0.0,0.0,0,1,0,1,Account Drain + Balance Mismatch
281,1048.63,1048.63,0.0,62895.35,63943.98,0.0,-7.275957614183426e-12,0,1,0,1,Account Drain + Balance Mismatch
282,258570.41,258570.41,0.0,0.0,258570.41,0.0,0.0,0,1,0,1,Account Drain + Balance Mismatch
283,3191058.32,3191058.32,0.0,0.0,0.0,0.0,3191058.32,1,1,1,1,Account Drain + Zero Destination
284,380214.33,380214.33,0.0,0.0,0.0,0.0,380214.33,1,1,1,1,Account Drain + Zero Destination
285,1421665.98,1421665.98,0.0,0.0,0.0,0.0,1421665.98,1,1,1,1,Account Drain + Zero Destination
286,30674.98,30674.98,0.0,0.0,0.0,0.0,30674.98,1,1,1,1,Account Drain + Zero Destination
287,10000000.0,10000000.0,0.0,2876.18,10002876.18,0.0,0.0,0,1,0,1,Account Drain + Balance Mismatch
288,32671.88,32671.88,0.0,164307.14,196979.02,0.0,2.9103830456733704e-11,0,1,0,1,Account Drain + Balance Mismatch
289,411123.06,0.0,0.0,0.0,411123.06,-411123.06,0.0,0,1,0,1,Account Drain + Balance Mismatch
290,2656973.04,2656973.04,0.0,0.0,0.0,0.0,2656973.04,1,1,1,1,Account Drain + Zero Destination
291,709950.57,709950.57,0.0,0.0,0.0,0.0,709950.57,1,1,1,1,Account Drain + Zero Destination
292,125159.2,125159.2,0.0,26664.19,151823.38,0.0,0.0099999999802093,0,1,0,1,Account Drain + Balance Mismatch
293,313418.28,313418.28,0.0,688164.64,1029922.17,0.0,-28339.25,0,1,0,1,Account Drain + Balance Mismatch
294,633459.44,633459.44,0.0,0.0,0.0,0.0,633459.44,1,1,1,1,Account Drain + Zero Destination
295,10000000.0,25674547.89,15674547.89,0.0,0.0,0.0,10000000.0,1,0,1,1,Account Drain + Zero Destination
296,296156.97,296156.97,0.0,0.0,0.0,0.0,296156.97,1,1,1,1,Account Drain + Zero Destination
297,555328.55,555328.55,0.0,0.0,555328.55,0.0,0.0,0,1,0,1,Account Drain + Balance Mismatch
298,1676936.79,1676936.79,0.0,40039.54,1716976.33,0.0,0.0,0,1,0,1,Account Drain + Balance Mismatch
299,2154005.71,2154005.71,0.0,0.0,2154005.71,0.0,0.0,0,1,0,1,Account Drain + Balance Mismatch
300,86258.11,86258.11,0.0,71277.81,157535.92,0.0,-2.9103830456733704e-11,0,1,0,1,Account Drain + Balance Mismatch
301,3846781.01,3846781.01,0.0,46052.98,3892833.98,0.0,0.0099999997764825,0,1,0,1,Account Drain + Balance Mismatch
302,30467.69,30467.69,0.0,625616.25,656083.94,0.0,0.0,0,1,0,1,Account Drain + Balance Mismatch
303,2533650.09,2533650.09,0.0,440696.98,2974347.07,0.0,0.0,0,1,0,1,Account Drain + Balance Mismatch
304,164382.72,164382.72,0.0,445530.63,609913.36,0.0,-0.0100000000093132,0,1,0,1,Account Drain + Balance Mismatch
305,10000000.0,10000000.0,0.0,0.0,10000000.0,0.0,0.0,0,1,0,1,Account Drain + Balance Mismatch
306,2007.0,2007.0,0.0,129917.8,250910.76,0.0,-118985.96000000002,0,1,0,1,Account Drain + Balance Mismatch
307,24522.52,24522.52,0.0,155677.01,180199.53,0.0,0.0,0,1,0,1,Account Drain + Balance Mismatch
308,161939.36,161939.36,0.0,0.0,0.0,0.0,161939.36,1,1,1,1,Account Drain + Zero Destination
309,49950.63,49950.63,0.0,0.0,0.0,0.0,49950.63,1,1,1,1,Account Drain + Zero Destination
310,40591.72,40591.72,0.0,0.0,0.0,0.0,40591.72,1,1,1,1,Account Drain + Zero Destination
311,1637875.33,1637875.33,0.0,2042965.58,3680840.92,0.0,-0.0099999997764825,0,1,0,1,Account Drain + Balance Mismatch
312,86170.94,86170.94,0.0,0.0,0.0,0.0,86170.94,1,1,1,1,Account Drain + Zero Destination
313,2859010.61,2859010.61,0.0,0.0,0.0,0.0,2859010.61,1,1,1,1,Account Drain + Zero Destination
314,592737.43,592737.43,0.0,0.0,0.0,0.0,592737.43,1,1,1,1,Account Drain + Zero Destination
315,114864.37,114864.37,0.0,0.0,114864.37,0.0,0.0,0,1,0,1,Account Drain + Balance Mismatch
316,257988.47,257988.47,0.0,0.0,0.0,0.0,257988.47,1,1,1,1,Account Drain + Zero Destination
317,317787.12,317787.12,0.0,11292122.38,11609909.5,0.0,0.0,0,1,0,1,Account Drain + Balance Mismatch
318,27059.86,27059.86,0.0,0.0,0.0,0.0,27059.86,1,1,1,1,Account Drain + Zero Destination
319,561948.38,561948.38,0.0,0.0,0.0,0.0,561948.38,1,1,1,1,Account Drain + Zero Destination
320,118462.93,118462.93,0.0,251578.05,370040.99,0.0,-0.0100000000093132,0,1,0,1,Account Drain + Balance Mismatch
321,1221900.21,1221900.21,0.0,0.0,1221900.21,0.0,0.0,0,1,0,1,Account Drain + Balance Mismatch
322,57204.07,57204.07,0.0,2726027.96,2783232.03,0.0,0.0,0,1,0,1,Account Drain + Balance Mismatch
323,915266.65,915266.65,0.0,0.0,0.0,0.0,915266.65,1,1,1,1,Account Drain + Zero Destination
324,5131896.17,5131896.17,0.0,302942.16,5434838.33,0.0,0.0,0,1,0,1,Account Drain + Balance Mismatch
325,3892156.3,3892156.3,0.0,5663227.36,9555383.66,0.0,0.0,0,1,0,1,Account Drain + Balance Mismatch
326,10000000.0,13774746.08,3774746.08,0.0,0.0,0.0,10000000.0,1,0,1,1,Account Drain + Zero Destination
327,1871553.73,1871553.73,0.0,0.0,1871553.73,0.0,0.0,0,1,0,1,Account Drain + Balance Mismatch
328,243459.96,243459.96,0.0,0.0,0.0,0.0,243459.96,1,1,1,1,Account Drain + Zero Destination
329,1639676.27,1639676.27,0.0,0.0,0.0,0.0,1639676.27,1,1,1,1,Account Drain + Zero Destination
330,2326251.51,2326251.51,0.0,37662.1,2363913.61,0.0,0.0,0,1,0,1,Account Drain + Balance Mismatch
331,1571565.56,1571565.56,0.0,0.0,1571565.56,0.0,0.0,0,1,0,1,Account Drain + Balance Mismatch
332,2600970.32,2600970.32,0.0,2111795.89,4712766.22,0.0,-0.0099999997764825,0,1,0,1,Account Drain + Balance Mismatch
333,141837.8,141837.8,0.0,5845089.37,5986927.17,0.0,0.0,0,1,0,1,Account Drain + Balance Mismatch
334,10000000.0,10000000.0,0.0,540392.1,10540392.1,0.0,0.0,0,1,0,1,Account Drain + Balance Mismatch
335,300075.73,0.0,0.0,0.0,300075.73,-300075.73,0.0,0,1,0,1,Account Drain + Balance Mismatch
336,1536245.52,1536245.52,0.0,0.0,0.0,0.0,1536245.52,1,1,1,1,Account Drain + Zero Destination
337,207261.07,207261.07,0.0,48221.7,255482.77,0.0,2.9103830456733704e-11,0,1,0,1,Account Drain + Balance Mismatch
338,38580.45,38580.45,0.0,0.0,0.0,0.0,38580.45,1,1,1,1,Account Drain + Zero Destination
339,850002.52,850002.52,0.0,6510099.11,7360101.63,0.0,9.313225746154783e-10,0,1,0,1,Account Drain + Balance Mismatch
340,597411.76,597411.76,0.0,2035697.45,2633109.21,0.0,0.0,0,1,0,1,Account Drain + Balance Mismatch
341,311234.46,311234.46,0.0,978976.44,1290210.9,0.0,0.0,0,1,0,1,Account Drain + Balance Mismatch
342,54584.29,54584.29,0.0,24298.74,78883.03,0.0,0.0,0,1,0,1,Account Drain + Balance Mismatch
343,305183.84,305183.84,0.0,470854.17,776038.0,0.0,0.0100000000093132,0,1,0,1,Account Drain + Balance Mismatch
344,23610.85,23610.85,0.0,212041.22,235652.07,0.0,0.0,0,1,0,1,Account Drain + Balance Mismatch
345,760625.76,760625.76,0.0,0.0,0.0,0.0,760625.76,1,1,1,1,Account Drain + Zero Destination
346,1464008.18,1464008.18,0.0,0.0,1464008.18,0.0,0.0,0,1,0,1,Account Drain + Balance Mismatch
347,311234.46,311234.46,0.0,0.0,0.0,0.0,311234.46,1,1,1,1,Account Drain + Zero Destination
348,2739248.3,2739248.3,0.0,0.0,0.0,0.0,2739248.3,1,1,1,1,Account Drain + Zero Destination
349,897131.97,897131.97,0.0,0.0,0.0,0.0,897131.97,1,1,1,1,Account Drain + Zero Destination
350,2216437.25,2216437.25,0.0,6843369.97,9059807.22,0.0,-1.862645149230957e-09,0,1,0,1,Account Drain + Balance Mismatch
351,3085.45,3085.45,0.0,45631.02,48716.47,0.0,-7.275957614183426e-12,0,1,0,1,Account Drain + Balance Mismatch
352,1136374.62,1136374.62,0.0,0.0,0.0,0.0,1136374.62,1,1,1,1,Account Drain + Zero Destination
353,613386.47,613386.47,0.0,0.0,0.0,0.0,613386.47,1,1,1,1,Account Drain + Zero Destination
354,341.3,341.3,0.0,0.0,0.0,0.0,341.3,1,1,1,1,Account Drain + Zero Destination
355,316759.49,0.0,0.0,0.0,316759.49,-316759.49,0.0,0,1,0,1,Account Drain + Balance Mismatch
356,2806.0,2806.0,0.0,26202.0,0.0,0.0,29008.0,0,1,0,1,Account Drain + Balance Mismatch
357,82764.07,82764.07,0.0,0.0,0.0,0.0,82764.07,1,1,1,1,Account Drain + Zero Destination
358,4531343.47,4531343.47,0.0,0.0,0.0,0.0,4531343.47,1,1,1,1,Account Drain + Zero Destination
359,1684039.12,1684039.12,0.0,0.0,0.0,0.0,1684039.12,1,1,1,1,Account Drain + Zero Destination
360,10000000.0,19887819.06,9887819.06,0.0,0.0,-1.862645149230957e-09,10000000.0,1,0,1,1,Account Drain + Zero Destination
361,433348.97,433348.97,0.0,1757052.79,2190401.76,0.0,0.0,0,1,0,1,Account Drain + Balance Mismatch
362,881811.11,881811.11,0.0,0.0,0.0,0.0,881811.11,1,1,1,1,Account Drain + Zero Destination
363,186567.41,186567.41,0.0,0.0,0.0,0.0,186567.41,1,1,1,1,Account Drain + Zero Destination
364,393699.17,393699.17,0.0,46379.95,440079.12,0.0,0.0,0,1,0,1,Account Drain + Balance Mismatch
365,118111.77,118111.77,0.0,0.0,118111.77,0.0,0.0,0,1,0,1,Account Drain + Balance Mismatch
366,155002.83,155002.83,0.0,0.0,155002.83,0.0,0.0,0,1,0,1,Account Drain + Balance Mismatch
367,673722.73,673722.73,0.0,0.0,0.0,0.0,673722.73,1,1,1,1,Account Drain + Zero Destination
368,166456.54,166456.54,0.0,0.0,0.0,0.0,166456.54,1,1,1,1,Account Drain + Zero Destination
369,97091.24,97091.24,0.0,88247.71,185338.95,0.0,0.0,0,1,0,1,Account Drain + Balance Mismatch
370,56517.37,56517.37,0.0,0.0,56517.37,0.0,0.0,0,1,0,1,Account Drain + Balance Mismatch
371,252417.45,252417.45,0.0,401309.51,653726.95,0.0,0.0100000000093132,0,1,0,1,Account Drain + Balance Mismatch
372,3019699.77,3019699.77,0.0,0.0,0.0,0.0,3019699.77,1,1,1,1,Account Drain + Zero Destination
373,396757.22,396757.22,0.0,167363.79,564121.01,0.0,0.0,0,1,0,1,Account Drain + Balance Mismatch
374,2044841.02,2044841.02,0.0,397169.1,2442010.12,0.0,0.0,0,1,0,1,Account Drain + Balance Mismatch
375,19776.71,19776.71,0.0,1138941.53,1158718.24,0.0,0.0,0,1,0,1,Account Drain + Balance Mismatch
376,628033.58,628033.58,0.0,0.0,0.0,0.0,628033.58,1,1,1,1,Account Drain + Zero Destination
377,2329379.8,2329379.8,0.0,53551.16,2382930.96,0.0,0.0,0,1,0,1,Account Drain + Balance Mismatch
378,945131.85,945131.85,0.0,0.0,0.0,0.0,945131.85,1,1,1,1,Account Drain + Zero Destination
379,773926.81,773926.81,0.0,1612283.59,2386210.4,0.0,4.656612873077393e-10,0,1,0,1,Account Drain + Balance Mismatch
380,135845.3,135845.3,0.0,0.0,0.0,0.0,135845.3,1,1,1,1,Account Drain + Zero Destination
381,623152.72,623152.72,0.0,0.0,0.0,0.0,623152.72,1,1,1,1,Account Drain + Zero Destination
382,234853.95,234853.95,0.0,23261.5,258115.45,0.0,0.0,0,1,0,1,Account Drain + Balance Mismatch
383,1005365.24,1005365.24,0.0,1698044.17,2703409.41,0.0,0.0,0,1,0,1,Account Drain + Balance Mismatch
384,1710180.37,1710180.37,0.0,0.0,0.0,0.0,1710180.37,1,1,1,1,Account Drain + Zero Destination
385,159724.42,159724.42,0.0,1148566.96,1308291.39,0.0,-0.0100000000093132,0,1,0,1,Account Drain + Balance Mismatch
386,6749.18,6749.18,0.0,136928.04,143677.22,0.0,0.0,0,1,0,1,Account Drain + Balance Mismatch
387,752639.78,752639.78,0.0,0.0,0.0,0.0,752639.78,1,1,1,1,Account Drain + Zero Destination
388,107363.54,107363.54,0.0,0.0,0.0,0.0,107363.54,1,1,1,1,Account Drain + Zero Destination
389,4892226.25,4892226.25,0.0,0.0,0.0,0.0,4892226.25,1,1,1,1,Account Drain + Zero Destination
390,2155569.91,2155569.91,0.0,0.0,0.0,0.0,2155569.91,1,1,1,1,Account Drain + Zero Destination
391,4553004.39,4553004.39,0.0,0.0,0.0,0.0,4553004.39,1,1,1,1,Account Drain + Zero Destination
392,1031608.37,1031608.37,0.0,0.0,1031608.37,0.0,0.0,0,1,0,1,Account Drain + Balance Mismatch
393,4953893.08,4953893.08,4953893.08,0.0,0.0,-4953893.08,4953893.08,1,0,1,1,Account Drain + Zero Destination
394,400276.72,400276.72,0.0,244756.45,645033.17,0.0,-1.1641532182693479e-10,0,1,0,1,Account Drain + Balance Mismatch
395,227934.06,0.0,0.0,0.0,227934.06,-227934.06,0.0,0,1,0,1,Account Drain + Balance Mismatch
396,4448598.93,4448598.93,0.0,0.0,0.0,0.0,4448598.93,1,1,1,1,Account Drain + Zero Destination
397,265961.0,265961.0,0.0,9354076.45,9620037.45,0.0,0.0,0,1,0,1,Account Drain + Balance Mismatch
398,253498.36,253498.36,0.0,0.0,0.0,0.0,253498.36,1,1,1,1,Account Drain + Zero Destination
399,682063.33,682063.33,0.0,1166990.34,1849053.68,0.0,-0.0100000000093132,0,1,0,1,Account Drain + Balance Mismatch
400,2763398.31,2763398.31,0.0,339515.35,3102913.66,0.0,0.0,0,1,0,1,Account Drain + Balance Mismatch
401,1994285.14,1994285.14,0.0,150793.71,2145078.85,0.0,0.0,0,1,0,1,Account Drain + Balance Mismatch
402,581889.94,581889.94,0.0,359585.03,941474.97,0.0,0.0,0,1,0,1,Account Drain + Balance Mismatch
403,1268931.21,1268931.21,0.0,0.0,0.0,0.0,1268931.21,1,1,1,1,Account Drain + Zero Destination
404,5469910.99,5469910.99,0.0,115992.44,5585903.43,0.0,9.313225746154783e-10,0,1,0,1,Account Drain + Balance Mismatch
405,10000000.0,18594065.09,8594065.09,0.0,0.0,0.0,10000000.0,1,0,1,1,Account Drain + Zero Destination
406,331729.06,331729.06,0.0,0.0,0.0,0.0,331729.06,1,1,1,1,Account Drain + Zero Destination
407,3062506.58,3062506.58,0.0,0.0,3062506.58,0.0,0.0,0,1,0,1,Account Drain + Balance Mismatch
408,235763.38,235763.38,0.0,0.0,0.0,0.0,235763.38,1,1,1,1,Account Drain + Zero Destination
409,322329.78,322329.78,0.0,0.0,0.0,0.0,322329.78,1,1,1,1,Account Drain + Zero Destination
410,1258818.82,1258818.82,0.0,503464.5,1762283.33,0.0,-0.0100000000093132,0,1,0,1,Account Drain + Balance Mismatch
411,1139983.15,1139983.15,0.0,164063.15,1304046.31,0.0,-0.0100000002421438,0,1,0,1,Account Drain + Balance Mismatch
412,74804.24,74804.24,0.0,0.0,0.0,0.0,74804.24,1,1,1,1,Account Drain + Zero Destination
413,4017972.88,4017972.88,0.0,0.0,0.0,0.0,4017972.88,1,1,1,1,Account Drain + Zero Destination
414,10276.87,10276.87,0.0,950042.35,960319.22,0.0,0.0,0,1,0,1,Account Drain + Balance Mismatch
415,283429.1,283429.1,0.0,1110.49,284539.58,0.0,0.0099999999511055,0,1,0,1,Account Drain + Balance Mismatch
416,300518.42,0.0,0.0,0.0,300518.42,-300518.42,0.0,0,1,0,1,Account Drain + Balance Mismatch
417,49076.27,49076.27,0.0,863127.8,912204.07,0.0,1.1641532182693479e-10,0,1,0,1,Account Drain + Balance Mismatch
418,2344540.14,2344540.14,0.0,0.0,0.0,0.0,2344540.14,1,1,1,1,Account Drain + Zero Destination
419,355909.21,355909.21,0.0,0.0,355909.21,0.0,0.0,0,1,0,1,Account Drain + Balance Mismatch
420,707870.44,707870.44,0.0,0.0,0.0,0.0,707870.44,1,1,1,1,Account Drain + Zero Destination
421,1688761.08,1688761.08,0.0,0.0,0.0,0.0,1688761.08,1,1,1,1,Account Drain + Zero Destination
422,2239461.29,2239461.29,0.0,121354.63,2360815.92,0.0,0.0,0,1,0,1,Account Drain + Balance Mismatch
423,2983996.6,2983996.6,0.0,0.0,2983996.6,0.0,0.0,0,1,0,1,Account Drain + Balance Mismatch
424,1819405.69,1819405.69,0.0,7549887.38,9369293.07,0.0,0.0,0,1,0,1,Account Drain + Balance Mismatch
425,149975.43,149975.43,0.0,298776.08,448751.51,0.0,0.0,0,1,0,1,Account Drain + Balance Mismatch
426,7009.93,7009.93,0.0,0.0,7009.93,0.0,0.0,0,1,0,1,Account Drain + Balance Mismatch
427,457359.64,457359.64,0.0,160042.8,617402.44,0.0,0.0,0,1,0,1,Account Drain + Balance Mismatch
428,639468.22,639468.22,0.0,185390.74,824858.96,0.0,0.0,0,1,0,1,Account Drain + Balance Mismatch
429,912117.82,912117.82,0.0,2960454.33,3872572.14,0.0,0.0099999997764825,0,1,0,1,Account Drain + Balance Mismatch
430,964544.37,964544.37,0.0,0.0,0.0,0.0,964544.37,1,1,1,1,Account Drain + Zero Destination
431,14385.54,14385.54,0.0,28309.09,42694.63,0.0,7.275957614183426e-12,0,1,0,1,Account Drain + Balance Mismatch
432,4574246.75,4574246.75,0.0,0.0,4574246.75,0.0,0.0,0,1,0,1,Account Drain + Balance Mismatch
433,27985.73,27985.73,0.0,0.0,0.0,0.0,27985.73,1,1,1,1,Account Drain + Zero Destination
434,102256.57,102256.57,0.0,0.0,0.0,0.0,102256.57,1,1,1,1,Account Drain + Zero Destination
435,5838803.23,5838803.23,0.0,471758.21,6310561.44,0.0,0.0,0,1,0,1,Account Drain + Balance Mismatch
436,939518.05,939518.05,0.0,0.0,0.0,0.0,939518.05,1,1,1,1,Account Drain + Zero Destination
437,2360965.74,2360965.74,0.0,0.0,0.0,0.0,2360965.74,1,1,1,1,Account Drain + Zero Destination
438,539658.73,539658.73,0.0,0.0,0.0,0.0,539658.73,1,1,1,1,Account Drain + Zero Destination
439,194876.96,194876.96,0.0,0.0,0.0,0.0,194876.96,1,1,1,1,Account Drain + Zero Destination
440,102229.91,102229.91,0.0,0.0,0.0,0.0,102229.91,1,1,1,1,Account Drain + Zero Destination
441,18035.14,18035.14,0.0,0.0,0.0,0.0,18035.14,1,1,1,1,Account Drain + Zero Destination
442,90204.54,90204.54,0.0,0.0,0.0,0.0,90204.54,1,1,1,1,Account Drain + Zero Destination
443,290885.29,0.0,0.0,0.0,290885.29,-290885.29,0.0,0,1,0,1,Account Drain + Balance Mismatch
444,1777674.32,1777674.32,0.0,1953534.39,3731208.71,0.0,0.0,0,1,0,1,Account Drain + Balance Mismatch
445,1027260.28,1027260.28,0.0,1398618.96,2425879.24,0.0,0.0,0,1,0,1,Account Drain + Balance Mismatch
446,1055.0,1055.0,0.0,0.0,0.0,0.0,1055.0,1,1,1,1,Account Drain + Zero Destination
447,152314.49,152314.49,0.0,144953.35,297267.84,0.0,-5.820766091346741e-11,0,1,0,1,Account Drain + Balance Mismatch
448,759257.55,759257.55,0.0,36297.01,795554.56,0.0,0.0,0,1,0,1,Account Drain + Balance Mismatch
449,7363709.23,7363709.23,0.0,0.0,7363709.23,0.0,0.0,0,1,0,1,Account Drain + Balance Mismatch
450,6646879.72,6646879.72,0.0,1290212.82,7937092.54,0.0,0.0,0,1,0,1,Account Drain + Balance Mismatch
451,122816.67,122816.67,0.0,807810.34,930627.01,0.0,0.0,0,1,0,1,Account Drain + Balance Mismatch
452,938288.58,938288.58,0.0,0.0,938288.58,0.0,0.0,0,1,0,1,Account Drain + Balance Mismatch
453,1445166.74,1445166.74,0.0,11066539.39,12511706.13,0.0,0.0,0,1,0,1,Account Drain + Balance Mismatch
454,342309.91,342309.91,0.0,0.0,342309.91,0.0,0.0,0,1,0,1,Account Drain + Balance Mismatch
455,140807.76,140807.76,0.0,0.0,0.0,0.0,140807.76,1,1,1,1,Account Drain + Zero Destination
456,219275.19,219275.19,0.0,0.0,0.0,0.0,219275.19,1,1,1,1,Account Drain + Zero Destination
457,18887.22,18887.22,0.0,0.0,0.0,0.0,18887.22,1,1,1,1,Account Drain + Zero Destination
458,3912252.81,3912252.81,0.0,0.0,3912252.81,0.0,0.0,0,1,0,1,Account Drain + Balance Mismatch
459,865948.49,865948.49,0.0,0.0,0.0,0.0,865948.49,1,1,1,1,Account Drain + Zero Destination
460,1090527.71,1090527.71,0.0,0.0,1090527.71,0.0,0.0,0,1,0,1,Account Drain + Balance Mismatch
461,99139.27,99139.27,0.0,0.0,0.0,0.0,99139.27,1,1,1,1,Account Drain + Zero Destination
462,501496.31,501496.31,0.0,0.0,0.0,0.0,501496.31,1,1,1,1,Account Drain + Zero Destination
463,7482670.24,7482670.24,0.0,2097169.4,9579839.64,0.0,0.0,0,1,0,1,Account Drain + Balance Mismatch
464,929787.24,929787.24,0.0,8148960.26,9078747.5,0.0,0.0,0,1,0,1,Account Drain + Balance Mismatch
465,364715.24,364715.24,0.0,547144.76,911860.0,0.0,0.0,0,1,0,1,Account Drain + Balance Mismatch
466,4993938.87,4993938.87,0.0,743498.25,5737437.12,0.0,0.0,0,1,0,1,Account Drain + Balance Mismatch
467,24424.67,24424.67,0.0,0.0,24424.67,0.0,0.0,0,1,0,1,Account Drain + Balance Mismatch
468,703882.14,703882.14,0.0,0.0,0.0,0.0,703882.14,1,1,1,1,Account Drain + Zero Destination
469,304472.46,304472.46,0.0,0.0,0.0,0.0,304472.46,1,1,1,1,Account Drain + Zero Destination
470,143500.62,143500.62,0.0,0.0,143500.62,0.0,0.0,0,1,0,1,Account Drain + Balance Mismatch
471,1532281.61,1532281.61,0.0,0.0,1532281.61,0.0,0.0,0,1,0,1,Account Drain + Balance Mismatch
472,634911.47,634911.47,0.0,0.0,0.0,0.0,634911.47,1,1,1,1,Account Drain + Zero Destination
473,344886.44,344886.44,0.0,0.0,0.0,0.0,344886.44,1,1,1,1,Account Drain + Zero Destination
474,1016081.0,1016081.0,0.0,0.0,1016081.0,0.0,0.0,0,1,0,1,Account Drain + Balance Mismatch
475,2747.85,2747.85,0.0,0.0,0.0,0.0,2747.85,1,1,1,1,Account Drain + Zero Destination
476,330218.85,330218.85,0.0,3257136.04,3587354.89,0.0,0.0,0,1,0,1,Account Drain + Balance Mismatch
477,353783.79,0.0,0.0,0.0,353783.79,-353783.79,0.0,0,1,0,1,Account Drain + Balance Mismatch
478,201247.25,201247.25,0.0,0.0,0.0,0.0,201247.25,1,1,1,1,Account Drain + Zero Destination
479,387123.3,0.0,0.0,0.0,387123.3,-387123.3,0.0,0,1,0,1,Account Drain + Balance Mismatch
480,55247.48,55247.48,0.0,11215285.22,11270532.7,0.0,1.862645149230957e-09,0,1,0,1,Account Drain + Balance Mismatch
481,4243468.19,4243468.19,0.0,0.0,0.0,0.0,4243468.19,1,1,1,1,Account Drain + Zero Destination
482,155854.37,155854.37,0.0,0.0,0.0,0.0,155854.37,1,1,1,1,Account Drain + Zero Destination
483,739584.33,739584.33,0.0,0.0,0.0,0.0,739584.33,1,1,1,1,Account Drain + Zero Destination
484,173782.59,173782.59,0.0,3272453.63,3446236.22,0.0,-4.656612873077393e-10,0,1,0,1,Account Drain + Balance Mismatch
485,204721.27,204721.27,0.0,0.0,204721.27,0.0,0.0,0,1,0,1,Account Drain + Balance Mismatch
486,496128.26,496128.26,0.0,0.0,0.0,0.0,496128.26,1,1,1,1,Account Drain + Zero Destination
487,1464160.5,1464160.5,0.0,462739.95,1926900.44,0.0,0.0100000000093132,0,1,0,1,Account Drain + Balance Mismatch
488,1276300.86,1276300.86,0.0,0.0,1276300.86,0.0,0.0,0,1,0,1,Account Drain + Balance Mismatch
489,31574.65,31574.65,0.0,0.0,0.0,0.0,31574.65,1,1,1,1,Account Drain + Zero Destination
490,768520.15,768520.15,0.0,0.0,0.0,0.0,768520.15,1,1,1,1,Account Drain + Zero Destination
491,1191399.72,1191399.72,0.0,2447080.16,3638479.89,0.0,-0.0100000002421438,0,1,0,1,Account Drain + Balance Mismatch
492,710385.55,710385.55,0.0,664259.42,1374644.97,0.0,2.3283064365386963e-10,0,1,0,1,Account Drain + Balance Mismatch
493,456360.87,456360.87,0.0,0.0,0.0,0.0,456360.87,1,1,1,1,Account Drain + Zero Destination
494,85303.24,85303.24,0.0,0.0,0.0,0.0,85303.24,1,1,1,1,Account Drain + Zero Destination
495,20842.92,20842.92,0.0,0.0,0.0,0.0,20842.92,1,1,1,1,Account Drain + Zero Destination
496,983417.49,983417.49,0.0,0.0,983417.49,0.0,0.0,0,1,0,1,Account Drain + Balance Mismatch
497,338364.14,338364.14,0.0,724300.82,1062664.96,0.0,0.0,0,1,0,1,Account Drain + Balance Mismatch
498,2241630.36,2241630.36,0.0,0.0,0.0,0.0,2241630.36,1,1,1,1,Account Drain + Zero Destination
499,2709729.22,2709729.22,0.0,411422.93,3121152.15,0.0,4.656612873077393e-10,0,1,0,1,Account Drain + Balance Mismatch
500,321465.0,321465.0,0.0,0.0,0.0,0.0,321465.0,1,1,1,1,Account Drain + Zero Destination
501,2763025.35,2763025.35,0.0,0.0,0.0,0.0,2763025.35,1,1,1,1,Account Drain + Zero Destination
502,5618179.9,5618179.9,0.0,0.0,5618179.9,0.0,0.0,0,1,0,1,Account Drain + Balance Mismatch
503,1954854.24,1954854.24,0.0,467323.58,2422177.82,0.0,0.0,0,1,0,1,Account Drain + Balance Mismatch
504,766151.45,766151.45,0.0,0.0,766151.45,0.0,0.0,0,1,0,1,Account Drain + Balance Mismatch
505,5087422.03,5087422.03,0.0,16628.06,5104050.09,0.0,0.0,0,1,0,1,Account Drain + Balance Mismatch
506,1282731.68,1282731.68,0.0,0.0,0.0,0.0,1282731.68,1,1,1,1,Account Drain + Zero Destination
507,1627389.26,1627389.26,0.0,327368.64,2039219.38,0.0,-84461.47999999998,0,1,0,1,Account Drain + Balance Mismatch
508,422261.63,422261.63,0.0,872573.61,1294835.24,0.0,0.0,0,1,0,1,Account Drain + Balance Mismatch
509,14206.82,14206.82,0.0,0.0,0.0,0.0,14206.82,1,1,1,1,Account Drain + Zero Destination
510,5039827.29,5039827.29,0.0,13002.46,5052829.75,0.0,0.0,0,1,0,1,Account Drain + Balance Mismatch
511,138993.63,138993.63,0.0,0.0,138993.63,0.0,0.0,0,1,0,1,Account Drain + Balance Mismatch
512,1240717.75,1240717.75,0.0,0.0,0.0,0.0,1240717.75,1,1,1,1,Account Drain + Zero Destination
513,2031464.82,2031464.82,0.0,1475675.96,3507140.78,0.0,4.656612873077393e-10,0,1,0,1,Account Drain + Balance Mismatch
514,10000000.0,10000000.0,0.0,0.0,10000000.0,0.0,0.0,0,1,0,1,Account Drain + Balance Mismatch
515,5245375.3,5245375.3,0.0,0.0,5245375.3,0.0,0.0,0,1,0,1,Account Drain + Balance Mismatch
516,23912.2,23912.2,0.0,0.0,0.0,0.0,23912.2,1,1,1,1,Account Drain + Zero Destination
517,10000000.0,27670038.08,17670038.08,0.0,0.0,0.0,10000000.0,1,0,1,1,Account Drain + Zero Destination
518,2479940.21,2479940.21,0.0,0.0,2479940.21,0.0,0.0,0,1,0,1,Account Drain + Balance Mismatch
519,196561.69,196561.69,0.0,4186.45,200748.14,0.0,0.0,0,1,0,1,Account Drain + Balance Mismatch
520,3572736.74,3572736.74,0.0,0.0,0.0,0.0,3572736.74,1,1,1,1,Account Drain + Zero Destination
521,17484.29,17484.29,0.0,0.0,0.0,0.0,17484.29,1,1,1,1,Account Drain + Zero Destination
522,1674146.06,1674146.06,0.0,0.0,0.0,0.0,1674146.06,1,1,1,1,Account Drain + Zero Destination
523,128572.96,128572.96,0.0,0.0,0.0,0.0,128572.96,1,1,1,1,Account Drain + Zero Destination
524,902483.91,902483.91,0.0,0.0,0.0,0.0,902483.91,1,1,1,1,Account Drain + Zero Destination
525,2050727.81,2050727.81,0.0,0.0,0.0,0.0,2050727.81,1,1,1,1,Account Drain + Zero Destination
526,443682.96,443682.96,0.0,587076.1,1030759.06,0.0,0.0,0,1,0,1,Account Drain + Balance Mismatch
527,76200.04,76200.04,0.0,0.0,0.0,0.0,76200.04,1,1,1,1,Account Drain + Zero Destination
528,10000000.0,11812161.42,1812161.42,0.0,0.0,0.0,10000000.0,1,0,1,1,Account Drain + Zero Destination
529,225991.4,0.0,0.0,72.0,226063.4,-225991.4,0.0,0,1,0,1,Account Drain + Balance Mismatch
530,10000000.0,23924102.18,13924102.18,0.0,0.0,0.0,10000000.0,1,0,1,1,Account Drain + Zero Destination
531,1301090.39,1301090.39,0.0,3049015.55,4350105.94,0.0,-9.313225746154783e-10,0,1,0,1,Account Drain + Balance Mismatch
532,10000000.0,23441041.46,13441041.46,0.0,0.0,0.0,10000000.0,1,0,1,1,Account Drain + Zero Destination
533,2693520.61,2693520.61,0.0,2505748.79,5199269.41,0.0,-0.0099999997764825,0,1,0,1,Account Drain + Balance Mismatch
534,1106295.77,1106295.77,0.0,0.0,0.0,0.0,1106295.77,1,1,1,1,Account Drain + Zero Destination
535,799797.88,799797.88,0.0,4381942.46,5181740.34,0.0,0.0,0,1,0,1,Account Drain + Balance Mismatch
536,210525.95,210525.95,0.0,0.0,0.0,0.0,210525.95,1,1,1,1,Account Drain + Zero Destination
537,155002.83,155002.83,0.0,0.0,0.0,0.0,155002.83,1,1,1,1,Account Drain + Zero Destination
538,20364.0,20364.0,0.0,0.0,0.0,0.0,20364.0,1,1,1,1,Account Drain + Zero Destination
539,214760.72,214760.72,0.0,151605.62,366366.35,0.0,-0.0100000000093132,0,1,0,1,Account Drain + Balance Mismatch
540,927620.44,927620.44,0.0,0.0,927620.44,0.0,0.0,0,1,0,1,Account Drain + Balance Mismatch
541,254947.37,254947.37,0.0,0.0,254947.37,0.0,0.0,0,1,0,1,Account Drain + Balance Mismatch
542,2908264.69,2908264.69,0.0,2786059.72,5694324.4,0.0,0.0099999997764825,0,1,0,1,Account Drain + Balance Mismatch
543,37100.29,37100.29,0.0,433212.41,470312.7,0.0,-5.820766091346741e-11,0,1,0,1,Account Drain + Balance Mismatch
544,158214.43,158214.43,0.0,1341496.75,1499711.18,0.0,0.0,0,1,0,1,Account Drain + Balance Mismatch
545,285382.07,285382.07,0.0,0.0,285382.07,0.0,0.0,0,1,0,1,Account Drain + Balance Mismatch
546,116977.16,116977.16,0.0,0.0,0.0,0.0,116977.16,1,1,1,1,Account Drain + Zero Destination
547,10000000.0,25614246.07,15614246.07,0.0,0.0,0.0,10000000.0,1,0,1,1,Account Drain + Zero Destination
548,522465.43,522465.43,0.0,0.0,0.0,0.0,522465.43,1,1,1,1,Account Drain + Zero Destination
549,2305939.38,2305939.38,0.0,0.0,0.0,0.0,2305939.38,1,1,1,1,Account Drain + Zero Destination
550,35016.23,35016.23,0.0,65435.34,100451.57,0.0,0.0,0,1,0,1,Account Drain + Balance Mismatch
551,815297.9,815297.9,0.0,0.0,0.0,0.0,815297.9,1,1,1,1,Account Drain + Zero Destination
552,122090.79,122090.79,0.0,0.0,0.0,0.0,122090.79,1,1,1,1,Account Drain + Zero Destination
553,701168.78,701168.78,0.0,0.0,0.0,0.0,701168.78,1,1,1,1,Account Drain + Zero Destination
554,31374.02,31374.02,0.0,0.0,0.0,0.0,31374.02,1,1,1,1,Account Drain + Zero Destination
555,461509.86,461509.86,0.0,302583.81,764093.67,0.0,-1.1641532182693479e-10,0,1,0,1,Account Drain + Balance Mismatch
556,1946687.34,1946687.34,0.0,0.0,1946687.34,0.0,0.0,0,1,0,1,Account Drain + Balance Mismatch
557,881187.51,881187.51,0.0,35321.01,916508.52,0.0,0.0,0,1,0,1,Account Drain + Balance Mismatch
558,2949339.09,2949339.09,0.0,167663.32,3117002.41,0.0,-4.656612873077393e-10,0,1,0,1,Account Drain + Balance Mismatch
559,338229.88,338229.88,0.0,0.0,0.0,0.0,338229.88,1,1,1,1,Account Drain + Zero Destination
560,3653274.35,3653274.35,0.0,0.0,0.0,0.0,3653274.35,1,1,1,1,Account Drain + Zero Destination
561,5469910.99,5469910.99,0.0,0.0,0.0,0.0,5469910.99,1,1,1,1,Account Drain + Zero Destination
562,319034.25,0.0,0.0,0.0,319034.25,-319034.25,0.0,0,1,0,1,Account Drain + Balance Mismatch
563,2701644.17,2701644.17,0.0,0.0,0.0,0.0,2701644.17,1,1,1,1,Account Drain + Zero Destination
564,978362.97,978362.97,0.0,0.0,0.0,0.0,978362.97,1,1,1,1,Account Drain + Zero Destination
565,362631.05,362631.05,0.0,0.0,0.0,0.0,362631.05,1,1,1,1,Account Drain + Zero Destination
566,797235.09,797235.09,0.0,0.0,0.0,0.0,797235.09,1,1,1,1,Account Drain + Zero Destination
567,696575.46,696575.46,0.0,0.0,0.0,0.0,696575.46,1,1,1,1,Account Drain + Zero Destination
568,5349.74,5349.74,0.0,0.0,0.0,0.0,5349.74,1,1,1,1,Account Drain + Zero Destination
569,353785.26,353785.26,0.0,0.0,0.0,0.0,353785.26,1,1,1,1,Account Drain + Zero Destination
570,1388774.78,1388774.78,0.0,0.0,0.0,0.0,1388774.78,1,1,1,1,Account Drain + Zero Destination
571,4257337.62,4257337.62,0.0,0.0,0.0,0.0,4257337.62,1,1,1,1,Account Drain + Zero Destination
572,966389.93,966389.93,0.0,0.0,0.0,0.0,966389.93,1,1,1,1,Account Drain + Zero Destination
573,3116833.75,3116833.75,0.0,456298.06,3573131.82,0.0,-0.0099999997764825,0,1,0,1,Account Drain + Balance Mismatch
574,401529.35,401529.35,0.0,4162.42,405691.77,0.0,-5.820766091346741e-11,0,1,0,1,Account Drain + Balance Mismatch
575,167743.93,167743.93,0.0,0.0,0.0,0.0,167743.93,1,1,1,1,Account Drain + Zero Destination
576,1548376.44,1548376.44,0.0,0.0,0.0,0.0,1548376.44,1,1,1,1,Account Drain + Zero Destination
577,636.0,636.0,0.0,0.0,0.0,0.0,636.0,1,1,1,1,Account Drain + Zero Destination
578,2540410.33,2540410.33,0.0,0.0,0.0,0.0,2540410.33,1,1,1,1,Account Drain + Zero Destination
579,265680.73,265680.73,0.0,0.0,0.0,0.0,265680.73,1,1,1,1,Account Drain + Zero Destination
580,222213.27,222213.27,0.0,93400.12,315613.39,0.0,0.0,0,1,0,1,Account Drain + Balance Mismatch
581,40458.0,40458.0,0.0,561393.36,331179.02,0.0,270672.34,0,1,0,1,Account Drain + Balance Mismatch
582,24853.41,24853.41,0.0,11435.22,36288.63,0.0,0.0,0,1,0,1,Account Drain + Balance Mismatch
583,371771.44,371771.44,0.0,4665671.71,5037443.15,0.0,0.0,0,1,0,1,Account Drain + Balance Mismatch
584,1431634.93,1431634.93,0.0,0.0,1431634.93,0.0,0.0,0,1,0,1,Account Drain + Balance Mismatch
585,495773.64,495773.64,0.0,269095.07,764868.71,0.0,0.0,0,1,0,1,Account Drain + Balance Mismatch
586,2085019.56,2085019.56,0.0,152830.87,2237850.44,0.0,-0.0099999997764825,0,1,0,1,Account Drain + Balance Mismatch
587,1195842.37,1195842.37,0.0,0.0,1195842.37,0.0,0.0,0,1,0,1,Account Drain + Balance Mismatch
588,81216.23,81216.23,0.0,917796.81,999013.04,0.0,0.0,0,1,0,1,Account Drain + Balance Mismatch
589,3354200.39,3354200.39,0.0,0.0,0.0,0.0,3354200.39,1,1,1,1,Account Drain + Zero Destination
590,455014.69,455014.69,0.0,700724.17,1155738.85,0.0,0.0100000000093132,0,1,0,1,Account Drain + Balance Mismatch
591,4241.44,4241.44,0.0,0.0,0.0,0.0,4241.44,1,1,1,1,Account Drain + Zero Destination
592,2184556.65,2184556.65,0.0,734500.25,2919056.89,0.0,0.0099999997764825,0,1,0,1,Account Drain + Balance Mismatch
593,4530.71,4530.71,0.0,0.0,0.0,0.0,4530.71,1,1,1,1,Account Drain + Zero Destination
594,1059347.56,1059347.56,0.0,234543.3,1293890.85,0.0,0.0100000000093132,0,1,0,1,Account Drain + Balance Mismatch
595,1844357.26,1844357.26,0.0,0.0,0.0,0.0,1844357.26,1,1,1,1,Account Drain + Zero Destination
596,4589441.44,4589441.44,0.0,0.0,0.0,0.0,4589441.44,1,1,1,1,Account Drain + Zero Destination
597,407320.01,407320.01,0.0,0.0,407320.01,0.0,0.0,0,1,0,1,Account Drain + Balance Mismatch
598,1232239.39,1232239.39,0.0,30479.19,1262718.58,0.0,-2.3283064365386963e-10,0,1,0,1,Account Drain + Balance Mismatch
599,202952.03,202952.03,0.0,0.0,0.0,0.0,202952.03,1,1,1,1,Account Drain + Zero Destination
600,506867.52,506867.52,0.0,0.0,458682.99,0.0,48184.53000000003,0,1,0,1,Account Drain + Balance Mismatch
601,158299.34,158299.34,0.0,36152.54,271369.74,0.0,-76917.85999999999,0,1,0,1,Account Drain + Balance Mismatch
602,268366.47,268366.47,0.0,0.0,0.0,0.0,268366.47,1,1,1,1,Account Drain + Zero Destination
603,19692.68,19692.68,0.0,0.0,19692.68,0.0,0.0,0,1,0,1,Account Drain + Balance Mismatch
604,2674794.22,2674794.22,0.0,0.0,0.0,0.0,2674794.22,1,1,1,1,Account Drain + Zero Destination
605,21741.36,21741.36,0.0,0.0,0.0,0.0,21741.36,1,1,1,1,Account Drain + Zero Destination
606,298384.21,298384.21,0.0,77405.99,375790.2,0.0,0.0,0,1,0,1,Account Drain + Balance Mismatch
607,26776.98,26776.98,0.0,0.0,0.0,0.0,26776.98,1,1,1,1,Account Drain + Zero Destination
608,1649039.58,1649039.58,0.0,1970152.93,3619192.51,0.0,0.0,0,1,0,1,Account Drain + Balance Mismatch
609,1116508.49,1116508.49,0.0,4052464.84,5168973.32,0.0,0.0099999997764825,0,1,0,1,Account Drain + Balance Mismatch
610,2728625.68,2728625.68,0.0,0.0,0.0,0.0,2728625.68,1,1,1,1,Account Drain + Zero Destination
611,160186.79,160186.79,0.0,0.0,0.0,0.0,160186.79,1,1,1,1,Account Drain + Zero Destination
612,4716.08,4716.08,0.0,551191.68,555907.76,0.0,0.0,0,1,0,1,Account Drain + Balance Mismatch
613,19226.25,19226.25,0.0,0.0,19226.25,0.0,0.0,0,1,0,1,Account Drain + Balance Mismatch
614,1486052.97,1486052.97,0.0,775543.29,2261596.26,0.0,0.0,0,1,0,1,Account Drain + Balance Mismatch
615,224570.45,224570.45,0.0,7449938.25,7674508.7,0.0,0.0,0,1,0,1,Account Drain + Balance Mismatch
616,461369.99,461369.99,0.0,2572575.13,3033945.11,0.0,0.0100000002421438,0,1,0,1,Account Drain + Balance Mismatch
617,571163.03,571163.03,0.0,45861.48,617024.51,0.0,0.0,0,1,0,1,Account Drain + Balance Mismatch
618,451663.55,451663.55,0.0,95658.45,547322.01,0.0,-0.0100000000093132,0,1,0,1,Account Drain + Balance Mismatch
619,879321.88,879321.88,0.0,0.0,879321.88,0.0,0.0,0,1,0,1,Account Drain + Balance Mismatch
620,1684039.12,1684039.12,0.0,32961658.25,34645697.37,0.0,0.0,0,1,0,1,Account Drain + Balance Mismatch
621,2149976.69,2149976.69,0.0,0.0,0.0,0.0,2149976.69,1,1,1,1,Account Drain + Zero Destination
622,17428.0,17428.0,0.0,93625.57,285154.96,0.0,-174101.39,0,1,0,1,Account Drain + Balance Mismatch
623,540154.62,540154.62,0.0,0.0,0.0,0.0,540154.62,1,1,1,1,Account Drain + Zero Destination
624,394388.09,394388.09,0.0,1260564.49,1654952.58,0.0,0.0,0,1,0,1,Account Drain + Balance Mismatch
625,226402.77,226402.77,0.0,0.0,0.0,0.0,226402.77,1,1,1,1,Account Drain + Zero Destination
626,74804.24,74804.24,0.0,0.0,74804.24,0.0,0.0,0,1,0,1,Account Drain + Balance Mismatch
627,103056.0,103056.0,0.0,0.0,0.0,0.0,103056.0,1,1,1,1,Account Drain + Zero Destination
628,1162155.11,1162155.11,0.0,2402312.87,3564467.98,0.0,4.656612873077393e-10,0,1,0,1,Account Drain + Balance Mismatch
629,491517.77,491517.77,0.0,518777.34,1010295.11,0.0,1.1641532182693479e-10,0,1,0,1,Account Drain + Balance Mismatch
630,62091.44,62091.44,0.0,6296058.91,6358150.35,0.0,9.313225746154783e-10,0,1,0,1,Account Drain + Balance Mismatch
631,219275.19,219275.19,0.0,743229.99,962505.19,0.0,-0.0100000000093132,0,1,0,1,Account Drain + Balance Mismatch
632,143592.89,143592.89,0.0,0.0,143592.89,0.0,0.0,0,1,0,1,Account Drain + Balance Mismatch
633,154052.34,154052.34,0.0,182065.24,336117.58,0.0,-5.820766091346741e-11,0,1,0,1,Account Drain + Balance Mismatch
634,520500.14,520500.14,0.0,0.0,0.0,0.0,520500.14,1,1,1,1,Account Drain + Zero Destination
635,344886.44,344886.44,0.0,99583.8,444470.25,0.0,-0.0100000000093132,0,1,0,1,Account Drain + Balance Mismatch
636,1980800.05,1980800.05,0.0,0.0,0.0,0.0,1980800.05,1,1,1,1,Account Drain + Zero Destination
637,128440.4,128440.4,0.0,1424377.87,1552818.27,0.0,0.0,0,1,0,1,Account Drain + Balance Mismatch
638,1486052.97,1486052.97,0.0,0.0,0.0,0.0,1486052.97,1,1,1,1,Account Drain + Zero Destination
639,219278.81,219278.81,0.0,22127.85,241406.66,0.0,0.0,0,1,0,1,Account Drain + Balance Mismatch
640,4339822.23,4339822.23,0.0,0.0,4339822.23,0.0,0.0,0,1,0,1,Account Drain + Balance Mismatch
641,3285475.4,3285475.4,0.0,746119.83,4031595.23,0.0,0.0,0,1,0,1,Account Drain + Balance Mismatch
642,1159831.33,1159831.33,0.0,0.0,0.0,0.0,1159831.33,1,1,1,1,Account Drain + Zero Destination
643,59829.03,59829.03,0.0,0.0,59829.03,0.0,0.0,0,1,0,1,Account Drain + Balance Mismatch
644,597411.76,597411.76,0.0,0.0,0.0,0.0,597411.76,1,1,1,1,Account Drain + Zero Destination
645,142791.28,142791.28,0.0,724053.13,866844.41,0.0,0.0,0,1,0,1,Account Drain + Balance Mismatch
646,130987.75,130987.75,0.0,0.0,0.0,0.0,130987.75,1,1,1,1,Account Drain + Zero Destination
647,171880.67,171880.67,0.0,2893198.81,3086348.25,0.0,-21268.77000000002,0,1,0,1,Account Drain + Balance Mismatch
648,188473.09,188473.09,0.0,209686.58,398159.67,0.0,0.0,0,1,0,1,Account Drain + Balance Mismatch
649,165547.54,165547.54,0.0,0.0,0.0,0.0,165547.54,1,1,1,1,Account Drain + Zero Destination
650,934590.45,934590.45,0.0,0.0,0.0,0.0,934590.45,1,1,1,1,Account Drain + Zero Destination
651,320977.49,320977.49,0.0,0.0,0.0,0.0,320977.49,1,1,1,1,Account Drain + Zero Destination
652,1201681.76,1201681.76,0.0,1069475.01,2271156.77,0.0,0.0,0,1,0,1,Account Drain + Balance Mismatch
653,59996.12,59996.12,0.0,0.0,59996.12,0.0,0.0,0,1,0,1,Account Drain + Balance Mismatch
654,75113.49,75113.49,0.0,2401380.3,2476493.79,0.0,0.0,0,1,0,1,Account Drain + Balance Mismatch
655,142715.07,142715.07,0.0,1012855.59,1155570.66,0.0,0.0,0,1,0,1,Account Drain + Balance Mismatch
656,74447.11,74447.11,0.0,0.0,0.0,0.0,74447.11,1,1,1,1,Account Drain + Zero Destination
657,148714.54,148714.54,0.0,0.0,0.0,0.0,148714.54,1,1,1,1,Account Drain + Zero Destination
658,1262207.3,1262207.3,0.0,6623072.35,7885279.65,0.0,-9.313225746154783e-10,0,1,0,1,Account Drain + Balance Mismatch
659,8589704.49,8589704.49,0.0,0.0,0.0,0.0,8589704.49,1,1,1,1,Account Drain + Zero Destination
660,3011102.29,3011102.29,0.0,0.0,0.0,0.0,3011102.29,1,1,1,1,Account Drain + Zero Destination
661,143175.23,143175.23,0.0,695647.18,838822.41,0.0,0.0,0,1,0,1,Account Drain + Balance Mismatch
662,3080973.39,3080973.39,0.0,0.0,0.0,0.0,3080973.39,1,1,1,1,Account Drain + Zero Destination
663,623152.72,623152.72,0.0,847223.26,1470375.97,0.0,0.0100000000093132,0,1,0,1,Account Drain + Balance Mismatch
664,1264551.38,1264551.38,0.0,0.0,0.0,0.0,1264551.38,1,1,1,1,Account Drain + Zero Destination
665,259820.39,259820.39,0.0,32888.78,292709.17,0.0,5.820766091346741e-11,0,1,0,1,Account Drain + Balance Mismatch
666,850530.59,850530.59,0.0,0.0,0.0,0.0,850530.59,1,1,1,1,Account Drain + Zero Destination
667,1167816.02,1167816.02,0.0,0.0,0.0,0.0,1167816.02,1,1,1,1,Account Drain + Zero Destination
668,1171751.17,1171751.17,0.0,0.0,0.0,0.0,1171751.17,1,1,1,1,Account Drain + Zero Destination
669,2740879.15,2740879.15,0.0,1137372.51,3878251.66,0.0,0.0,0,1,0,1,Account Drain + Balance Mismatch
670,414973.48,414973.48,0.0,0.0,0.0,0.0,414973.48,1,1,1,1,Account Drain + Zero Destination
671,1170213.18,1170213.18,0.0,0.0,0.0,0.0,1170213.18,1,1,1,1,Account Drain + Zero Destination
672,917014.64,917014.64,0.0,0.0,0.0,0.0,917014.64,1,1,1,1,Account Drain + Zero Destination
673,2308798.26,2308798.26,0.0,771002.6,3079800.87,0.0,-0.0100000002421438,0,1,0,1,Account Drain + Balance Mismatch
674,561149.9,561149.9,0.0,0.0,0.0,0.0,561149.9,1,1,1,1,Account Drain + Zero Destination
675,32733.43,32733.43,0.0,0.0,32733.43,0.0,0.0,0,1,0,1,Account Drain + Balance Mismatch
676,247877.03,247877.03,0.0,283820.59,531697.62,0.0,0.0,0,1,0,1,Account Drain + Balance Mismatch
677,6545346.16,6545346.16,0.0,272331.73,6817677.89,0.0,9.313225746154783e-10,0,1,0,1,Account Drain + Balance Mismatch
678,10000000.0,10185510.21,185510.21,0.0,0.0,9.022187441587447e-10,10000000.0,1,0,1,1,Account Drain + Zero Destination
679,210.92,210.92,0.0,0.0,0.0,0.0,210.92,1,1,1,1,Account Drain + Zero Destination
680,160296.55,160296.55,0.0,0.0,0.0,0.0,160296.55,1,1,1,1,Account Drain + Zero Destination
681,6339.42,6339.42,0.0,0.0,0.0,0.0,6339.42,1,1,1,1,Account Drain + Zero Destination
682,1028326.5,1028326.5,0.0,0.0,0.0,0.0,1028326.5,1,1,1,1,Account Drain + Zero Destination
683,3354200.39,3354200.39,0.0,0.0,3491865.72,0.0,-137665.33000000007,0,1,0,1,Account Drain + Balance Mismatch
684,87438.83,87438.83,0.0,69617.57,157056.4,0.0,2.9103830456733704e-11,0,1,0,1,Account Drain + Balance Mismatch
685,70696.74,70696.74,0.0,0.0,0.0,0.0,70696.74,1,1,1,1,Account Drain + Zero Destination
686,940957.88,940957.88,0.0,0.0,0.0,0.0,940957.88,1,1,1,1,Account Drain + Zero Destination
687,335071.5,335071.5,0.0,0.0,0.0,0.0,335071.5,1,1,1,1,Account Drain + Zero Destination
688,34498.05,34498.05,0.0,0.0,34498.05,0.0,0.0,0,1,0,1,Account Drain + Balance Mismatch
689,95348.33,95348.33,0.0,616913.51,712261.84,0.0,0.0,0,1,0,1,Account Drain + Balance Mismatch
690,204721.27,204721.27,0.0,0.0,0.0,0.0,204721.27,1,1,1,1,Account Drain + Zero Destination
691,227154.77,0.0,0.0,0.0,227154.77,-227154.77,0.0,0,1,0,1,Account Drain + Balance Mismatch
692,48340.79,48340.79,0.0,3532298.75,3580639.54,0.0,0.0,0,1,0,1,Account Drain + Balance Mismatch
693,171788.82,171788.82,0.0,0.0,0.0,0.0,171788.82,1,1,1,1,Account Drain + Zero Destination
694,1232239.39,1232239.39,0.0,0.0,0.0,0.0,1232239.39,1,1,1,1,Account Drain + Zero Destination
695,95348.33,95348.33,0.0,0.0,0.0,0.0,95348.33,1,1,1,1,Account Drain + Zero Destination
696,282018.0,282018.0,0.0,2255136.89,2537154.89,0.0,0.0,0,1,0,1,Account Drain + Balance Mismatch
697,8931550.69,8931550.69,0.0,0.0,0.0,0.0,8931550.69,1,1,1,1,Account Drain + Zero Destination
698,217255.97,217255.97,0.0,2115234.86,2332490.82,0.0,0.0100000002421438,0,1,0,1,Account Drain + Balance Mismatch
699,1205760.86,1205760.86,0.0,0.0,0.0,0.0,1205760.86,1,1,1,1,Account Drain + Zero Destination
700,176007.37,176007.37,0.0,0.0,176007.37,0.0,0.0,0,1,0,1,Account Drain + Balance Mismatch
701,20842.92,20842.92,0.0,118111.75,138954.67,0.0,-2.9103830456733704e-11,0,1,0,1,Account Drain + Balance Mismatch
702,34162.97,34162.97,0.0,0.0,0.0,0.0,34162.97,1,1,1,1,Account Drain + Zero Destination
703,4961093.21,4961093.21,0.0,0.0,0.0,0.0,4961093.21,1,1,1,1,Account Drain + Zero Destination
704,1465173.76,1465173.76,0.0,0.0,0.0,0.0,1465173.76,1,1,1,1,Account Drain + Zero Destination
705,62134.33,62134.33,0.0,509204.33,571338.66,0.0,0.0,0,1,0,1,Account Drain + Balance Mismatch
706,10000000.0,10000000.0,0.0,131207.41,10131207.41,0.0,0.0,0,1,0,1,Account Drain + Balance Mismatch
707,4631432.03,4631432.03,0.0,0.0,0.0,0.0,4631432.03,1,1,1,1,Account Drain + Zero Destination
708,10000000.0,10000000.0,0.0,158643.25,10158643.25,0.0,0.0,0,1,0,1,Account Drain + Balance Mismatch
709,614145.31,614145.31,0.0,0.0,614145.31,0.0,0.0,0,1,0,1,Account Drain + Balance Mismatch
710,10000000.0,10000000.0,0.0,0.0,10000000.0,0.0,0.0,0,1,0,1,Account Drain + Balance Mismatch
711,1442075.9,1442075.9,0.0,0.0,0.0,0.0,1442075.9,1,1,1,1,Account Drain + Zero Destination
712,48078.85,48078.85,0.0,288760.9,336839.74,0.0,0.0100000000093132,0,1,0,1,Account Drain + Balance Mismatch
713,252189.32,252189.32,0.0,310145.69,562335.01,0.0,0.0,0,1,0,1,Account Drain + Balance Mismatch
714,990857.53,990857.53,0.0,0.0,0.0,0.0,990857.53,1,1,1,1,Account Drain + Zero Destination
715,113309.55,113309.55,0.0,0.0,113309.55,0.0,0.0,0,1,0,1,Account Drain + Balance Mismatch
716,2624422.62,2624422.62,0.0,0.0,0.0,0.0,2624422.62,1,1,1,1,Account Drain + Zero Destination
717,102660.35,102660.35,0.0,0.0,102660.35,0.0,0.0,0,1,0,1,Account Drain + Balance Mismatch
718,60633.76,60633.76,0.0,164662.14,225295.9,0.0,2.9103830456733704e-11,0,1,0,1,Account Drain + Balance Mismatch
719,66066.73,66066.73,0.0,0.0,66066.73,0.0,0.0,0,1,0,1,Account Drain + Balance Mismatch
720,960196.16,960196.16,0.0,0.0,0.0,0.0,960196.16,1,1,1,1,Account Drain + Zero Destination
721,67692.41,67692.41,0.0,25595.6,93288.0,0.0,0.0100000000093132,0,1,0,1,Account Drain + Balance Mismatch
722,9301213.46,9301213.46,0.0,0.0,0.0,0.0,9301213.46,1,1,1,1,Account Drain + Zero Destination
723,107188.41,107188.41,0.0,696135.43,803323.83,0.0,0.0100000001257285,0,1,0,1,Account Drain + Balance Mismatch
724,10119.47,10119.47,0.0,0.0,0.0,0.0,10119.47,1,1,1,1,Account Drain + Zero Destination
725,711932.67,711932.67,0.0,20563.09,732495.77,0.0,-0.0100000000093132,0,1,0,1,Account Drain + Balance Mismatch
726,146729.67,146729.67,0.0,0.0,0.0,0.0,146729.67,1,1,1,1,Account Drain + Zero Destination
727,3733104.07,3733104.07,0.0,452523.69,4185627.77,0.0,-0.0100000002421438,0,1,0,1,Account Drain + Balance Mismatch
728,171623.1,171623.1,0.0,0.0,0.0,0.0,171623.1,1,1,1,1,Account Drain + Zero Destination
729,245106.78,245106.78,0.0,2622766.27,2867873.04,0.0,0.0099999997764825,0,1,0,1,Account Drain + Balance Mismatch
730,1766811.07,1766811.07,0.0,618077.7,2384888.77,0.0,0.0,0,1,0,1,Account Drain + Balance Mismatch
731,1540624.7,1540624.7,0.0,0.0,0.0,0.0,1540624.7,1,1,1,1,Account Drain + Zero Destination
732,554501.15,554501.15,0.0,225415.81,779916.96,0.0,0.0,0,1,0,1,Account Drain + Balance Mismatch
733,4017972.88,4017972.88,0.0,0.0,4017972.88,0.0,0.0,0,1,0,1,Account Drain + Balance Mismatch
734,204951.37,204951.37,0.0,0.0,0.0,0.0,204951.37,1,1,1,1,Account Drain + Zero Destination
735,87167.88,87167.88,0.0,0.0,0.0,0.0,87167.88,1,1,1,1,Account Drain + Zero Destination
736,704328.29,704328.29,0.0,0.0,704328.29,0.0,0.0,0,1,0,1,Account Drain + Balance Mismatch
737,113360.8,113360.8,0.0,175345.9,288706.71,0.0,-0.0100000000093132,0,1,0,1,Account Drain + Balance Mismatch
738,1343002.08,1343002.08,1343002.08,0.0,0.0,-1343002.08,1343002.08,1,0,1,1,Account Drain + Zero Destination
739,194521.28,194521.28,0.0,7203373.74,7397895.02,0.0,9.313225746154783e-10,0,1,0,1,Account Drain + Balance Mismatch
740,178616.12,178616.12,0.0,0.0,0.0,0.0,178616.12,1,1,1,1,Account Drain + Zero Destination
741,540530.08,540530.08,0.0,0.0,0.0,0.0,540530.08,1,1,1,1,Account Drain + Zero Destination
742,2173367.35,2173367.35,0.0,476131.89,2649499.24,0.0,0.0,0,1,0,1,Account Drain + Balance Mismatch
743,295963.6,0.0,0.0,0.0,295963.6,-295963.6,0.0,0,1,0,1,Account Drain + Balance Mismatch
744,331829.94,331829.94,0.0,792855.99,1124685.94,0.0,-0.0100000000093132,0,1,0,1,Account Drain + Balance Mismatch
745,953529.64,953529.64,0.0,0.0,953529.64,0.0,0.0,0,1,0,1,Account Drain + Balance Mismatch
746,326250.51,326250.51,0.0,83999.86,410250.38,0.0,-0.0100000000093132,0,1,0,1,Account Drain + Balance Mismatch
747,2232257.71,2232257.71,0.0,819923.42,3052181.14,0.0,-0.0100000002421438,0,1,0,1,Account Drain + Balance Mismatch
748,1722892.9,1722892.9,0.0,91562.28,1814455.18,0.0,0.0,0,1,0,1,Account Drain + Balance Mismatch
749,72547.29,72547.29,0.0,0.0,0.0,0.0,72547.29,1,1,1,1,Account Drain + Zero Destination
750,164502.06,164502.06,0.0,0.0,0.0,0.0,164502.06,1,1,1,1,Account Drain + Zero Destination
751,151.0,151.0,0.0,386163.34,386314.34,0.0,0.0,0,1,0,1,Account Drain + Balance Mismatch
752,2898.09,2898.09,0.0,741450.85,744348.94,0.0,0.0,0,1,0,1,Account Drain + Balance Mismatch
753,1586479.66,1586479.66,0.0,0.0,0.0,0.0,1586479.66,1,1,1,1,Account Drain + Zero Destination
754,1743864.1,1743864.1,0.0,145959.55,1889823.65,0.0,2.3283064365386963e-10,0,1,0,1,Account Drain + Balance Mismatch
755,8055.06,8055.06,0.0,0.0,0.0,0.0,8055.06,1,1,1,1,Account Drain + Zero Destination
756,39525.63,39525.63,0.0,61266.78,100792.41,0.0,0.0,0,1,0,1,Account Drain + Balance Mismatch
757,19472.0,19472.0,0.0,0.0,19472.0,0.0,0.0,0,1,0,1,Account Drain + Balance Mismatch
758,401575.19,401575.19,0.0,0.0,401575.19,0.0,0.0,0,1,0,1,Account Drain + Balance Mismatch
759,47061.52,47061.52,0.0,0.0,0.0,0.0,47061.52,1,1,1,1,Account Drain + Zero Destination
760,2392482.86,2392482.86,0.0,2414558.13,4807040.99,0.0,0.0,0,1,0,1,Account Drain + Balance Mismatch
761,170.0,170.0,0.0,413421.36,345764.15,0.0,67827.20999999996,0,1,0,1,Account Drain + Balance Mismatch
762,132973.41,132973.41,0.0,0.0,132973.41,0.0,0.0,0,1,0,1,Account Drain + Balance Mismatch
763,1195842.37,1195842.37,0.0,0.0,0.0,0.0,1195842.37,1,1,1,1,Account Drain + Zero Destination
764,12461.0,12461.0,0.0,27964.11,40425.11,0.0,0.0,0,1,0,1,Account Drain + Balance Mismatch
765,3964129.99,3964129.99,0.0,0.0,0.0,0.0,3964129.99,1,1,1,1,Account Drain + Zero Destination
766,4294676.05,4294676.05,0.0,1061317.39,5355993.45,0.0,-0.0100000007078051,0,1,0,1,Account Drain + Balance Mismatch
767,92057.19,92057.19,0.0,0.0,0.0,0.0,92057.19,1,1,1,1,Account Drain + Zero Destination
768,95064.86,95064.86,0.0,0.0,0.0,0.0,95064.86,1,1,1,1,Account Drain + Zero Destination
769,3892156.3,3892156.3,0.0,0.0,0.0,0.0,3892156.3,1,1,1,1,Account Drain + Zero Destination
770,3080973.39,3080973.39,0.0,201833.93,3282807.32,0.0,4.656612873077393e-10,0,1,0,1,Account Drain + Balance Mismatch
771,167907.12,167907.12,0.0,0.0,0.0,0.0,167907.12,1,1,1,1,Account Drain + Zero Destination
772,367263.47,367263.47,0.0,2275172.08,2642435.54,0.0,0.0099999997764825,0,1,0,1,Account Drain + Balance Mismatch
773,19421.77,19421.77,0.0,663000.64,682422.4,0.0,0.0100000000093132,0,1,0,1,Account Drain + Balance Mismatch
774,2745923.02,2745923.02,0.0,0.0,0.0,0.0,2745923.02,1,1,1,1,Account Drain + Zero Destination
775,8380.79,8380.79,0.0,0.0,0.0,0.0,8380.79,1,1,1,1,Account Drain + Zero Destination
776,0.0,0.0,0.0,538547.63,538547.63,0.0,0.0,0,1,0,1,Account Drain + Balance Mismatch
777,2341474.44,2341474.44,0.0,0.0,0.0,0.0,2341474.44,1,1,1,1,Account Drain + Zero Destination
778,63624.08,63624.08,0.0,0.0,0.0,0.0,63624.08,1,1,1,1,Account Drain + Zero Destination
779,376367.26,376367.26,0.0,0.0,0.0,0.0,376367.26,1,1,1,1,Account Drain + Zero Destination
780,365325.29,0.0,0.0,0.0,365325.29,-365325.29,0.0,0,1,0,1,Account Drain + Balance Mismatch
781,2395.29,2395.29,0.0,0.0,0.0,0.0,2395.29,1,1,1,1,Account Drain + Zero Destination
782,157610.11,157610.11,0.0,0.0,0.0,0.0,157610.11,1,1,1,1,Account Drain + Zero Destination
783,1298609.73,1298609.73,0.0,0.0,1298609.73,0.0,0.0,0,1,0,1,Account Drain + Balance Mismatch
784,13707.11,13707.11,0.0,0.0,13707.11,0.0,0.0,0,1,0,1,Account Drain + Balance Mismatch
785,1857935.57,1857935.57,0.0,0.0,0.0,0.0,1857935.57,1,1,1,1,Account Drain + Zero Destination
786,147186.94,147186.94,0.0,0.0,0.0,0.0,147186.94,1,1,1,1,Account Drain + Zero Destination
787,4602636.68,4602636.68,0.0,0.0,0.0,0.0,4602636.68,1,1,1,1,Account Drain + Zero Destination
788,1061353.33,1061353.33,0.0,0.0,0.0,0.0,1061353.33,1,1,1,1,Account Drain + Zero Destination
789,28308.97,28308.97,0.0,0.0,28308.97,0.0,0.0,0,1,0,1,Account Drain + Balance Mismatch
790,585396.14,585396.14,0.0,0.0,0.0,0.0,585396.14,1,1,1,1,Account Drain + Zero Destination
791,1021129.67,1021129.67,0.0,0.0,0.0,0.0,1021129.67,1,1,1,1,Account Drain + Zero Destination
792,5624.02,5624.02,0.0,0.0,0.0,0.0,5624.02,1,1,1,1,Account Drain + Zero Destination
793,5388834.64,5388834.64,0.0,218151.69,5606986.33,0.0,0.0,0,1,0,1,Account Drain + Balance Mismatch
794,21990.52,21990.52,0.0,0.0,21990.52,0.0,0.0,0,1,0,1,Account Drain + Balance Mismatch
795,1736804.93,1736804.93,0.0,4429087.44,6165892.37,0.0,0.0,0,1,0,1,Account Drain + Balance Mismatch
796,286670.9,286670.9,0.0,1028298.11,1314969.01,0.0,0.0,0,1,0,1,Account Drain + Balance Mismatch
797,56125.55,56125.55,0.0,157761.5,213887.05,0.0,0.0,0,1,0,1,Account Drain + Balance Mismatch
798,219407.52,219407.52,0.0,0.0,0.0,0.0,219407.52,1,1,1,1,Account Drain + Zero Destination
799,8267760.5,8267760.5,0.0,0.0,0.0,0.0,8267760.5,1,1,1,1,Account Drain + Zero Destination
800,2068118.36,2068118.36,0.0,3054285.45,5122403.81,0.0,9.313225746154783e-10,0,1,0,1,Account Drain + Balance Mismatch
801,889.76,889.76,0.0,29138.76,30028.51,0.0,0.0099999999983992,0,1,0,1,Account Drain + Balance Mismatch
802,1398946.33,1398946.33,0.0,0.0,0.0,0.0,1398946.33,1,1,1,1,Account Drain + Zero Destination
803,230430.65,0.0,0.0,0.0,230430.65,-230430.65,0.0,0,1,0,1,Account Drain + Balance Mismatch
804,8177.04,8177.04,0.0,842143.06,850320.1,0.0,1.1641532182693479e-10,0,1,0,1,Account Drain + Balance Mismatch
805,1764326.19,1764326.19,0.0,0.0,0.0,0.0,1764326.19,1,1,1,1,Account Drain + Zero Destination
806,3139423.35,3139423.35,0.0,2593641.94,5733065.29,0.0,0.0,0,1,0,1,Account Drain + Balance Mismatch
807,847383.45,847383.45,0.0,1465042.43,2312425.88,0.0,0.0,0,1,0,1,Account Drain + Balance Mismatch
808,10000000.0,10000000.0,0.0,817443.72,10817443.72,0.0,0.0,0,1,0,1,Account Drain + Balance Mismatch
809,841052.98,841052.98,0.0,0.0,0.0,0.0,841052.98,1,1,1,1,Account Drain + Zero Destination
810,1742012.06,1742012.06,0.0,0.0,0.0,0.0,1742012.06,1,1,1,1,Account Drain + Zero Destination
811,585511.14,585511.14,0.0,0.0,0.0,0.0,585511.14,1,1,1,1,Account Drain + Zero Destination
812,54583.71,54583.71,0.0,0.0,0.0,0.0,54583.71,1,1,1,1,Account Drain + Zero Destination
813,82504.16,82504.16,0.0,0.0,0.0,0.0,82504.16,1,1,1,1,Account Drain + Zero Destination
814,3490916.0,3490916.0,0.0,0.0,0.0,0.0,3490916.0,1,1,1,1,Account Drain + Zero Destination
815,152724.32,152724.32,0.0,0.0,152724.32,0.0,0.0,0,1,0,1,Account Drain + Balance Mismatch
816,511259.05,511259.05,0.0,0.0,0.0,0.0,511259.05,1,1,1,1,Account Drain + Zero Destination
817,58737.53,58737.53,0.0,887496.11,946233.64,0.0,0.0,0,1,0,1,Account Drain + Balance Mismatch
818,6515.64,6515.64,0.0,0.0,0.0,0.0,6515.64,1,1,1,1,Account Drain + Zero Destination
819,2984434.36,2984434.36,0.0,5498919.48,8483353.84,0.0,0.0,0,1,0,1,Account Drain + Balance Mismatch
820,252667.75,252667.75,0.0,0.0,0.0,0.0,252667.75,1,1,1,1,Account Drain + Zero Destination
821,329424.14,329424.14,0.0,0.0,0.0,0.0,329424.14,1,1,1,1,Account Drain + Zero Destination
822,640648.06,640648.06,0.0,1714269.39,2354917.45,0.0,0.0,0,1,0,1,Account Drain + Balance Mismatch
823,333158.75,0.0,0.0,0.0,333158.75,-333158.75,0.0,0,1,0,1,Account Drain + Balance Mismatch
824,3178881.71,3178881.71,0.0,0.0,0.0,0.0,3178881.71,1,1,1,1,Account Drain + Zero Destination
825,219934.26,219934.26,0.0,0.0,0.0,0.0,219934.26,1,1,1,1,Account Drain + Zero Destination
826,254773.22,254773.22,0.0,0.0,0.0,0.0,254773.22,1,1,1,1,Account Drain + Zero Destination
827,456360.87,456360.87,0.0,17610403.76,18066764.63,0.0,3.725290298461914e-09,0,1,0,1,Account Drain + Balance Mismatch
828,125146.75,125146.75,0.0,0.0,0.0,0.0,125146.75,1,1,1,1,Account Drain + Zero Destination
829,200008.33,200008.33,0.0,0.0,0.0,0.0,200008.33,1,1,1,1,Account Drain + Zero Destination
830,174725.11,174725.11,0.0,4415446.47,4590171.58,0.0,0.0,0,1,0,1,Account Drain + Balance Mismatch
831,10000000.0,33441041.46,23441041.46,0.0,0.0,0.0,10000000.0,1,0,1,1,Account Drain + Zero Destination
832,396741.54,0.0,0.0,0.0,396741.54,-396741.54,0.0,0,1,0,1,Account Drain + Balance Mismatch
833,471906.6,471906.6,0.0,0.0,0.0,0.0,471906.6,1,1,1,1,Account Drain + Zero Destination
834,91655.26,91655.26,0.0,133662.97,225318.23,0.0,-2.9103830456733704e-11,0,1,0,1,Account Drain + Balance Mismatch
835,530124.99,530124.99,0.0,0.0,0.0,0.0,530124.99,1,1,1,1,Account Drain + Zero Destination
836,77773.14,77773.14,0.0,0.0,0.0,0.0,77773.14,1,1,1,1,Account Drain + Zero Destination
837,84771.55,84771.55,0.0,0.0,0.0,0.0,84771.55,1,1,1,1,Account Drain + Zero Destination
838,1766811.07,1766811.07,0.0,0.0,0.0,0.0,1766811.07,1,1,1,1,Account Drain + Zero Destination
839,1595587.46,1595587.46,0.0,7519338.35,9114925.81,0.0,-1.862645149230957e-09,0,1,0,1,Account Drain + Balance Mismatch
840,619502.08,619502.08,0.0,4755457.2,5374959.28,0.0,0.0,0,1,0,1,Account Drain + Balance Mismatch
841,65365.11,65365.11,0.0,0.0,0.0,0.0,65365.11,1,1,1,1,Account Drain + Zero Destination
842,76960.91,76960.91,0.0,651807.74,728768.66,0.0,-0.0100000000093132,0,1,0,1,Account Drain + Balance Mismatch
843,3019699.77,3019699.77,0.0,523626.59,3543326.36,0.0,0.0,0,1,0,1,Account Drain + Balance Mismatch
844,428685.51,0.0,0.0,0.0,428685.51,-428685.51,0.0,0,1,0,1,Account Drain + Balance Mismatch
845,5363795.31,5363795.31,0.0,0.0,0.0,0.0,5363795.31,1,1,1,1,Account Drain + Zero Destination
846,378527.71,378527.71,0.0,0.0,0.0,0.0,378527.71,1,1,1,1,Account Drain + Zero Destination
847,141586.27,141586.27,0.0,0.0,141586.27,0.0,0.0,0,1,0,1,Account Drain + Balance Mismatch
848,244814.12,244814.12,0.0,7106855.47,7351669.59,0.0,0.0,0,1,0,1,Account Drain + Balance Mismatch
849,142336.65,142336.65,0.0,267803.17,410139.82,0.0,-5.820766091346741e-11,0,1,0,1,Account Drain + Balance Mismatch
850,407833.62,407833.62,0.0,0.0,0.0,0.0,407833.62,1,1,1,1,Account Drain + Zero Destination
851,732198.35,732198.35,0.0,673285.12,1405483.47,0.0,0.0,0,1,0,1,Account Drain + Balance Mismatch
852,199414.45,199414.45,0.0,0.0,0.0,0.0,199414.45,1,1,1,1,Account Drain + Zero Destination
853,4120.14,4120.14,0.0,0.0,4120.14,0.0,0.0,0,1,0,1,Account Drain + Balance Mismatch
854,232565.37,232565.37,0.0,0.0,0.0,0.0,232565.37,1,1,1,1,Account Drain + Zero Destination
855,781.93,781.93,0.0,0.0,0.0,0.0,781.93,1,1,1,1,Account Drain + Zero Destination
856,167067.78,167067.78,0.0,0.0,0.0,0.0,167067.78,1,1,1,1,Account Drain + Zero Destination
857,10000000.0,37418265.31,27418265.31,0.0,0.0,3.725290298461914e-09,10000000.0,1,0,1,1,Account Drain + Zero Destination
858,98099.07,98099.07,0.0,0.0,98099.07,0.0,0.0,0,1,0,1,Account Drain + Balance Mismatch
859,29707.86,29707.86,0.0,0.0,0.0,0.0,29707.86,1,1,1,1,Account Drain + Zero Destination
860,3712.11,3712.11,0.0,0.0,0.0,0.0,3712.11,1,1,1,1,Account Drain + Zero Destination
861,3285475.4,3285475.4,0.0,0.0,0.0,0.0,3285475.4,1,1,1,1,Account Drain + Zero Destination
862,1246169.57,1246169.57,0.0,4197204.09,5443373.66,0.0,0.0,0,1,0,1,Account Drain + Balance Mismatch
863,298754.96,298754.96,0.0,1865811.93,2164566.89,0.0,0.0,0,1,0,1,Account Drain + Balance Mismatch
864,1132311.86,1132311.86,0.0,0.0,0.0,0.0,1132311.86,1,1,1,1,Account Drain + Zero Destination
865,2581549.92,2581549.92,0.0,0.0,0.0,0.0,2581549.92,1,1,1,1,Account Drain + Zero Destination
866,179997.78,179997.78,0.0,0.0,0.0,0.0,179997.78,1,1,1,1,Account Drain + Zero Destination
867,1499869.54,1499869.54,0.0,0.0,0.0,0.0,1499869.54,1,1,1,1,Account Drain + Zero Destination
868,567729.52,567729.52,0.0,365798.0,933527.51,0.0,0.0100000000093132,0,1,0,1,Account Drain + Balance Mismatch
869,4160888.06,4160888.06,0.0,0.0,0.0,0.0,4160888.06,1,1,1,1,Account Drain + Zero Destination
870,967954.01,967954.01,0.0,0.0,0.0,0.0,967954.01,1,1,1,1,Account Drain + Zero Destination
871,297846.16,297846.16,0.0,0.0,0.0,0.0,297846.16,1,1,1,1,Account Drain + Zero Destination
872,81814.51,81814.51,0.0,203160.15,284974.66,0.0,0.0,0,1,0,1,Account Drain + Balance Mismatch
873,10000000.0,10000000.0,0.0,332983.03,10332983.03,0.0,0.0,0,1,0,1,Account Drain + Balance Mismatch
874,2815.61,2815.61,0.0,64348.28,67163.9,0.0,-0.0099999999947613,0,1,0,1,Account Drain + Balance Mismatch
875,28636.24,28636.24,0.0,24561.4,53197.64,0.0,0.0,0,1,0,1,Account Drain + Balance Mismatch
876,69039.64,69039.64,0.0,983882.79,1052922.43,0.0,0.0,0,1,0,1,Account Drain + Balance Mismatch
877,457359.64,457359.64,0.0,0.0,0.0,0.0,457359.64,1,1,1,1,Account Drain + Zero Destination
878,372703.48,372703.48,0.0,0.0,0.0,0.0,372703.48,1,1,1,1,Account Drain + Zero Destination
879,633384.46,633384.46,0.0,0.0,633384.46,0.0,0.0,0,1,0,1,Account Drain + Balance Mismatch
880,79594.91,79594.91,0.0,0.0,0.0,0.0,79594.91,1,1,1,1,Account Drain + Zero Destination
881,206985.26,206985.26,0.0,0.0,0.0,0.0,206985.26,1,1,1,1,Account Drain + Zero Destination
882,19016.22,19016.22,0.0,9347999.52,9367015.74,0.0,0.0,0,1,0,1,Account Drain + Balance Mismatch
883,1258818.82,1258818.82,0.0,0.0,0.0,0.0,1258818.82,1,1,1,1,Account Drain + Zero Destination
884,418871.89,418871.89,0.0,134286.38,553158.26,0.0,0.0100000000093132,0,1,0,1,Account Drain + Balance Mismatch
885,4525901.25,4525901.25,0.0,0.0,0.0,0.0,4525901.25,1,1,1,1,Account Drain + Zero Destination
886,1621056.88,1621056.88,0.0,511091.84,2132148.72,0.0,-4.656612873077393e-10,0,1,0,1,Account Drain + Balance Mismatch
887,30674.98,30674.98,0.0,326371.7,357046.68,0.0,0.0,0,1,0,1,Account Drain + Balance Mismatch
888,2231.46,2231.46,0.0,0.0,2231.46,0.0,0.0,0,1,0,1,Account Drain + Balance Mismatch
889,79039.81,79039.81,0.0,0.0,0.0,0.0,79039.81,1,1,1,1,Account Drain + Zero Destination
890,822361.52,822361.52,0.0,0.0,0.0,0.0,822361.52,1,1,1,1,Account Drain + Zero Destination
891,5658123.36,5658123.36,0.0,1094471.2,6752594.56,0.0,9.313225746154783e-10,0,1,0,1,Account Drain + Balance Mismatch
892,107351.33,107351.33,0.0,0.0,0.0,0.0,107351.33,1,1,1,1,Account Drain + Zero Destination
893,667257.72,667257.72,0.0,0.0,0.0,0.0,667257.72,1,1,1,1,Account Drain + Zero Destination
894,48442.88,48442.88,0.0,0.0,0.0,0.0,48442.88,1,1,1,1,Account Drain + Zero Destination
895,340936.99,340936.99,0.0,0.0,0.0,0.0,340936.99,1,1,1,1,Account Drain + Zero Destination
896,3043141.07,3043141.07,0.0,112602.16,3155743.23,0.0,0.0,0,1,0,1,Account Drain + Balance Mismatch
897,133632.24,133632.24,0.0,71836828.02,71970460.27,0.0,-0.010000005364418,0,1,0,1,Account Drain + Balance Mismatch
898,658637.38,658637.38,0.0,0.0,658637.38,0.0,0.0,0,1,0,1,Account Drain + Balance Mismatch
899,227955.85,227955.85,0.0,0.0,0.0,0.0,227955.85,1,1,1,1,Account Drain + Zero Destination
900,8186519.17,8186519.17,0.0,0.0,0.0,0.0,8186519.17,1,1,1,1,Account Drain + Zero Destination
901,100433.21,100433.21,0.0,1935472.98,2035906.19,0.0,0.0,0,1,0,1,Account Drain + Balance Mismatch
902,2216703.82,2216703.82,0.0,643300.2,2860004.01,0.0,0.0099999997764825,0,1,0,1,Account Drain + Balance Mismatch
903,75659.33,75659.33,0.0,0.0,0.0,0.0,75659.33,1,1,1,1,Account Drain + Zero Destination
904,1262207.3,1262207.3,0.0,0.0,0.0,0.0,1262207.3,1,1,1,1,Account Drain + Zero Destination
905,203874.62,203874.62,0.0,472690.19,676564.81,0.0,0.0,0,1,0,1,Account Drain + Balance Mismatch
906,5963850.34,5963850.34,0.0,224597.16,6188447.5,0.0,0.0,0,1,0,1,Account Drain + Balance Mismatch
907,212028.15,212028.15,0.0,0.0,0.0,0.0,212028.15,1,1,1,1,Account Drain + Zero Destination
908,9977761.05,9977761.05,0.0,0.0,0.0,0.0,9977761.05,1,1,1,1,Account Drain + Zero Destination
909,653151.55,653151.55,0.0,47452.25,700603.81,0.0,-0.0100000000093132,0,1,0,1,Account Drain + Balance Mismatch
910,20278.62,20278.62,0.0,0.0,0.0,0.0,20278.62,1,1,1,1,Account Drain + Zero Destination
911,107320.81,107320.81,0.0,0.0,0.0,0.0,107320.81,1,1,1,1,Account Drain + Zero Destination
912,196385.55,196385.55,0.0,0.0,0.0,0.0,196385.55,1,1,1,1,Account Drain + Zero Destination
913,601222.02,601222.02,0.0,0.0,0.0,0.0,601222.02,1,1,1,1,Account Drain + Zero Destination
914,915672.67,915672.67,0.0,999821.05,1915493.72,0.0,2.3283064365386963e-10,0,1,0,1,Account Drain + Balance Mismatch
915,1306690.61,1306690.61,0.0,108351.28,1415041.89,0.0,2.3283064365386963e-10,0,1,0,1,Account Drain + Balance Mismatch
916,181588.3,181588.3,0.0,0.0,0.0,0.0,181588.3,1,1,1,1,Account Drain + Zero Destination
917,3567795.25,3567795.25,0.0,0.0,0.0,0.0,3567795.25,1,1,1,1,Account Drain + Zero Destination
918,819503.92,819503.92,0.0,0.0,0.0,0.0,819503.92,1,1,1,1,Account Drain + Zero Destination
919,2911505.23,2911505.23,0.0,0.0,0.0,0.0,2911505.23,1,1,1,1,Account Drain + Zero Destination
920,1649818.97,1649818.97,0.0,0.0,0.0,0.0,1649818.97,1,1,1,1,Account Drain + Zero Destination
921,1240717.75,1240717.75,0.0,144986.76,1385704.52,0.0,-0.0100000000093132,0,1,0,1,Account Drain + Balance Mismatch
922,166271.16,166271.16,0.0,0.0,0.0,0.0,166271.16,1,1,1,1,Account Drain + Zero Destination
923,296349.8,296349.8,0.0,0.0,296349.8,0.0,0.0,0,1,0,1,Account Drain + Balance Mismatch
924,387952.42,387952.42,0.0,0.0,0.0,0.0,387952.42,1,1,1,1,Account Drain + Zero Destination
925,36359.57,36359.57,0.0,0.0,0.0,0.0,36359.57,1,1,1,1,Account Drain + Zero Destination
926,1812161.42,1812161.42,0.0,0.0,1812161.42,0.0,0.0,0,1,0,1,Account Drain + Balance Mismatch
927,835770.84,835770.84,0.0,1490979.17,2326750.01,0.0,0.0,0,1,0,1,Account Drain + Balance Mismatch
928,5807351.83,5807351.83,0.0,0.0,0.0,0.0,5807351.83,1,1,1,1,Account Drain + Zero Destination
929,10000000.0,10000000.0,0.0,339202.58,10339202.58,0.0,0.0,0,1,0,1,Account Drain + Balance Mismatch
930,127905.82,127905.82,0.0,0.0,127905.82,0.0,0.0,0,1,0,1,Account Drain + Balance Mismatch
931,177137.79,177137.79,0.0,496799.27,673937.06,0.0,0.0,0,1,0,1,Account Drain + Balance Mismatch
932,492896.75,492896.75,0.0,10420895.1,10913791.86,0.0,-0.0099999997764825,0,1,0,1,Account Drain + Balance Mismatch
933,14343.03,14343.03,0.0,2842416.71,2856759.75,0.0,-0.0100000002421438,0,1,0,1,Account Drain + Balance Mismatch
934,366084.76,0.0,0.0,0.0,366084.76,-366084.76,0.0,0,1,0,1,Account Drain + Balance Mismatch
935,904338.88,904338.88,0.0,0.0,0.0,0.0,904338.88,1,1,1,1,Account Drain + Zero Destination
936,1411271.23,1411271.23,0.0,0.0,0.0,0.0,1411271.23,1,1,1,1,Account Drain + Zero Destination
937,329937.88,329937.88,0.0,0.0,0.0,0.0,329937.88,1,1,1,1,Account Drain + Zero Destination
938,1218165.88,1218165.88,0.0,742564.27,1960730.15,0.0,0.0,0,1,0,1,Account Drain + Balance Mismatch
939,321241.84,321241.84,0.0,0.0,321241.84,0.0,0.0,0,1,0,1,Account Drain + Balance Mismatch
940,115085.31,115085.31,0.0,0.0,0.0,0.0,115085.31,1,1,1,1,Account Drain + Zero Destination
941,1275236.3,1275236.3,0.0,10656.62,1285892.92,0.0,2.3283064365386963e-10,0,1,0,1,Account Drain + Balance Mismatch
942,824841.09,824841.09,0.0,0.0,0.0,0.0,824841.09,1,1,1,1,Account Drain + Zero Destination
943,676913.69,676913.69,0.0,0.0,0.0,0.0,676913.69,1,1,1,1,Account Drain + Zero Destination
944,286835.21,286835.21,0.0,1678767.02,1965602.23,0.0,0.0,0,1,0,1,Account Drain + Balance Mismatch
945,2625132.51,2625132.51,0.0,0.0,0.0,0.0,2625132.51,1,1,1,1,Account Drain + Zero Destination
946,174296.71,174296.71,0.0,0.0,0.0,0.0,174296.71,1,1,1,1,Account Drain + Zero Destination
947,219300.76,219300.76,0.0,0.0,0.0,0.0,219300.76,1,1,1,1,Account Drain + Zero Destination
948,65488.05,65488.05,0.0,0.0,0.0,0.0,65488.05,1,1,1,1,Account Drain + Zero Destination
949,164502.06,164502.06,0.0,252850.62,417352.68,0.0,0.0,0,1,0,1,Account Drain + Balance Mismatch
950,61856.83,61856.83,0.0,0.0,61856.83,0.0,0.0,0,1,0,1,Account Drain + Balance Mismatch
951,10000000.0,10000000.0,0.0,316753.92,10316753.92,0.0,0.0,0,1,0,1,Account Drain + Balance Mismatch
952,306675.37,306675.37,0.0,0.0,0.0,0.0,306675.37,1,1,1,1,Account Drain + Zero Destination
953,362152.77,362152.77,0.0,282809.47,644962.23,0.0,0.0100000000093132,0,1,0,1,Account Drain + Balance Mismatch
954,10000000.0,11912961.16,1912961.16,0.0,0.0,2.3283064365386963e-10,10000000.0,1,0,1,1,Account Drain + Zero Destination
955,6501303.14,6501303.14,0.0,0.0,0.0,0.0,6501303.14,1,1,1,1,Account Drain + Zero Destination
956,594229.77,594229.77,0.0,0.0,0.0,0.0,594229.77,1,1,1,1,Account Drain + Zero Destination
957,1097309.24,1097309.24,0.0,0.0,0.0,0.0,1097309.24,1,1,1,1,Account Drain + Zero Destination
958,5049594.33,5049594.33,0.0,0.0,0.0,0.0,5049594.33,1,1,1,1,Account Drain + Zero Destination
959,1540624.7,1540624.7,0.0,78012.35,1618637.05,0.0,0.0,0,1,0,1,Account Drain + Balance Mismatch
960,455014.69,455014.69,0.0,0.0,0.0,0.0,455014.69,1,1,1,1,Account Drain + Zero Destination
961,3425386.69,3425386.69,0.0,0.0,3425386.69,0.0,0.0,0,1,0,1,Account Drain + Balance Mismatch
962,51725.86,51725.86,0.0,0.0,0.0,0.0,51725.86,1,1,1,1,Account Drain + Zero Destination
963,351843.08,351843.08,0.0,0.0,0.0,0.0,351843.08,1,1,1,1,Account Drain + Zero Destination
964,182666.85,182666.85,0.0,51743.92,234410.77,0.0,2.9103830456733704e-11,0,1,0,1,Account Drain + Balance Mismatch
965,25819.42,25819.42,0.0,0.0,0.0,0.0,25819.42,1,1,1,1,Account Drain + Zero Destination
966,74177.92,74177.92,0.0,79018.51,153196.43,0.0,0.0,0,1,0,1,Account Drain + Balance Mismatch
967,290090.57,290090.57,0.0,2000395.18,2290485.75,0.0,0.0,0,1,0,1,Account Drain + Balance Mismatch
968,21418.86,21418.86,0.0,0.0,0.0,0.0,21418.86,1,1,1,1,Account Drain + Zero Destination
969,37065.55,37065.55,0.0,1396327.66,1433393.21,0.0,0.0,0,1,0,1,Account Drain + Balance Mismatch
970,545780.7,545780.7,0.0,0.0,545780.7,0.0,0.0,0,1,0,1,Account Drain + Balance Mismatch
971,615954.92,615954.92,0.0,3271323.95,3887278.88,0.0,-0.0099999997764825,0,1,0,1,Account Drain + Balance Mismatch
972,871745.76,871745.76,0.0,0.0,0.0,0.0,871745.76,1,1,1,1,Account Drain + Zero Destination
973,72782.82,72782.82,0.0,0.0,0.0,0.0,72782.82,1,1,1,1,Account Drain + Zero Destination
974,50722.16,50722.16,0.0,0.0,0.0,0.0,50722.16,1,1,1,1,Account Drain + Zero Destination
975,967153.5,967153.5,0.0,0.0,0.0,0.0,967153.5,1,1,1,1,Account Drain + Zero Destination
976,203119.08,203119.08,0.0,0.0,0.0,0.0,203119.08,1,1,1,1,Account Drain + Zero Destination
977,262678.53,262678.53,0.0,577129.04,839807.57,0.0,1.1641532182693479e-10,0,1,0,1,Account Drain + Balance Mismatch
978,10000000.0,10000000.0,0.0,0.0,10000000.0,0.0,0.0,0,1,0,1,Account Drain + Balance Mismatch
979,667257.72,667257.72,0.0,0.0,667257.72,0.0,0.0,0,1,0,1,Account Drain + Balance Mismatch
980,99804.21,99804.21,0.0,77105.84,176910.05,0.0,0.0,0,1,0,1,Account Drain + Balance Mismatch
981,74854.93,74854.93,0.0,0.0,0.0,0.0,74854.93,1,1,1,1,Account Drain + Zero Destination
982,123259.24,123259.24,0.0,0.0,0.0,0.0,123259.24,1,1,1,1,Account Drain + Zero Destination
983,7240965.96,7240965.96,0.0,0.0,7240965.96,0.0,0.0,0,1,0,1,Account Drain + Balance Mismatch
984,1390048.67,1390048.67,0.0,167999.27,1558047.94,0.0,0.0,0,1,0,1,Account Drain + Balance Mismatch
985,1961426.59,1961426.59,0.0,0.0,0.0,0.0,1961426.59,1,1,1,1,Account Drain + Zero Destination
986,2000718.2,2000718.2,0.0,10984451.39,12985169.59,0.0,0.0,0,1,0,1,Account Drain + Balance Mismatch
987,423660.73,423660.73,0.0,0.0,423660.73,0.0,0.0,0,1,0,1,Account Drain + Balance Mismatch
988,239095.53,239095.53,0.0,0.0,0.0,0.0,239095.53,1,1,1,1,Account Drain + Zero Destination
989,266836.35,266836.35,0.0,0.0,0.0,0.0,266836.35,1,1,1,1,Account Drain + Zero Destination
990,3178881.71,3178881.71,0.0,0.0,3178881.71,0.0,0.0,0,1,0,1,Account Drain + Balance Mismatch
991,548161.93,548161.93,0.0,443736.12,991898.05,0.0,0.0,0,1,0,1,Account Drain + Balance Mismatch
992,152372.18,152372.18,0.0,285322.83,437695.01,0.0,0.0,0,1,0,1,Account Drain + Balance Mismatch
993,37357.32,37357.32,0.0,0.0,37357.32,0.0,0.0,0,1,0,1,Account Drain + Balance Mismatch
994,6498297.7,6498297.7,0.0,103810.91,6602108.61,0.0,0.0,0,1,0,1,Account Drain + Balance Mismatch
995,1277212.77,1277212.77,0.0,0.0,2444985.19,0.0,-1167772.42,0,1,0,1,Account Drain + Balance Mismatch
996,256705.68,256705.68,0.0,0.0,256705.68,0.0,0.0,0,1,0,1,Account Drain + Balance Mismatch
997,241337.83,241337.83,0.0,0.0,0.0,0.0,241337.83,1,1,1,1,Account Drain + Zero Destination
998,1030417.74,1030417.74,0.0,0.0,0.0,0.0,1030417.74,1,1,1,1,Account Drain + Zero Destination
999,310712.71,310712.71,0.0,0.0,0.0,0.0,310712.71,1,1,1,1,Account Drain + Zero Destination
1000,64344.59,64344.59,0.0,0.0,64344.59,0.0,0.0,0,1,0,1,Account Drain + Balance Mismatch
1001,10000000.0,10000000.0,0.0,0.0,10000000.0,0.0,0.0,0,1,0,1,Account Drain + Balance Mismatch
1002,59835.0,59835.0,0.0,0.0,0.0,0.0,59835.0,1,1,1,1,Account Drain + Zero Destination
1003,705647.68,705647.68,0.0,0.0,705647.68,0.0,0.0,0,1,0,1,Account Drain + Balance Mismatch
1004,89657.36,89657.36,0.0,4157080.36,4246737.72,0.0,0.0,0,1,0,1,Account Drain + Balance Mismatch
1005,785323.0,785323.0,0.0,0.0,0.0,0.0,785323.0,1,1,1,1,Account Drain + Zero Destination
1006,1798215.73,1798215.73,0.0,404840.02,2203055.75,0.0,0.0,0,1,0,1,Account Drain + Balance Mismatch
1007,5979556.06,5979556.06,0.0,0.0,5979556.06,0.0,0.0,0,1,0,1,Account Drain + Balance Mismatch
1008,9168747.51,9168747.51,0.0,0.0,0.0,0.0,9168747.51,1,1,1,1,Account Drain + Zero Destination
1009,284502.95,0.0,0.0,0.0,284502.95,-284502.95,0.0,0,1,0,1,Account Drain + Balance Mismatch
1010,1398633.34,1398633.34,0.0,0.0,0.0,0.0,1398633.34,1,1,1,1,Account Drain + Zero Destination
1011,175597.64,175597.64,0.0,376762.66,552360.3,0.0,0.0,0,1,0,1,Account Drain + Balance Mismatch
1012,75708.87,75708.87,0.0,4816.38,80525.25,0.0,0.0,0,1,0,1,Account Drain + Balance Mismatch
1013,96989.06,96989.06,0.0,1112486.16,1209475.22,0.0,0.0,0,1,0,1,Account Drain + Balance Mismatch
1014,262434.54,262434.54,0.0,0.0,0.0,0.0,262434.54,1,1,1,1,Account Drain + Zero Destination
1015,167060.63,167060.63,0.0,890774.84,1057835.47,0.0,0.0,0,1,0,1,Account Drain + Balance Mismatch
1016,385556.82,385556.82,0.0,0.0,0.0,0.0,385556.82,1,1,1,1,Account Drain + Zero Destination
1017,1810044.85,1810044.85,0.0,0.0,0.0,0.0,1810044.85,1,1,1,1,Account Drain + Zero Destination
1018,1253358.42,1253358.42,0.0,8398499.24,9651857.66,0.0,0.0,0,1,0,1,Account Drain + Balance Mismatch
1019,239095.53,239095.53,0.0,65367.32,304462.85,0.0,0.0,0,1,0,1,Account Drain + Balance Mismatch
1020,28308.97,28308.97,0.0,0.0,0.0,0.0,28308.97,1,1,1,1,Account Drain + Zero Destination
1021,3671853.86,3671853.86,0.0,0.0,0.0,0.0,3671853.86,1,1,1,1,Account Drain + Zero Destination
1022,131597.73,131597.73,0.0,0.0,0.0,0.0,131597.73,1,1,0,1,Account Drain + Zero Destination
1023,2806.0,2806.0,0.0,0.0,0.0,0.0,2806.0,1,1,1,1,Account Drain + Zero Destination
1024,360688.3,360688.3,0.0,0.0,360688.3,0.0,0.0,0,1,0,1,Account Drain + Balance Mismatch
1025,72878.02,72878.02,0.0,0.0,0.0,0.0,72878.02,1,1,1,1,Account Drain + Zero Destination
1026,1651948.79,1651948.79,0.0,1014365.76,2666314.55,0.0,0.0,0,1,0,1,Account Drain + Balance Mismatch
1027,432254.84,432254.84,0.0,1300115.81,1732370.65,0.0,2.3283064365386963e-10,0,1,0,1,Account Drain + Balance Mismatch
1028,1272493.9,1272493.9,0.0,0.0,0.0,0.0,1272493.9,1,1,1,1,Account Drain + Zero Destination
1029,2925859.58,2925859.58,0.0,148038.26,3073897.84,0.0,0.0,0,1,0,1,Account Drain + Balance Mismatch
1030,24773.86,24773.86,0.0,11003181.73,11027955.59,0.0,0.0,0,1,0,1,Account Drain + Balance Mismatch
1031,115881.21,115881.21,0.0,4774288.04,4890169.26,0.0,-0.0099999997764825,0,1,0,1,Account Drain + Balance Mismatch
1032,248242.32,248242.32,0.0,0.0,0.0,0.0,248242.32,1,1,1,1,Account Drain + Zero Destination
1033,148305.3,148305.3,0.0,0.0,0.0,0.0,148305.3,1,1,1,1,Account Drain + Zero Destination
1034,45271.85,45271.85,0.0,0.0,0.0,0.0,45271.85,1,1,1,1,Account Drain + Zero Destination
1035,98692.72,98692.72,0.0,67599.16,166291.88,0.0,0.0,0,1,0,1,Account Drain + Balance Mismatch
1036,9345700.07,9345700.07,0.0,0.0,0.0,0.0,9345700.07,1,1,1,1,Account Drain + Zero Destination
1037,93708.08,93708.08,0.0,0.0,0.0,0.0,93708.08,1,1,1,1,Account Drain + Zero Destination
1038,7435751.59,7435751.59,0.0,0.0,0.0,0.0,7435751.59,1,1,1,1,Account Drain + Zero Destination
1039,1129884.18,1129884.18,0.0,510421.5,1640305.68,0.0,0.0,0,1,0,1,Account Drain + Balance Mismatch
1040,167806.93,167806.93,0.0,0.0,167806.93,0.0,0.0,0,1,0,1,Account Drain + Balance Mismatch
1041,10000000.0,10000000.0,0.0,358443.32,10358443.32,0.0,0.0,0,1,0,1,Account Drain + Balance Mismatch
1042,428174.7,428174.7,0.0,63746.81,491921.52,0.0,-0.0100000000093132,0,1,0,1,Account Drain + Balance Mismatch
1043,642364.74,642364.74,0.0,0.0,0.0,0.0,642364.74,1,1,1,1,Account Drain + Zero Destination
1044,1732090.28,1732090.28,0.0,0.0,0.0,0.0,1732090.28,1,1,1,1,Account Drain + Zero Destination
1045,114889.61,114889.61,0.0,668801.8,783691.4,0.0,0.0100000000093132,0,1,0,1,Account Drain + Balance Mismatch
1046,1263340.66,1263340.66,0.0,4780628.29,6043968.95,0.0,0.0,0,1,0,1,Account Drain + Balance Mismatch
1047,10000000.0,10000000.0,0.0,2160858.93,12160858.93,0.0,0.0,0,1,0,1,Account Drain + Balance Mismatch
1048,1693962.01,1693962.01,0.0,0.0,0.0,0.0,1693962.01,1,1,1,1,Account Drain + Zero Destination
1049,918087.96,918087.96,0.0,0.0,0.0,0.0,918087.96,1,1,1,1,Account Drain + Zero Destination
1050,492896.75,492896.75,0.0,0.0,0.0,0.0,492896.75,1,1,1,1,Account Drain + Zero Destination
1051,217231.0,217231.0,0.0,0.0,0.0,0.0,217231.0,1,1,1,1,Account Drain + Zero Destination
1052,1989311.31,1989311.31,0.0,0.0,0.0,0.0,1989311.31,1,1,1,1,Account Drain + Zero Destination
1053,1424002.7,1424002.7,0.0,0.0,0.0,0.0,1424002.7,1,1,1,1,Account Drain + Zero Destination
1054,1650168.9,1650168.9,0.0,3023206.41,4673375.3,0.0,0.0100000007078051,0,1,0,1,Account Drain + Balance Mismatch
1055,10000000.0,50399045.08,40399045.08,0.0,0.0,0.0,10000000.0,1,0,1,1,Account Drain + Zero Destination
1056,172344.3,172344.3,0.0,0.0,172344.3,0.0,0.0,0,1,0,1,Account Drain + Balance Mismatch
1057,448025.06,448025.06,0.0,71679.93,519704.99,0.0,0.0,0,1,0,1,Account Drain + Balance Mismatch
1058,362631.05,362631.05,0.0,31491.56,394122.61,0.0,0.0,0,1,0,1,Account Drain + Balance Mismatch
1059,1468304.35,1468304.35,0.0,0.0,1468304.35,0.0,0.0,0,1,0,1,Account Drain + Balance Mismatch
1060,39379.45,39379.45,0.0,0.0,0.0,0.0,39379.45,1,1,1,1,Account Drain + Zero Destination
1061,299016.86,299016.86,0.0,0.0,0.0,0.0,299016.86,1,1,1,1,Account Drain + Zero Destination
1062,44571.94,44571.94,0.0,11984.0,0.0,0.0,56555.94,0,1,0,1,Account Drain + Balance Mismatch
1063,797710.8,797710.8,0.0,0.0,0.0,0.0,797710.8,1,1,1,1,Account Drain + Zero Destination
1064,1827209.07,1827209.07,0.0,944687.45,2771896.52,0.0,0.0,0,1,0,1,Account Drain + Balance Mismatch
1065,98086.09,98086.09,0.0,0.0,0.0,0.0,98086.09,1,1,1,1,Account Drain + Zero Destination
1066,59127.34,59127.34,0.0,17207.02,76334.36,0.0,0.0,0,1,0,1,Account Drain + Balance Mismatch
1067,10000000.0,10000000.0,0.0,211048.11,10211048.11,0.0,0.0,0,1,0,1,Account Drain + Balance Mismatch
1068,172915.56,172915.56,0.0,0.0,0.0,0.0,172915.56,1,1,1,1,Account Drain + Zero Destination
1069,6250438.78,6250438.78,0.0,0.0,0.0,0.0,6250438.78,1,1,1,1,Account Drain + Zero Destination
1070,4672401.04,4672401.04,0.0,0.0,0.0,0.0,4672401.04,1,1,1,1,Account Drain + Zero Destination
1071,135845.3,135845.3,0.0,448088.56,583933.86,0.0,0.0,0,1,0,1,Account Drain + Balance Mismatch
1072,834592.4,834592.4,0.0,0.0,0.0,0.0,834592.4,1,1,1,1,Account Drain + Zero Destination
1073,4364760.42,4364760.42,0.0,91395.98,4456156.41,0.0,-0.0099999997764825,0,1,0,1,Account Drain + Balance Mismatch
1074,185510.21,185510.21,0.0,0.0,185510.21,0.0,0.0,0,1,0,1,Account Drain + Balance Mismatch
1075,306691.05,306691.05,0.0,0.0,0.0,0.0,306691.05,1,1,1,1,Account Drain + Zero Destination
1076,261742.96,261742.96,0.0,202735.19,464478.14,0.0,0.0100000000093132,0,1,0,1,Account Drain + Balance Mismatch
1077,50523.78,50523.78,0.0,0.0,0.0,0.0,50523.78,1,1,1,1,Account Drain + Zero Destination
1078,1023189.9,1023189.9,0.0,66259.25,1089449.14,0.0,0.0100000000093132,0,1,0,1,Account Drain + Balance Mismatch
1079,63624.08,63624.08,0.0,0.0,63624.08,0.0,0.0,0,1,0,1,Account Drain + Balance Mismatch
1080,99168.97,99168.97,0.0,0.0,0.0,0.0,99168.97,1,1,1,1,Account Drain + Zero Destination
1081,799123.57,799123.57,0.0,5474293.01,6273416.58,0.0,0.0,0,1,0,1,Account Drain + Balance Mismatch
1082,122235.11,122235.11,0.0,0.0,0.0,0.0,122235.11,1,1,1,1,Account Drain + Zero Destination
1083,1266752.6,1266752.6,0.0,0.0,0.0,0.0,1266752.6,1,1,1,1,Account Drain + Zero Destination
1084,405062.33,405062.33,0.0,0.0,0.0,0.0,405062.33,1,1,1,1,Account Drain + Zero Destination
1085,455709.8,455709.8,0.0,46498.39,502208.18,0.0,0.0100000000093132,0,1,0,1,Account Drain + Balance Mismatch
1086,413132.18,0.0,0.0,0.0,413132.18,-413132.18,0.0,0,1,0,1,Account Drain + Balance Mismatch
1087,1892137.66,1892137.66,0.0,200578.99,2092716.65,0.0,0.0,0,1,0,1,Account Drain + Balance Mismatch
1088,1425062.97,1425062.97,0.0,0.0,0.0,0.0,1425062.97,1,1,1,1,Account Drain + Zero Destination
1089,7696836.35,7696836.35,0.0,180993.45,7877829.8,0.0,0.0,0,1,0,1,Account Drain + Balance Mismatch
1090,4672401.04,4672401.04,0.0,13043.09,4685444.13,0.0,0.0,0,1,0,1,Account Drain + Balance Mismatch
1091,9207.38,9207.38,0.0,0.0,9207.38,0.0,0.0,0,1,0,1,Account Drain + Balance Mismatch
1092,230652.43,230652.43,0.0,55063.86,285716.3,0.0,-0.0100000000093132,0,1,0,1,Account Drain + Balance Mismatch
1093,1842.0,1842.0,0.0,0.0,0.0,0.0,1842.0,1,1,1,1,Account Drain + Zero Destination
1094,3138.25,3138.25,0.0,249297.18,252435.43,0.0,0.0,0,1,0,1,Account Drain + Balance Mismatch
1095,3879669.76,3879669.76,0.0,621931.51,4501601.27,0.0,0.0,0,1,0,1,Account Drain + Balance Mismatch
1096,766631.82,766631.82,0.0,0.0,0.0,0.0,766631.82,1,1,1,1,Account Drain + Zero Destination
1097,781988.85,781988.85,0.0,0.0,0.0,0.0,781988.85,1,1,1,1,Account Drain + Zero Destination
1098,49199.2,49199.2,0.0,0.0,49199.2,0.0,0.0,0,1,0,1,Account Drain + Balance Mismatch
1099,46073.56,46073.56,0.0,1962.98,48036.54,0.0,0.0,0,1,0,1,Account Drain + Balance Mismatch
1100,400758.85,400758.85,0.0,2210854.46,4090444.07,0.0,-1478830.7599999998,0,1,0,1,Account Drain + Balance Mismatch
1101,25529.76,25529.76,0.0,9798.98,35328.74,0.0,0.0,0,1,0,1,Account Drain + Balance Mismatch
1102,830495.23,830495.23,0.0,4314942.61,5145437.83,0.0,0.0099999997764825,0,1,0,1,Account Drain + Balance Mismatch
1103,277655.1,0.0,0.0,0.0,277655.1,-277655.1,0.0,0,1,0,1,Account Drain + Balance Mismatch
1104,29174.8,29174.8,0.0,4093.57,33268.36,0.0,0.0100000000020372,0,1,0,1,Account Drain + Balance Mismatch
1105,7983958.34,7983958.34,0.0,0.0,0.0,0.0,7983958.34,1,1,1,1,Account Drain + Zero Destination
1106,1350574.58,1350574.58,0.0,2925591.98,4276166.57,0.0,-0.0099999997764825,0,1,0,1,Account Drain + Balance Mismatch
1107,1232013.7,1232013.7,0.0,0.0,1232013.7,0.0,0.0,0,1,0,1,Account Drain + Balance Mismatch
1108,633384.46,633384.46,0.0,0.0,0.0,0.0,633384.46,1,1,1,1,Account Drain + Zero Destination
1109,1177100.83,1177100.83,0.0,0.0,1177100.83,0.0,0.0,0,1,0,1,Account Drain + Balance Mismatch
1110,443893.69,443893.69,0.0,3118325.8,3562219.49,0.0,-4.656612873077393e-10,0,1,0,1,Account Drain + Balance Mismatch
1111,222694.08,222694.08,0.0,0.0,222694.08,0.0,0.0,0,1,0,1,Account Drain + Balance Mismatch
1112,1498296.47,1498296.47,0.0,13349963.73,14848260.19,0.0,0.0100000016391277,0,1,0,1,Account Drain + Balance Mismatch
1113,262960.23,262960.23,0.0,0.0,0.0,0.0,262960.23,1,1,1,1,Account Drain + Zero Destination
1114,21738.98,21738.98,0.0,0.0,21738.98,0.0,0.0,0,1,0,1,Account Drain + Balance Mismatch
1115,16182.7,16182.7,0.0,0.0,16182.7,0.0,0.0,0,1,0,1,Account Drain + Balance Mismatch
1116,4309298.47,4309298.47,0.0,0.0,0.0,0.0,4309298.47,1,1,1,1,Account Drain + Zero Destination
1117,9585040.37,19585040.37,19585040.37,0.0,0.0,-9585040.37,9585040.37,1,0,1,1,Account Drain + Zero Destination
1118,267564.83,267564.83,0.0,0.0,0.0,0.0,267564.83,1,1,1,1,Account Drain + Zero Destination
1119,1070031.6,1070031.6,0.0,8950696.17,10020727.77,0.0,0.0,0,1,0,1,Account Drain + Balance Mismatch
1120,6199009.0,6199009.0,0.0,0.0,0.0,0.0,6199009.0,1,1,1,1,Account Drain + Zero Destination
1121,20278.62,20278.62,0.0,12454.77,32733.39,0.0,0.0,0,1,0,1,Account Drain + Balance Mismatch
1122,451663.55,451663.55,0.0,0.0,0.0,0.0,451663.55,1,1,1,1,Account Drain + Zero Destination
1123,2871898.5,2871898.5,0.0,0.0,0.0,0.0,2871898.5,1,1,1,1,Account Drain + Zero Destination
1124,126715.84,126715.84,0.0,273157.93,399873.77,0.0,0.0,0,1,0,1,Account Drain + Balance Mismatch
1125,6029387.26,6029387.26,0.0,662435.69,6691822.95,0.0,-9.313225746154783e-10,0,1,0,1,Account Drain + Balance Mismatch
1126,106850.22,106850.22,0.0,225081.54,331931.76,0.0,0.0,0,1,0,1,Account Drain + Balance Mismatch
1127,577301.73,577301.73,0.0,0.0,0.0,0.0,577301.73,1,1,1,1,Account Drain + Zero Destination
1128,147649.37,147649.37,0.0,1276920.56,1424569.93,0.0,2.3283064365386963e-10,0,1,0,1,Account Drain + Balance Mismatch
1129,112835.43,112835.43,0.0,857193.78,970029.21,0.0,0.0,0,1,0,1,Account Drain + Balance Mismatch
1130,465498.74,465498.74,0.0,3709348.65,4174847.39,0.0,-4.656612873077393e-10,0,1,0,1,Account Drain + Balance Mismatch
1131,436317.49,436317.49,0.0,195948.3,632265.79,0.0,0.0,0,1,0,1,Account Drain + Balance Mismatch
1132,10000000.0,15999376.79,5999376.79,0.0,0.0,-9.313225746154783e-10,10000000.0,1,0,1,1,Account Drain + Zero Destination
1133,854550.85,854550.85,0.0,186808.48,1041359.33,0.0,0.0,0,1,0,1,Account Drain + Balance Mismatch
1134,1385945.61,1385945.61,0.0,0.0,0.0,0.0,1385945.61,1,1,1,1,Account Drain + Zero Destination
1135,2477661.97,2477661.97,0.0,25166.02,2502828.0,0.0,-0.0099999997764825,0,1,0,1,Account Drain + Balance Mismatch
1136,975389.94,975389.94,0.0,0.0,0.0,0.0,975389.94,1,1,1,1,Account Drain + Zero Destination
1137,1028284.82,1028284.82,0.0,0.0,0.0,0.0,1028284.82,1,1,1,1,Account Drain + Zero Destination
1138,905919.58,905919.58,0.0,0.0,0.0,0.0,905919.58,1,1,1,1,Account Drain + Zero Destination
1139,212130.67,212130.67,0.0,0.0,0.0,0.0,212130.67,1,1,1,1,Account Drain + Zero Destination
1140,60274.87,60274.87,0.0,7246746.56,7307021.43,0.0,0.0,0,1,0,1,Account Drain + Balance Mismatch
1141,264286.19,264286.19,0.0,714984.86,979271.04,0.0,0.0100000000093132,0,1,0,1,Account Drain + Balance Mismatch
1142,355969.72,355969.72,0.0,0.0,0.0,0.0,355969.72,1,1,1,1,Account Drain + Zero Destination
1143,636.0,636.0,0.0,0.0,636.0,0.0,0.0,0,1,0,1,Account Drain + Balance Mismatch
1144,6174385.48,6174385.48,0.0,0.0,0.0,0.0,6174385.48,1,1,1,1,Account Drain + Zero Destination
1145,187128.57,187128.57,0.0,0.0,0.0,0.0,187128.57,1,1,1,1,Account Drain + Zero Destination
1146,444467.68,0.0,0.0,0.0,444467.68,-444467.68,0.0,0,1,0,1,Account Drain + Balance Mismatch
1147,186227.75,186227.75,0.0,225566.47,411794.22,0.0,0.0,0,1,0,1,Account Drain + Balance Mismatch
1148,2934820.94,2934820.94,0.0,0.0,0.0,0.0,2934820.94,1,1,1,1,Account Drain + Zero Destination
1149,43928.31,43928.31,0.0,0.0,43928.31,0.0,0.0,0,1,0,1,Account Drain + Balance Mismatch
1150,3864609.52,3864609.52,0.0,0.0,3864609.52,0.0,0.0,0,1,0,1,Account Drain + Balance Mismatch
1151,73486.8,73486.8,0.0,0.0,0.0,0.0,73486.8,1,1,1,1,Account Drain + Zero Destination
1152,73599.57,73599.57,0.0,0.0,0.0,0.0,73599.57,1,1,1,1,Account Drain + Zero Destination
1153,4716.08,4716.08,0.0,0.0,0.0,0.0,4716.08,1,1,1,1,Account Drain + Zero Destination
1154,1454592.61,1454592.61,0.0,264042.92,1718635.53,0.0,0.0,0,1,0,1,Account Drain + Balance Mismatch
1155,10000000.0,10000000.0,0.0,302854.73,10302854.73,0.0,0.0,0,1,0,1,Account Drain + Balance Mismatch
1156,2046684.58,2046684.58,0.0,0.0,0.0,0.0,2046684.58,1,1,1,1,Account Drain + Zero Destination
1157,2054631.55,2054631.55,0.0,0.0,2054631.55,0.0,0.0,0,1,0,1,Account Drain + Balance Mismatch
1158,7677120.59,7677120.59,0.0,14712164.85,22389285.44,0.0,-3.725290298461914e-09,0,1,0,1,Account Drain + Balance Mismatch
1159,37119.58,37119.58,0.0,0.0,37119.58,0.0,0.0,0,1,0,1,Account Drain + Balance Mismatch
1160,163294.35,163294.35,0.0,234212.42,397506.77,0.0,0.0,0,1,0,1,Account Drain + Balance Mismatch
1161,2772043.9,2772043.9,0.0,0.0,0.0,0.0,2772043.9,1,1,1,1,Account Drain + Zero Destination
1162,6302888.93,6302888.93,0.0,0.0,0.0,0.0,6302888.93,1,1,1,1,Account Drain + Zero Destination
1163,3641525.7,3641525.7,0.0,0.0,0.0,0.0,3641525.7,1,1,1,1,Account Drain + Zero Destination
1164,19472.0,19472.0,0.0,0.0,0.0,0.0,19472.0,1,1,1,1,Account Drain + Zero Destination
1165,2136099.59,2136099.59,0.0,0.0,0.0,0.0,2136099.59,1,1,1,1,Account Drain + Zero Destination
1166,819048.34,819048.34,0.0,1104098.69,1923147.03,0.0,-2.3283064365386963e-10,0,1,0,1,Account Drain + Balance Mismatch
1167,84007.22,84007.22,0.0,0.0,0.0,0.0,84007.22,1,1,1,1,Account Drain + Zero Destination
1168,21960.02,21960.02,0.0,0.0,0.0,0.0,21960.02,1,1,1,1,Account Drain + Zero Destination
1169,112958.85,112958.85,0.0,0.0,0.0,0.0,112958.85,1,1,1,1,Account Drain + Zero Destination
1170,1397162.15,1397162.15,0.0,3145907.84,4543069.99,0.0,0.0,0,1,0,1,Account Drain + Balance Mismatch
1171,119.0,119.0,0.0,4844060.13,4844179.13,0.0,0.0,0,1,0,1,Account Drain + Balance Mismatch
1172,989954.57,989954.57,0.0,0.0,0.0,0.0,989954.57,1,1,1,1,Account Drain + Zero Destination
1173,6512846.44,6512846.44,0.0,132217.8,6645064.24,0.0,0.0,0,1,0,1,Account Drain + Balance Mismatch
1174,404394.04,404394.04,0.0,0.0,0.0,0.0,404394.04,1,1,1,1,Account Drain + Zero Destination
1175,283415.1,283415.1,0.0,0.0,0.0,0.0,283415.1,1,1,1,1,Account Drain + Zero Destination
1176,677563.22,677563.22,0.0,5725307.68,6402870.9,0.0,-9.313225746154783e-10,0,1,0,1,Account Drain + Balance Mismatch
1177,2938833.22,2938833.22,0.0,0.0,2938833.22,0.0,0.0,0,1,0,1,Account Drain + Balance Mismatch
1178,88748.63,88748.63,0.0,664794.37,753543.0,0.0,0.0,0,1,0,1,Account Drain + Balance Mismatch
1179,5652739.69,5652739.69,0.0,1662631.92,7315371.62,0.0,-0.0099999997764825,0,1,0,1,Account Drain + Balance Mismatch
1180,1083860.21,1083860.21,0.0,0.0,0.0,0.0,1083860.21,1,1,1,1,Account Drain + Zero Destination
1181,53325.6,53325.6,0.0,0.0,0.0,0.0,53325.6,1,1,1,1,Account Drain + Zero Destination
1182,1996.17,1996.17,0.0,0.0,0.0,0.0,1996.17,1,1,1,1,Account Drain + Zero Destination
1183,634046.89,634046.89,0.0,0.0,0.0,0.0,634046.89,1,1,1,1,Account Drain + Zero Destination
1184,269476.09,269476.09,0.0,0.0,0.0,0.0,269476.09,1,1,1,1,Account Drain + Zero Destination
1185,776303.43,776303.43,0.0,0.0,0.0,0.0,776303.43,1,1,1,1,Account Drain + Zero Destination
1186,136983.26,136983.26,0.0,0.0,0.0,0.0,136983.26,1,1,1,1,Account Drain + Zero Destination
1187,2040374.55,2040374.55,0.0,50729.93,2091104.48,0.0,0.0,0,1,0,1,Account Drain + Balance Mismatch
1188,8383.17,8383.17,0.0,0.0,0.0,0.0,8383.17,1,1,1,1,Account Drain + Zero Destination
1189,59813.61,59813.61,0.0,0.0,0.0,0.0,59813.61,1,1,1,1,Account Drain + Zero Destination
1190,57466.42,57466.42,0.0,0.0,0.0,0.0,57466.42,1,1,1,1,Account Drain + Zero Destination
1191,374849.33,0.0,0.0,0.0,374849.33,-374849.33,0.0,0,1,0,1,Account Drain + Balance Mismatch
1192,6311409.28,6311409.28,0.0,68488.84,6379898.11,0.0,0.0099999997764825,0,1,0,1,Account Drain + Balance Mismatch
1193,643052.88,643052.88,0.0,0.0,643052.88,0.0,0.0,0,1,0,1,Account Drain + Balance Mismatch
1194,377038.53,377038.53,0.0,0.0,0.0,0.0,377038.53,1,1,1,1,Account Drain + Zero Destination
1195,72901.03,72901.03,0.0,0.0,0.0,0.0,72901.03,1,1,1,1,Account Drain + Zero Destination
1196,256417.06,256417.06,0.0,0.0,0.0,0.0,256417.06,1,1,1,1,Account Drain + Zero Destination
1197,1372301.24,1372301.24,0.0,0.0,0.0,0.0,1372301.24,1,1,1,1,Account Drain + Zero Destination
1198,312151.06,312151.06,0.0,0.0,0.0,0.0,312151.06,1,1,1,1,Account Drain + Zero Destination
1199,94613.12,94613.12,0.0,0.0,0.0,0.0,94613.12,1,1,1,1,Account Drain + Zero Destination
1200,1027963.96,1027963.96,0.0,3216668.79,4244632.75,0.0,0.0,0,1,0,1,Account Drain + Balance Mismatch
1201,20243.24,20243.24,0.0,1132460.42,1152703.66,0.0,0.0,0,1,0,1,Account Drain + Balance Mismatch
1202,528149.74,528149.74,0.0,0.0,0.0,0.0,528149.74,1,1,1,1,Account Drain + Zero Destination
1203,11481.0,11481.0,0.0,0.0,263492.28,0.0,-252011.28000000003,0,1,1,1,Account Drain + Balance Mismatch
1204,3640271.29,3640271.29,0.0,0.0,0.0,0.0,3640271.29,1,1,1,1,Account Drain + Zero Destination
1205,439893.35,0.0,0.0,0.0,439893.35,-439893.35,0.0,0,1,0,1,Account Drain + Balance Mismatch
1206,3370781.65,3370781.65,0.0,1214442.64,4585224.29,0.0,0.0,0,1,0,1,Account Drain + Balance Mismatch
1207,13890.42,13890.42,0.0,0.0,0.0,0.0,13890.42,1,1,1,1,Account Drain + Zero Destination
1208,6558087.93,6558087.93,0.0,0.0,6558087.93,0.0,0.0,0,1,0,1,Account Drain + Balance Mismatch
1209,7513581.46,7513581.46,0.0,0.0,0.0,0.0,7513581.46,1,1,1,1,Account Drain + Zero Destination
1210,186227.75,186227.75,0.0,0.0,0.0,0.0,186227.75,1,1,1,1,Account Drain + Zero Destination
1211,150405.2,150405.2,0.0,170707.62,321112.82,0.0,0.0,0,1,0,1,Account Drain + Balance Mismatch
1212,66516.2,66516.2,0.0,156834.4,223350.6,0.0,-2.9103830456733704e-11,0,1,0,1,Account Drain + Balance Mismatch
1213,279776.54,279776.54,0.0,0.0,279776.54,0.0,0.0,0,1,0,1,Account Drain + Balance Mismatch
1214,6468916.64,6468916.64,0.0,35684.9,6504601.55,0.0,-0.0099999997764825,0,1,0,1,Account Drain + Balance Mismatch
1215,21990.52,21990.52,0.0,0.0,0.0,0.0,21990.52,1,1,1,1,Account Drain + Zero Destination
1216,147267.01,147267.01,0.0,0.0,0.0,0.0,147267.01,1,1,1,1,Account Drain + Zero Destination
1217,80336.26,80336.26,0.0,0.0,0.0,0.0,80336.26,1,1,1,1,Account Drain + Zero Destination
1218,323726.61,323726.61,0.0,0.0,0.0,0.0,323726.61,1,1,1,1,Account Drain + Zero Destination
1219,346293.24,346293.24,0.0,0.0,0.0,0.0,346293.24,1,1,1,1,Account Drain + Zero Destination
1220,2291498.65,2291498.65,0.0,0.0,0.0,0.0,2291498.65,1,1,1,1,Account Drain + Zero Destination
1221,156039.36,156039.36,0.0,0.0,156039.36,0.0,0.0,0,1,0,1,Account Drain + Balance Mismatch
1222,470325.08,470325.08,0.0,0.0,0.0,0.0,470325.08,1,1,1,1,Account Drain + Zero Destination
1223,10000000.0,13924102.18,3924102.18,0.0,0.0,-4.656612873077393e-10,10000000.0,1,0,1,1,Account Drain + Zero Destination
1224,1150717.15,1150717.15,0.0,39045.89,1189763.04,0.0,-2.3283064365386963e-10,0,1,0,1,Account Drain + Balance Mismatch
1225,11424.36,11424.36,0.0,155495.9,166920.26,0.0,0.0,0,1,0,1,Account Drain + Balance Mismatch
1226,126061.45,126061.45,0.0,0.0,0.0,0.0,126061.45,1,1,1,1,Account Drain + Zero Destination
1227,6370726.84,6370726.84,0.0,0.0,0.0,0.0,6370726.84,1,1,1,1,Account Drain + Zero Destination
1228,357226.8,357226.8,0.0,0.0,357226.8,0.0,0.0,0,1,0,1,Account Drain + Balance Mismatch
1229,254167.15,254167.15,0.0,0.0,0.0,0.0,254167.15,1,1,1,1,Account Drain + Zero Destination
1230,10000000.0,10000000.0,0.0,0.0,10000000.0,0.0,0.0,0,1,0,1,Account Drain + Balance Mismatch
1231,9593838.63,9593838.63,0.0,0.0,0.0,0.0,9593838.63,1,1,1,1,Account Drain + Zero Destination
1232,1385945.61,1385945.61,0.0,446776.76,1832722.37,0.0,0.0,0,1,0,1,Account Drain + Balance Mismatch
1233,27696.89,27696.89,0.0,0.0,0.0,0.0,27696.89,1,1,1,1,Account Drain + Zero Destination
1234,10000000.0,10000000.0,0.0,0.0,10000000.0,0.0,0.0,0,1,0,1,Account Drain + Balance Mismatch
1235,374356.32,0.0,0.0,0.0,374356.32,-374356.32,0.0,0,1,0,1,Account Drain + Balance Mismatch
1236,2254718.25,2254718.25,0.0,123702.38,2378420.62,0.0,0.0099999997764825,0,1,0,1,Account Drain + Balance Mismatch
1237,134725.66,134725.66,0.0,0.0,0.0,0.0,134725.66,1,1,1,1,Account Drain + Zero Destination
1238,3263443.15,3263443.15,0.0,927721.34,4191164.5,0.0,-0.0100000002421438,0,1,0,1,Account Drain + Balance Mismatch
1239,1048.63,1048.63,0.0,0.0,0.0,0.0,1048.63,1,1,1,1,Account Drain + Zero Destination
1240,124465.49,124465.49,0.0,0.0,124465.49,0.0,0.0,0,1,0,1,Account Drain + Balance Mismatch
1241,329728.11,329728.11,0.0,0.0,0.0,0.0,329728.11,1,1,1,1,Account Drain + Zero Destination
1242,53107.96,53107.96,0.0,9062662.62,9115770.58,0.0,0.0,0,1,0,1,Account Drain + Balance Mismatch
1243,61487.67,61487.67,0.0,0.0,0.0,0.0,61487.67,1,1,1,1,Account Drain + Zero Destination
1244,723915.85,723915.85,0.0,0.0,0.0,0.0,723915.85,1,1,1,1,Account Drain + Zero Destination
1245,6183238.55,6183238.55,0.0,0.0,0.0,0.0,6183238.55,1,1,1,1,Account Drain + Zero Destination
1246,334890.91,334890.91,0.0,293880.5,628771.41,0.0,-1.1641532182693479e-10,0,1,0,1,Account Drain + Balance Mismatch
1247,980310.0,980310.0,0.0,0.0,0.0,0.0,980310.0,1,1,1,1,Account Drain + Zero Destination
1248,59127.34,59127.34,0.0,0.0,0.0,0.0,59127.34,1,1,1,1,Account Drain + Zero Destination
1249,1017016.67,1017016.67,0.0,0.0,1017016.67,0.0,0.0,0,1,0,1,Account Drain + Balance Mismatch
1250,249365.63,249365.63,0.0,0.0,249365.63,0.0,0.0,0,1,0,1,Account Drain + Balance Mismatch
1251,12278.0,12278.0,0.0,0.0,0.0,0.0,12278.0,1,1,1,1,Account Drain + Zero Destination
1252,10000000.0,10000000.0,0.0,0.0,10000000.0,0.0,0.0,0,1,0,1,Account Drain + Balance Mismatch
1253,222735.34,222735.34,0.0,0.0,222735.34,0.0,0.0,0,1,0,1,Account Drain + Balance Mismatch
1254,511389.5,511389.5,0.0,0.0,511389.5,0.0,0.0,0,1,0,1,Account Drain + Balance Mismatch
1255,143175.23,143175.23,0.0,0.0,0.0,0.0,143175.23,1,1,1,1,Account Drain + Zero Destination
1256,476321.8,476321.8,0.0,0.0,476321.8,0.0,0.0,0,1,0,1,Account Drain + Balance Mismatch
1257,346704.55,346704.55,0.0,513994.79,860699.34,0.0,0.0,0,1,0,1,Account Drain + Balance Mismatch
1258,781183.07,781183.07,0.0,222966.53,1004149.6,0.0,0.0,0,1,0,1,Account Drain + Balance Mismatch
1259,497526.17,497526.17,0.0,0.0,0.0,0.0,497526.17,1,1,1,1,Account Drain + Zero Destination
1260,255028.93,255028.93,0.0,2684616.74,2939645.67,0.0,4.656612873077393e-10,0,1,0,1,Account Drain + Balance Mismatch
1261,102229.91,102229.91,0.0,0.0,102229.91,0.0,0.0,0,1,0,1,Account Drain + Balance Mismatch
1262,157494.6,157494.6,0.0,0.0,0.0,0.0,157494.6,1,1,1,1,Account Drain + Zero Destination
1263,188441.76,188441.76,0.0,0.0,0.0,0.0,188441.76,1,1,1,1,Account Drain + Zero Destination
1264,155799.82,155799.82,0.0,1605951.92,1761751.74,0.0,0.0,0,1,0,1,Account Drain + Balance Mismatch
1265,40075.02,40075.02,0.0,0.0,0.0,0.0,40075.02,1,1,1,1,Account Drain + Zero Destination
1266,31945.44,31945.44,0.0,95415.09,127360.53,0.0,0.0,0,1,0,1,Account Drain + Balance Mismatch
1267,74709.4,74709.4,0.0,0.0,0.0,0.0,74709.4,1,1,1,1,Account Drain + Zero Destination
1268,205170.29,205170.29,0.0,12555586.13,12760756.42,0.0,0.0,0,1,0,1,Account Drain + Balance Mismatch
1269,328427.77,328427.77,0.0,49762.33,378190.1,0.0,5.820766091346741e-11,0,1,0,1,Account Drain + Balance Mismatch
1270,70753.9,70753.9,0.0,0.0,0.0,0.0,70753.9,1,1,1,1,Account Drain + Zero Destination
1271,432958.83,432958.83,0.0,0.0,432958.83,0.0,0.0,0,1,0,1,Account Drain + Balance Mismatch
1272,119306.06,119306.06,0.0,4040.44,123346.5,0.0,0.0,0,1,0,1,Account Drain + Balance Mismatch
1273,14017.38,14017.38,0.0,0.0,14017.38,0.0,0.0,0,1,0,1,Account Drain + Balance Mismatch
1274,19646.09,19646.09,0.0,0.0,19646.09,0.0,0.0,0,1,0,1,Account Drain + Balance Mismatch
1275,177429.18,177429.18,0.0,0.0,0.0,0.0,177429.18,1,1,1,1,Account Drain + Zero Destination
1276,435166.65,435166.65,0.0,0.0,0.0,0.0,435166.65,1,1,1,1,Account Drain + Zero Destination
1277,57543.34,57543.34,0.0,0.0,57543.34,0.0,0.0,0,1,0,1,Account Drain + Balance Mismatch
1278,9060955.18,9060955.18,0.0,0.0,0.0,0.0,9060955.18,1,1,1,1,Account Drain + Zero Destination
1279,1409248.64,1409248.64,0.0,0.0,0.0,0.0,1409248.64,1,1,1,1,Account Drain + Zero Destination
1280,56888.23,56888.23,0.0,0.0,0.0,0.0,56888.23,1,1,1,1,Account Drain + Zero Destination
1281,253261.36,253261.36,0.0,0.0,253261.36,0.0,0.0,0,1,0,1,Account Drain + Balance Mismatch
1282,3424092.39,3424092.39,0.0,0.0,3424092.39,0.0,0.0,0,1,0,1,Account Drain + Balance Mismatch
1283,9811104.49,9811104.49,0.0,0.0,0.0,0.0,9811104.49,1,1,1,1,Account Drain + Zero Destination
1284,478078.24,478078.24,0.0,0.0,0.0,0.0,478078.24,1,1,1,1,Account Drain + Zero Destination
1285,11630.38,11630.38,0.0,36945.1,48575.48,0.0,-7.275957614183426e-12,0,1,0,1,Account Drain + Balance Mismatch
1286,6262505.91,6262505.91,0.0,150228.21,6412734.11,0.0,0.0099999997764825,0,1,0,1,Account Drain + Balance Mismatch
1287,1054244.29,1054244.29,0.0,944153.97,1998398.26,0.0,0.0,0,1,0,1,Account Drain + Balance Mismatch
1288,345425.57,345425.57,0.0,0.0,0.0,0.0,345425.57,1,1,1,1,Account Drain + Zero Destination
1289,10000000.0,13171085.59,3171085.59,0.0,0.0,0.0,10000000.0,1,0,1,1,Account Drain + Zero Destination
1290,271731.05,271731.05,0.0,0.0,0.0,0.0,271731.05,1,1,1,1,Account Drain + Zero Destination
1291,346093.52,0.0,0.0,0.0,346093.52,-346093.52,0.0,0,1,0,1,Account Drain + Balance Mismatch
1292,3718503.37,3718503.37,0.0,4365225.42,8083728.79,0.0,0.0,0,1,0,1,Account Drain + Balance Mismatch
1293,90026.9,90026.9,0.0,339171.02,429197.92,0.0,5.820766091346741e-11,0,1,0,1,Account Drain + Balance Mismatch
1294,503620.99,503620.99,0.0,0.0,0.0,0.0,503620.99,1,1,1,1,Account Drain + Zero Destination
1295,48375.02,48375.02,0.0,0.0,0.0,0.0,48375.02,1,1,1,1,Account Drain + Zero Destination
1296,10000000.0,23752520.6,13752520.6,0.0,0.0,1.862645149230957e-09,10000000.0,1,0,1,1,Account Drain + Zero Destination
1297,14949.84,14949.84,0.0,18161.79,33111.63,0.0,7.275957614183426e-12,0,1,0,1,Account Drain + Balance Mismatch
1298,143501.7,143501.7,0.0,0.0,0.0,0.0,143501.7,1,1,1,1,Account Drain + Zero Destination
1299,9228514.1,9228514.1,0.0,0.0,0.0,0.0,9228514.1,1,1,1,1,Account Drain + Zero Destination
1300,161024.8,161024.8,0.0,0.0,0.0,0.0,161024.8,1,1,1,1,Account Drain + Zero Destination
1301,127091.33,127091.33,0.0,0.0,0.0,0.0,127091.33,1,1,1,1,Account Drain + Zero Destination
1302,134861.82,134861.82,0.0,0.0,0.0,0.0,134861.82,1,1,1,1,Account Drain + Zero Destination
1303,389214.05,389214.05,0.0,0.0,0.0,0.0,389214.05,1,1,1,1,Account Drain + Zero Destination
1304,6273660.45,6273660.45,0.0,0.0,0.0,0.0,6273660.45,1,1,1,1,Account Drain + Zero Destination
1305,226558.58,0.0,0.0,0.0,226558.58,-226558.58,0.0,0,1,0,1,Account Drain + Balance Mismatch
1306,754874.26,754874.26,0.0,0.0,0.0,0.0,754874.26,1,1,1,1,Account Drain + Zero Destination
1307,71693.42,71693.42,0.0,0.0,0.0,0.0,71693.42,1,1,1,1,Account Drain + Zero Destination
1308,24412.07,24412.07,0.0,0.0,0.0,0.0,24412.07,1,1,1,1,Account Drain + Zero Destination
1309,834203.65,834203.65,0.0,0.0,834203.65,0.0,0.0,0,1,0,1,Account Drain + Balance Mismatch
1310,6703831.4,6703831.4,0.0,0.0,0.0,0.0,6703831.4,1,1,1,1,Account Drain + Zero Destination
1311,62372.43,62372.43,0.0,0.0,0.0,0.0,62372.43,1,1,1,1,Account Drain + Zero Destination
1312,2926854.05,2926854.05,0.0,0.0,2926854.05,0.0,0.0,0,1,0,1,Account Drain + Balance Mismatch
1313,10000000.0,10000000.0,0.0,141403.34,10141403.34,0.0,0.0,0,1,0,1,Account Drain + Balance Mismatch
1314,3118811.65,3118811.65,0.0,0.0,0.0,0.0,3118811.65,1,1,1,1,Account Drain + Zero Destination
1315,46661.03,46661.03,0.0,587237.65,633898.68,0.0,0.0,0,1,0,1,Account Drain + Balance Mismatch
1316,112656.24,112656.24,0.0,0.0,0.0,0.0,112656.24,1,1,1,1,Account Drain + Zero Destination
1317,2219475.13,2219475.13,0.0,589145.32,2808620.45,0.0,-4.656612873077393e-10,0,1,0,1,Account Drain + Balance Mismatch
1318,28871.9,28871.9,0.0,500205.51,529077.41,0.0,0.0,0,1,0,1,Account Drain + Balance Mismatch
1319,37720.99,37720.99,0.0,288804.07,326525.06,0.0,0.0,0,1,0,1,Account Drain + Balance Mismatch
1320,176776.55,176776.55,0.0,0.0,0.0,0.0,176776.55,1,1,1,1,Account Drain + Zero Destination
1321,8950011.46,8950011.46,0.0,0.0,0.0,0.0,8950011.46,1,1,1,1,Account Drain + Zero Destination
1322,219110.27,219110.27,0.0,402986.55,622096.82,0.0,0.0,0,1,0,1,Account Drain + Balance Mismatch
1323,2075328.73,2075328.73,0.0,0.0,0.0,0.0,2075328.73,1,1,1,1,Account Drain + Zero Destination
1324,368951.94,368951.94,0.0,0.0,0.0,0.0,368951.94,1,1,1,1,Account Drain + Zero Destination
1325,671406.79,671406.79,0.0,102024.04,773430.83,0.0,1.1641532182693479e-10,0,1,0,1,Account Drain + Balance Mismatch
1326,3890627.92,3890627.92,0.0,0.0,3890627.92,0.0,0.0,0,1,0,1,Account Drain + Balance Mismatch
1327,244814.12,244814.12,0.0,0.0,0.0,0.0,244814.12,1,1,1,1,Account Drain + Zero Destination
1328,403975.39,403975.39,0.0,0.0,403975.39,0.0,0.0,0,1,0,1,Account Drain + Balance Mismatch
1329,2341474.44,2341474.44,0.0,18780.15,2360254.6,0.0,-0.0100000002421438,0,1,0,1,Account Drain + Balance Mismatch
1330,1515291.19,1515291.19,0.0,234869.29,1750160.47,0.0,0.0100000000093132,0,1,0,1,Account Drain + Balance Mismatch
1331,2274566.61,2274566.61,0.0,0.0,0.0,0.0,2274566.61,1,1,1,1,Account Drain + Zero Destination
1332,64202.85,64202.85,0.0,0.0,0.0,0.0,64202.85,1,1,1,1,Account Drain + Zero Destination
1333,352179.76,352179.76,0.0,0.0,0.0,0.0,352179.76,1,1,1,1,Account Drain + Zero Destination
1334,335859.86,335859.86,0.0,0.0,335859.86,0.0,0.0,0,1,0,1,Account Drain + Balance Mismatch
1335,49434.25,49434.25,0.0,0.0,49434.25,0.0,0.0,0,1,0,1,Account Drain + Balance Mismatch
1336,396757.22,396757.22,0.0,0.0,0.0,0.0,396757.22,1,1,1,1,Account Drain + Zero Destination
1337,293470.64,293470.64,0.0,7670124.43,7963595.07,0.0,-9.313225746154783e-10,0,1,0,1,Account Drain + Balance Mismatch
1338,20111.45,20111.45,0.0,0.0,0.0,0.0,20111.45,1,1,1,1,Account Drain + Zero Destination
1339,5096946.74,5096946.74,0.0,10804.71,5107751.46,0.0,-0.0099999997764825,0,1,0,1,Account Drain + Balance Mismatch
1340,723782.37,723782.37,0.0,0.0,0.0,0.0,723782.37,1,1,1,1,Account Drain + Zero Destination
1341,149656.36,149656.36,0.0,42797.0,192453.36,0.0,0.0,0,1,0,1,Account Drain + Balance Mismatch
1342,1299860.86,1299860.86,0.0,0.0,1299860.86,0.0,0.0,0,1,0,1,Account Drain + Balance Mismatch
1343,71277.45,71277.45,0.0,2698147.17,2769424.62,0.0,0.0,0,1,0,1,Account Drain + Balance Mismatch
1344,1517771.48,1517771.48,0.0,0.0,0.0,0.0,1517771.48,1,1,1,1,Account Drain + Zero Destination
1345,43996.54,43996.54,0.0,808284.11,852280.66,0.0,-0.0100000000093132,0,1,0,1,Account Drain + Balance Mismatch
1346,3832058.34,3832058.34,0.0,0.0,0.0,0.0,3832058.34,1,1,1,1,Account Drain + Zero Destination
1347,3642569.29,3642569.29,0.0,1907850.52,5550419.81,0.0,9.313225746154783e-10,0,1,0,1,Account Drain + Balance Mismatch
1348,5239429.19,5239429.19,0.0,0.0,0.0,0.0,5239429.19,1,1,1,1,Account Drain + Zero Destination
1349,164500.81,164500.81,0.0,685636.21,850137.02,0.0,0.0,0,1,0,1,Account Drain + Balance Mismatch
1350,4644693.12,4644693.12,0.0,0.0,4644693.12,0.0,0.0,0,1,0,1,Account Drain + Balance Mismatch
1351,113338.99,113338.99,0.0,3290608.15,3403947.14,0.0,0.0,0,1,0,1,Account Drain + Balance Mismatch
1352,146095.73,146095.73,0.0,0.0,146095.73,0.0,0.0,0,1,0,1,Account Drain + Balance Mismatch
1353,343999.8,343999.8,0.0,33423.37,377423.17,0.0,0.0,0,1,0,1,Account Drain + Balance Mismatch
1354,594577.22,594577.22,0.0,685106.85,1279684.07,0.0,-2.3283064365386963e-10,0,1,0,1,Account Drain + Balance Mismatch
1355,158879.1,158879.1,0.0,751402.72,910281.82,0.0,0.0,0,1,0,1,Account Drain + Balance Mismatch
1356,336917.97,336917.97,0.0,0.0,0.0,0.0,336917.97,1,1,1,1,Account Drain + Zero Destination
1357,772379.36,772379.36,0.0,0.0,0.0,0.0,772379.36,1,1,1,1,Account Drain + Zero Destination
1358,1396824.94,1396824.94,0.0,25923.43,1422748.37,0.0,-2.3283064365386963e-10,0,1,0,1,Account Drain + Balance Mismatch
1359,228706.19,228706.19,0.0,0.0,0.0,0.0,228706.19,1,1,1,1,Account Drain + Zero Destination
1360,116489.77,116489.77,0.0,0.0,0.0,0.0,116489.77,1,1,1,1,Account Drain + Zero Destination
1361,575082.97,575082.97,0.0,0.0,575082.97,0.0,0.0,0,1,0,1,Account Drain + Balance Mismatch
1362,1137603.28,1137603.28,0.0,0.0,0.0,0.0,1137603.28,1,1,1,1,Account Drain + Zero Destination
1363,10000000.0,17041719.54,7041719.54,0.0,0.0,-9.313225746154783e-10,10000000.0,1,0,1,1,Account Drain + Zero Destination
1364,10000000.0,10000000.0,0.0,0.0,10000000.0,0.0,0.0,0,1,0,1,Account Drain + Balance Mismatch
1365,814689.88,814689.88,0.0,0.0,0.0,0.0,814689.88,1,1,1,1,Account Drain + Zero Destination
1366,440581.15,440581.15,0.0,0.0,0.0,0.0,440581.15,1,1,1,1,Account Drain + Zero Destination
1367,2874626.02,2874626.02,0.0,0.0,0.0,0.0,2874626.02,1,1,1,1,Account Drain + Zero Destination
1368,188658.45,188658.45,0.0,0.0,0.0,0.0,188658.45,1,1,1,1,Account Drain + Zero Destination
1369,10000000.0,15618179.9,5618179.9,0.0,0.0,0.0,10000000.0,1,0,1,1,Account Drain + Zero Destination
1370,25071.46,25071.46,0.0,0.0,0.0,0.0,25071.46,1,1,1,1,Account Drain + Zero Destination
1371,182739.36,182739.36,0.0,2520763.27,2703502.63,0.0,0.0,0,1,0,1,Account Drain + Balance Mismatch
1372,71921.7,71921.7,0.0,42131.23,114052.93,0.0,0.0,0,1,0,1,Account Drain + Balance Mismatch
1373,59841.44,59841.44,0.0,0.0,0.0,0.0,59841.44,1,1,1,1,Account Drain + Zero Destination
1374,564263.94,564263.94,0.0,0.0,0.0,0.0,564263.94,1,1,1,1,Account Drain + Zero Destination
1375,10000000.0,14892193.09,4892193.09,0.0,0.0,0.0,10000000.0,1,0,1,1,Account Drain + Zero Destination
1376,444766.43,444766.43,0.0,0.0,0.0,0.0,444766.43,1,1,1,1,Account Drain + Zero Destination
1377,156011.24,156011.24,0.0,152239.96,308251.2,0.0,-5.820766091346741e-11,0,1,0,1,Account Drain + Balance Mismatch
1378,25040.78,25040.78,0.0,0.0,0.0,0.0,25040.78,1,1,1,1,Account Drain + Zero Destination
1379,2246118.53,2246118.53,0.0,0.0,2246118.53,0.0,0.0,0,1,0,1,Account Drain + Balance Mismatch
1380,7363709.23,7363709.23,0.0,0.0,0.0,0.0,7363709.23,1,1,1,1,Account Drain + Zero Destination
1381,76960.91,76960.91,0.0,0.0,0.0,0.0,76960.91,1,1,1,1,Account Drain + Zero Destination
1382,21332.46,21332.46,0.0,0.0,0.0,0.0,21332.46,1,1,1,1,Account Drain + Zero Destination
1383,5591647.96,5591647.96,0.0,952338.2,6543986.15,0.0,0.0099999997764825,0,1,0,1,Account Drain + Balance Mismatch
1384,61505.06,61505.06,0.0,287479.07,348984.13,0.0,0.0,0,1,0,1,Account Drain + Balance Mismatch
1385,198383.8,198383.8,0.0,2367972.08,2566355.88,0.0,0.0,0,1,0,1,Account Drain + Balance Mismatch
1386,3887853.15,3887853.15,0.0,0.0,0.0,0.0,3887853.15,1,1,1,1,Account Drain + Zero Destination
1387,4690769.98,4690769.98,0.0,0.0,4690769.98,0.0,0.0,0,1,0,1,Account Drain + Balance Mismatch
1388,116940.32,116940.32,0.0,491820.33,608760.65,0.0,0.0,0,1,0,1,Account Drain + Balance Mismatch
1389,2040374.55,2040374.55,0.0,0.0,0.0,0.0,2040374.55,1,1,1,1,Account Drain + Zero Destination
1390,240427.17,240427.17,0.0,0.0,0.0,0.0,240427.17,1,1,1,1,Account Drain + Zero Destination
1391,2115503.99,2115503.99,0.0,0.0,0.0,0.0,2115503.99,1,1,1,1,Account Drain + Zero Destination
1392,175313.96,175313.96,0.0,2911229.9,3086543.86,0.0,0.0,0,1,0,1,Account Drain + Balance Mismatch
1393,254564.81,254564.81,0.0,0.0,0.0,0.0,254564.81,1,1,1,1,Account Drain + Zero Destination
1394,10000000.0,10000000.0,0.0,0.0,9941904.21,0.0,58095.78999999911,0,1,0,1,Account Drain + Balance Mismatch
1395,377038.53,377038.53,0.0,105508.48,482547.01,0.0,0.0,0,1,0,1,Account Drain + Balance Mismatch
1396,645104.5,645104.5,0.0,0.0,0.0,0.0,645104.5,1,1,1,1,Account Drain + Zero Destination
1397,959018.79,959018.79,0.0,0.0,959018.79,0.0,0.0,0,1,0,1,Account Drain + Balance Mismatch
1398,6391.6,6391.6,0.0,0.0,0.0,0.0,6391.6,1,1,1,1,Account Drain + Zero Destination
1399,1128131.99,1128131.99,0.0,0.0,0.0,0.0,1128131.99,1,1,1,1,Account Drain + Zero Destination
1400,628697.26,628697.26,0.0,0.0,628697.26,0.0,0.0,0,1,0,1,Account Drain + Balance Mismatch
1401,196561.69,196561.69,0.0,0.0,0.0,0.0,196561.69,1,1,1,1,Account Drain + Zero Destination
1402,131842.85,131842.85,0.0,3479.07,135321.92,0.0,0.0,0,1,0,1,Account Drain + Balance Mismatch
1403,3653274.35,3653274.35,0.0,637138.07,4290412.42,0.0,0.0,0,1,0,1,Account Drain + Balance Mismatch
1404,656118.37,656118.37,0.0,0.0,0.0,0.0,656118.37,1,1,1,1,Account Drain + Zero Destination
1405,2135320.18,2135320.18,0.0,333330.67,2468650.85,0.0,0.0,0,1,0,1,Account Drain + Balance Mismatch
1406,1016302.6,1016302.6,0.0,1149447.1,2165749.7,0.0,0.0,0,1,0,1,Account Drain + Balance Mismatch
1407,1835523.44,1835523.44,0.0,50844.44,1886367.88,0.0,0.0,0,1,0,1,Account Drain + Balance Mismatch
1408,207261.07,207261.07,0.0,0.0,0.0,0.0,207261.07,1,1,1,1,Account Drain + Zero Destination
1409,6669495.34,6669495.34,0.0,0.0,0.0,0.0,6669495.34,1,1,1,1,Account Drain + Zero Destination
1410,771024.82,771024.82,0.0,0.0,0.0,0.0,771024.82,1,1,1,1,Account Drain + Zero Destination
1411,1564952.45,1564952.45,0.0,0.0,1564952.45,0.0,0.0,0,1,0,1,Account Drain + Balance Mismatch
1412,10000000.0,10000000.0,0.0,110409.52,10110409.52,0.0,0.0,0,1,0,1,Account Drain + Balance Mismatch
1413,188097.08,188097.08,0.0,164930.19,353027.27,0.0,0.0,0,1,0,1,Account Drain + Balance Mismatch
1414,118499.44,118499.44,0.0,0.0,0.0,0.0,118499.44,1,1,1,1,Account Drain + Zero Destination
1415,2540410.33,2540410.33,0.0,0.0,2301330.2,0.0,239080.1299999999,0,1,0,1,Account Drain + Balance Mismatch
1416,338293.14,338293.14,0.0,4293922.64,4632215.78,0.0,-9.313225746154783e-10,0,1,0,1,Account Drain + Balance Mismatch
1417,521986.29,521986.29,0.0,3392896.17,3914882.45,0.0,0.0099999997764825,0,1,0,1,Account Drain + Balance Mismatch
1418,221077.97,221077.97,0.0,0.0,221077.97,0.0,0.0,0,1,0,1,Account Drain + Balance Mismatch
1419,503420.67,503420.67,0.0,417119.41,920540.09,0.0,-0.0100000000093132,0,1,0,1,Account Drain + Balance Mismatch
1420,175328.85,175328.85,0.0,0.0,0.0,0.0,175328.85,1,1,1,1,Account Drain + Zero Destination
1421,116419.58,116419.58,0.0,177874.9,294294.48,0.0,0.0,0,1,0,1,Account Drain + Balance Mismatch
1422,1576531.53,1576531.53,0.0,0.0,0.0,0.0,1576531.53,1,1,1,1,Account Drain + Zero Destination
1423,897427.17,897427.17,0.0,75092.82,972520.0,0.0,-0.0100000000093132,0,1,0,1,Account Drain + Balance Mismatch
1424,398219.08,398219.08,0.0,0.0,398219.08,0.0,0.0,0,1,0,1,Account Drain + Balance Mismatch
1425,248409.56,248409.56,0.0,2156174.28,2404583.85,0.0,-0.0100000002421438,0,1,0,1,Account Drain + Balance Mismatch
1426,62134.33,62134.33,0.0,0.0,0.0,0.0,62134.33,1,1,1,1,Account Drain + Zero Destination
1427,445612.49,0.0,0.0,0.0,445612.49,-445612.49,0.0,0,1,0,1,Account Drain + Balance Mismatch
1428,98050.29,98050.29,0.0,0.0,0.0,0.0,98050.29,1,1,1,1,Account Drain + Zero Destination
1429,681007.64,681007.64,0.0,0.0,0.0,0.0,681007.64,1,1,1,1,Account Drain + Zero Destination
1430,38513.19,38513.19,0.0,0.0,0.0,0.0,38513.19,1,1,1,1,Account Drain + Zero Destination
1431,655676.97,655676.97,0.0,53614.28,709291.25,0.0,0.0,0,1,0,1,Account Drain + Balance Mismatch
1432,407347.84,407347.84,0.0,0.0,0.0,0.0,407347.84,1,1,1,1,Account Drain + Zero Destination
1433,2173367.35,2173367.35,0.0,0.0,0.0,0.0,2173367.35,1,1,1,1,Account Drain + Zero Destination
1434,474195.1,474195.1,0.0,0.0,0.0,0.0,474195.1,1,1,1,1,Account Drain + Zero Destination
1435,548677.33,548677.33,0.0,0.0,0.0,0.0,548677.33,1,1,1,1,Account Drain + Zero Destination
1436,358440.67,358440.67,0.0,0.0,0.0,0.0,358440.67,1,1,1,1,Account Drain + Zero Destination
1437,82665.47,82665.47,0.0,0.0,0.0,0.0,82665.47,1,1,1,1,Account Drain + Zero Destination
1438,1128131.99,1128131.99,0.0,164146.1,1292278.09,0.0,0.0,0,1,0,1,Account Drain + Balance Mismatch
1439,587031.2,587031.2,0.0,338247.75,925278.94,0.0,0.0100000000093132,0,1,0,1,Account Drain + Balance Mismatch
1440,141508.56,141508.56,0.0,340906.08,482414.64,0.0,0.0,0,1,0,1,Account Drain + Balance Mismatch
1441,287040.14,287040.14,0.0,2153682.82,2440722.97,0.0,-0.0100000002421438,0,1,0,1,Account Drain + Balance Mismatch
1442,351912.04,351912.04,0.0,196753.09,548665.13,0.0,0.0,0,1,0,1,Account Drain + Balance Mismatch
1443,120598.96,120598.96,0.0,1284199.46,1404798.42,0.0,0.0,0,1,0,1,Account Drain + Balance Mismatch
1444,2109967.47,2109967.47,0.0,1830441.07,3940408.54,0.0,0.0,0,1,0,1,Account Drain + Balance Mismatch
1445,227994.78,227994.78,0.0,0.0,0.0,0.0,227994.78,1,1,1,1,Account Drain + Zero Destination
1446,1241118.86,1241118.86,0.0,0.0,0.0,0.0,1241118.86,1,1,1,1,Account Drain + Zero Destination
1447,2331777.94,2331777.94,0.0,0.0,2331777.94,0.0,0.0,0,1,0,1,Account Drain + Balance Mismatch
1448,53782.87,53782.87,0.0,0.0,0.0,0.0,53782.87,1,1,1,1,Account Drain + Zero Destination
1449,401575.19,401575.19,0.0,0.0,0.0,0.0,401575.19,1,1,1,1,Account Drain + Zero Destination
1450,3424092.39,3424092.39,0.0,0.0,0.0,0.0,3424092.39,1,1,1,1,Account Drain + Zero Destination
1451,17822.02,17822.02,0.0,2619609.53,2637431.55,0.0,0.0,0,1,0,1,Account Drain + Balance Mismatch
1452,1634229.02,1634229.02,0.0,0.0,1634229.02,0.0,0.0,0,1,0,1,Account Drain + Balance Mismatch
1453,609239.75,609239.75,0.0,0.0,0.0,0.0,609239.75,1,1,1,1,Account Drain + Zero Destination
1454,692984.55,692984.55,0.0,758852.8,1451837.35,0.0,0.0,0,1,0,1,Account Drain + Balance Mismatch
1455,739584.33,739584.33,0.0,76425.35,903164.02,0.0,-87154.34000000008,0,1,0,1,Account Drain + Balance Mismatch
1456,227231.78,227231.78,0.0,1606681.0,1833912.79,0.0,-0.0100000000093132,0,1,0,1,Account Drain + Balance Mismatch
1457,56847.17,56847.17,0.0,0.0,0.0,0.0,56847.17,1,1,1,1,Account Drain + Zero Destination
1458,963532.14,963532.14,0.0,0.0,0.0,0.0,963532.14,1,1,1,1,Account Drain + Zero Destination
1459,157705.36,157705.36,0.0,0.0,0.0,0.0,157705.36,1,1,1,1,Account Drain + Zero Destination
1460,219489.62,219489.62,0.0,0.0,219489.62,0.0,0.0,0,1,0,1,Account Drain + Balance Mismatch
1461,1152538.9,1152538.9,0.0,0.0,0.0,0.0,1152538.9,1,1,1,1,Account Drain + Zero Destination
1462,101408.84,101408.84,0.0,0.0,101408.84,0.0,0.0,0,1,0,1,Account Drain + Balance Mismatch
1463,414973.48,414973.48,0.0,331305.86,746279.34,0.0,0.0,0,1,0,1,Account Drain + Balance Mismatch
1464,6844.73,6844.73,0.0,0.0,0.0,0.0,6844.73,1,1,1,1,Account Drain + Zero Destination
1465,540914.12,540914.12,0.0,36447.52,577361.64,0.0,0.0,0,1,0,1,Account Drain + Balance Mismatch
1466,138048.52,138048.52,0.0,0.0,138048.52,0.0,0.0,0,1,0,1,Account Drain + Balance Mismatch
1467,1398946.33,1398946.33,0.0,0.0,1398946.33,0.0,0.0,0,1,0,1,Account Drain + Balance Mismatch
1468,73599.57,73599.57,0.0,0.0,73599.57,0.0,0.0,0,1,0,1,Account Drain + Balance Mismatch
1469,513082.74,513082.74,0.0,32452.79,545535.53,0.0,0.0,0,1,0,1,Account Drain + Balance Mismatch
1470,375141.86,375141.86,0.0,124753.19,252008.88,0.0,247886.17,0,1,0,1,Account Drain + Balance Mismatch
1471,87219.11,87219.11,0.0,0.0,0.0,0.0,87219.11,1,1,1,1,Account Drain + Zero Destination
1472,103078.52,103078.52,0.0,0.0,103078.52,0.0,0.0,0,1,0,1,Account Drain + Balance Mismatch
1473,582571.87,582571.87,0.0,0.0,582571.87,0.0,0.0,0,1,0,1,Account Drain + Balance Mismatch
1474,228416.57,228416.57,0.0,42676.83,271093.4,0.0,0.0,0,1,0,1,Account Drain + Balance Mismatch
1475,780687.45,780687.45,0.0,0.0,0.0,0.0,780687.45,1,1,1,1,Account Drain + Zero Destination
1476,1065787.82,1065787.82,0.0,0.0,0.0,0.0,1065787.82,1,1,1,1,Account Drain + Zero Destination
1477,978103.4,978103.4,0.0,0.0,978103.4,0.0,0.0,0,1,0,1,Account Drain + Balance Mismatch
1478,6972164.97,6972164.97,0.0,0.0,0.0,0.0,6972164.97,1,1,1,1,Account Drain + Zero Destination
1479,385567.18,385567.18,0.0,0.0,385567.18,0.0,0.0,0,1,0,1,Account Drain + Balance Mismatch
1480,2598276.05,2598276.05,0.0,5368346.27,7966622.32,0.0,-9.313225746154783e-10,0,1,0,1,Account Drain + Balance Mismatch
1481,2093951.47,2093951.47,0.0,0.0,0.0,0.0,2093951.47,1,1,1,1,Account Drain + Zero Destination
1482,16671.29,16671.29,0.0,0.0,0.0,0.0,16671.29,1,1,1,1,Account Drain + Zero Destination
1483,3092085.39,3092085.39,0.0,0.0,0.0,0.0,3092085.39,1,1,1,1,Account Drain + Zero Destination
1484,2634032.61,2634032.61,0.0,0.0,0.0,0.0,2634032.61,1,1,1,1,Account Drain + Zero Destination
1485,732198.35,732198.35,0.0,0.0,0.0,0.0,732198.35,1,1,1,1,Account Drain + Zero Destination
1486,559565.82,559565.82,0.0,0.0,0.0,0.0,559565.82,1,1,1,1,Account Drain + Zero Destination
1487,4262592.28,4262592.28,0.0,237422.88,4500015.17,0.0,-0.0099999997764825,0,1,0,1,Account Drain + Balance Mismatch
1488,697226.2,697226.2,0.0,0.0,0.0,0.0,697226.2,1,1,1,1,Account Drain + Zero Destination
1489,144065.75,144065.75,0.0,0.0,0.0,0.0,144065.75,1,1,1,1,Account Drain + Zero Destination
1490,7576324.61,7576324.61,0.0,0.0,0.0,0.0,7576324.61,1,1,1,1,Account Drain + Zero Destination
1491,235750.53,235750.53,0.0,0.0,0.0,0.0,235750.53,1,1,1,1,Account Drain + Zero Destination
1492,21829.31,21829.31,0.0,0.0,0.0,0.0,21829.31,1,1,1,1,Account Drain + Zero Destination
1493,10000000.0,10175597.64,175597.64,0.0,0.0,5.820766091346741e-10,10000000.0,1,0,1,1,Account Drain + Zero Destination
1494,380214.33,380214.33,0.0,53710.43,433924.76,0.0,0.0,0,1,0,1,Account Drain + Balance Mismatch
1495,5141769.94,5141769.94,0.0,0.0,0.0,0.0,5141769.94,1,1,1,1,Account Drain + Zero Destination
1496,371669.59,371669.59,0.0,0.0,0.0,0.0,371669.59,1,1,1,1,Account Drain + Zero Destination
1497,430722.59,430722.59,0.0,0.0,0.0,0.0,430722.59,1,1,1,1,Account Drain + Zero Destination
1498,70072.66,70072.66,0.0,519712.34,589784.99,0.0,0.0100000000093132,0,1,0,1,Account Drain + Balance Mismatch
1499,1096187.24,1096187.24,0.0,0.0,0.0,0.0,1096187.24,1,1,1,1,Account Drain + Zero Destination
1500,127018.14,127018.14,0.0,0.0,127018.14,0.0,0.0,0,1,0,1,Account Drain + Balance Mismatch
1501,555328.55,555328.55,0.0,0.0,0.0,0.0,555328.55,1,1,1,1,Account Drain + Zero Destination
1502,57466.42,57466.42,0.0,1001258.8,1058725.22,0.0,0.0,0,1,0,1,Account Drain + Balance Mismatch
1503,10000000.0,10000000.0,0.0,0.0,10000000.0,0.0,0.0,0,1,0,1,Account Drain + Balance Mismatch
1504,114149.44,114149.44,0.0,0.0,0.0,0.0,114149.44,1,1,1,1,Account Drain + Zero Destination
1505,2571605.04,2571605.04,0.0,7177484.07,9749089.11,0.0,0.0,0,1,0,1,Account Drain + Balance Mismatch
1506,586718.88,586718.88,0.0,0.0,0.0,0.0,586718.88,1,1,1,1,Account Drain + Zero Destination
1507,218350.42,218350.42,0.0,143135.63,361486.05,0.0,5.820766091346741e-11,0,1,0,1,Account Drain + Balance Mismatch
1508,498747.55,498747.55,0.0,0.0,0.0,0.0,498747.55,1,1,1,1,Account Drain + Zero Destination
1509,85113.85,85113.85,0.0,0.0,0.0,0.0,85113.85,1,1,1,1,Account Drain + Zero Destination
1510,6392800.85,6392800.85,0.0,0.0,0.0,0.0,6392800.85,1,1,1,1,Account Drain + Zero Destination
1511,96640.12,96640.12,0.0,0.0,0.0,0.0,96640.12,1,1,1,1,Account Drain + Zero Destination
1512,1265656.44,1265656.44,0.0,0.0,0.0,0.0,1265656.44,1,1,1,1,Account Drain + Zero Destination
1513,2019508.99,2019508.99,0.0,15973.05,2035482.04,0.0,0.0,0,1,0,1,Account Drain + Balance Mismatch
1514,16274.51,16274.51,0.0,44245.22,60519.73,0.0,0.0,0,1,0,1,Account Drain + Balance Mismatch
1515,140333.35,140333.35,0.0,132894.81,273228.16,0.0,5.820766091346741e-11,0,1,0,1,Account Drain + Balance Mismatch
1516,98634.75,98634.75,0.0,0.0,0.0,0.0,98634.75,1,1,1,1,Account Drain + Zero Destination
1517,240899.12,240899.12,0.0,0.0,0.0,0.0,240899.12,1,1,1,1,Account Drain + Zero Destination
1518,32382.96,32382.96,0.0,0.0,32382.96,0.0,0.0,0,1,0,1,Account Drain + Balance Mismatch
1519,460689.45,460689.45,0.0,0.0,0.0,0.0,460689.45,1,1,1,1,Account Drain + Zero Destination
1520,251199.91,251199.91,0.0,0.0,251199.91,0.0,0.0,0,1,0,1,Account Drain + Balance Mismatch
1521,1675153.28,1675153.28,0.0,0.0,0.0,0.0,1675153.28,1,1,1,1,Account Drain + Zero Destination
1522,1123639.01,1123639.01,0.0,0.0,1123639.01,0.0,0.0,0,1,0,1,Account Drain + Balance Mismatch
1523,522343.83,522343.83,0.0,0.0,0.0,0.0,522343.83,1,1,1,1,Account Drain + Zero Destination
1524,575082.97,575082.97,0.0,0.0,0.0,0.0,575082.97,1,1,1,1,Account Drain + Zero Destination
1525,3302492.95,3302492.95,0.0,0.0,0.0,0.0,3302492.95,1,1,1,1,Account Drain + Zero Destination
1526,9366.63,9366.63,0.0,51153.4,60520.03,0.0,0.0,0,1,0,1,Account Drain + Balance Mismatch
1527,606501.57,606501.57,0.0,0.0,0.0,0.0,606501.57,1,1,1,1,Account Drain + Zero Destination
1528,215299.28,215299.28,0.0,0.0,0.0,0.0,215299.28,1,1,1,1,Account Drain + Zero Destination
1529,59893.41,59893.41,0.0,2411666.65,2471560.05,0.0,0.0100000002421438,0,1,0,1,Account Drain + Balance Mismatch
1530,144065.75,144065.75,0.0,203138.85,347204.6,0.0,0.0,0,1,0,1,Account Drain + Balance Mismatch
1531,111033.79,111033.79,0.0,0.0,0.0,0.0,111033.79,1,1,1,1,Account Drain + Zero Destination
1532,174725.11,174725.11,0.0,0.0,0.0,0.0,174725.11,1,1,1,1,Account Drain + Zero Destination
1533,92057.19,92057.19,0.0,173314.92,265372.1,0.0,0.0100000000093132,0,1,0,1,Account Drain + Balance Mismatch
1534,320977.49,320977.49,0.0,0.0,320977.49,0.0,0.0,0,1,0,1,Account Drain + Balance Mismatch
1535,2391612.36,2391612.36,0.0,0.0,0.0,0.0,2391612.36,1,1,1,1,Account Drain + Zero Destination
1536,806850.06,806850.06,0.0,0.0,0.0,0.0,806850.06,1,1,1,1,Account Drain + Zero Destination
1537,5464727.14,5464727.14,0.0,9012.39,5473739.54,0.0,-0.0100000007078051,0,1,0,1,Account Drain + Balance Mismatch
1538,7240965.96,7240965.96,0.0,0.0,0.0,0.0,7240965.96,1,1,1,1,Account Drain + Zero Destination
1539,450060.37,450060.37,0.0,100205.45,550265.82,0.0,0.0,0,1,0,1,Account Drain + Balance Mismatch
1540,40013.19,40013.19,0.0,0.0,40013.19,0.0,0.0,0,1,0,1,Account Drain + Balance Mismatch
1541,326052.83,326052.83,0.0,0.0,0.0,0.0,326052.83,1,1,1,1,Account Drain + Zero Destination
1542,178344.25,178344.25,0.0,0.0,0.0,0.0,178344.25,1,1,1,1,Account Drain + Zero Destination
1543,317787.12,317787.12,0.0,0.0,372227.52,0.0,-54440.40000000002,0,1,1,1,Account Drain + Balance Mismatch
1544,21708.13,21708.13,0.0,0.0,0.0,0.0,21708.13,1,1,1,1,Account Drain + Zero Destination
1545,271229.8,271229.8,0.0,566471.82,837701.62,0.0,-1.1641532182693479e-10,0,1,0,1,Account Drain + Balance Mismatch
1546,2485467.28,2485467.28,0.0,0.0,0.0,0.0,2485467.28,1,1,1,1,Account Drain + Zero Destination
1547,310712.71,310712.71,0.0,0.0,310712.71,0.0,0.0,0,1,0,1,Account Drain + Balance Mismatch
1548,114169.66,114169.66,0.0,80478.74,194648.4,0.0,2.9103830456733704e-11,0,1,0,1,Account Drain + Balance Mismatch
1549,10000000.0,10000000.0,0.0,2423749.18,12423749.18,0.0,0.0,0,1,0,1,Account Drain + Balance Mismatch
1550,35496.47,35496.47,0.0,0.0,0.0,0.0,35496.47,1,1,1,1,Account Drain + Zero Destination
1551,2600970.32,2600970.32,0.0,0.0,0.0,0.0,2600970.32,1,1,1,1,Account Drain + Zero Destination
1552,134515.36,134515.36,0.0,29488.06,164003.41,0.0,0.0099999999802093,0,1,0,1,Account Drain + Balance Mismatch
1553,179700.14,179700.14,0.0,0.0,0.0,0.0,179700.14,1,1,1,1,Account Drain + Zero Destination
1554,684796.16,684796.16,0.0,0.0,0.0,0.0,684796.16,1,1,1,1,Account Drain + Zero Destination
1555,1893451.73,1893451.73,0.0,0.0,0.0,0.0,1893451.73,1,1,1,1,Account Drain + Zero Destination
1556,21580.37,21580.37,0.0,0.0,0.0,0.0,21580.37,1,1,1,1,Account Drain + Zero Destination
1557,30548.46,30548.46,0.0,804314.46,834862.92,0.0,-1.1641532182693479e-10,0,1,0,1,Account Drain + Balance Mismatch
1558,8274020.94,8274020.94,0.0,0.0,0.0,0.0,8274020.94,1,1,1,1,Account Drain + Zero Destination
1559,292815.44,292815.44,0.0,0.0,292815.44,0.0,0.0,0,1,0,1,Account Drain + Balance Mismatch
1560,3606943.31,3606943.31,0.0,0.0,3606943.31,0.0,0.0,0,1,0,1,Account Drain + Balance Mismatch
1561,4152435.91,4152435.91,0.0,0.0,4152435.91,0.0,0.0,0,1,0,1,Account Drain + Balance Mismatch
1562,204030.2,204030.2,0.0,0.0,0.0,0.0,204030.2,1,1,1,1,Account Drain + Zero Destination
1563,258103.59,258103.59,0.0,244362.91,502466.5,0.0,0.0,0,1,0,1,Account Drain + Balance Mismatch
1564,124057.58,124057.58,0.0,1594382.92,1718440.5,0.0,0.0,0,1,0,1,Account Drain + Balance Mismatch
1565,122235.11,122235.11,0.0,0.0,122235.11,0.0,0.0,0,1,0,1,Account Drain + Balance Mismatch
1566,31374.02,31374.02,0.0,0.0,31374.02,0.0,0.0,0,1,0,1,Account Drain + Balance Mismatch
1567,177022.52,177022.52,0.0,769094.97,946117.49,0.0,0.0,0,1,0,1,Account Drain + Balance Mismatch
1568,269692.53,269692.53,0.0,0.0,0.0,0.0,269692.53,1,1,1,1,Account Drain + Zero Destination
1569,356925.36,0.0,0.0,0.0,356925.36,-356925.36,0.0,0,1,0,1,Account Drain + Balance Mismatch
1570,1905476.22,1905476.22,0.0,0.0,1905476.22,0.0,0.0,0,1,0,1,Account Drain + Balance Mismatch
1571,29473.67,29473.67,0.0,0.0,0.0,0.0,29473.67,1,1,1,1,Account Drain + Zero Destination
1572,1165187.89,1165187.89,0.0,0.0,1165187.89,0.0,0.0,0,1,0,1,Account Drain + Balance Mismatch
1573,1685692.11,1685692.11,0.0,0.0,0.0,0.0,1685692.11,1,1,1,1,Account Drain + Zero Destination
1574,4892226.25,4892226.25,0.0,54435.33,4946661.58,0.0,0.0,0,1,0,1,Account Drain + Balance Mismatch
1575,342564.81,0.0,0.0,0.0,342564.81,-342564.81,0.0,0,1,0,1,Account Drain + Balance Mismatch
1576,460434.46,460434.46,0.0,0.0,0.0,0.0,460434.46,1,1,1,1,Account Drain + Zero Destination
1577,9467.62,9467.62,0.0,92573.18,102040.81,0.0,-0.0100000000093132,0,1,0,1,Account Drain + Balance Mismatch
1578,21819.57,21819.57,0.0,0.0,0.0,0.0,21819.57,1,1,1,1,Account Drain + Zero Destination
1579,232565.37,232565.37,0.0,0.0,232565.37,0.0,0.0,0,1,0,1,Account Drain + Balance Mismatch
1580,6322399.97,6322399.97,0.0,0.0,0.0,0.0,6322399.97,1,1,1,1,Account Drain + Zero Destination
1581,7078157.11,7078157.11,0.0,6398391.47,13476548.58,0.0,0.0,0,1,0,1,Account Drain + Balance Mismatch
1582,1644749.94,1644749.94,0.0,421619.2,2066369.14,0.0,0.0,0,1,0,1,Account Drain + Balance Mismatch
1583,207517.2,207517.2,0.0,0.0,207517.2,0.0,0.0,0,1,0,1,Account Drain + Balance Mismatch
1584,25819.42,25819.42,0.0,0.0,25819.42,0.0,0.0,0,1,0,1,Account Drain + Balance Mismatch
1585,436906.22,436906.22,0.0,0.0,0.0,0.0,436906.22,1,1,1,1,Account Drain + Zero Destination
1586,1144089.37,1144089.37,0.0,2502877.26,3879210.29,0.0,-232243.66000000012,0,1,0,1,Account Drain + Balance Mismatch
1587,501101.41,501101.41,0.0,561058.61,1062160.03,0.0,-0.0100000000093132,0,1,0,1,Account Drain + Balance Mismatch
1588,530733.43,530733.43,0.0,0.0,0.0,0.0,530733.43,1,1,1,1,Account Drain + Zero Destination
1589,971133.63,971133.63,0.0,0.0,0.0,0.0,971133.63,1,1,1,1,Account Drain + Zero Destination
1590,63416.99,63416.99,0.0,276433.18,339850.17,0.0,0.0,0,1,0,1,Account Drain + Balance Mismatch
1591,311832.17,311832.17,0.0,0.0,311832.17,0.0,0.0,0,1,0,1,Account Drain + Balance Mismatch
1592,10000000.0,14830219.15,4830219.15,0.0,0.0,0.0,10000000.0,1,0,1,1,Account Drain + Zero Destination
1593,319974.69,319974.69,0.0,14890.19,334864.88,0.0,0.0,0,1,0,1,Account Drain + Balance Mismatch
1594,2562459.56,2562459.56,0.0,0.0,0.0,0.0,2562459.56,1,1,1,1,Account Drain + Zero Destination
1595,8317724.27,8317724.27,0.0,0.0,8317724.27,0.0,0.0,0,1,0,1,Account Drain + Balance Mismatch
1596,4354175.33,4354175.33,0.0,0.0,0.0,0.0,4354175.33,1,1,1,1,Account Drain + Zero Destination
1597,111764.7,111764.7,0.0,0.0,0.0,0.0,111764.7,1,1,1,1,Account Drain + Zero Destination
1598,60516.53,60516.53,0.0,0.0,0.0,0.0,60516.53,1,1,1,1,Account Drain + Zero Destination
1599,323726.61,323726.61,0.0,561753.58,885480.19,0.0,0.0,0,1,0,1,Account Drain + Balance Mismatch
1600,1150561.97,1150561.97,0.0,497440.37,1648002.34,0.0,-2.3283064365386963e-10,0,1,0,1,Account Drain + Balance Mismatch
1601,4480592.14,4480592.14,0.0,3244885.0,7725477.14,0.0,0.0,0,1,0,1,Account Drain + Balance Mismatch
1602,68755.57,68755.57,0.0,1555552.28,1624307.85,0.0,0.0,0,1,0,1,Account Drain + Balance Mismatch
1603,135428.39,135428.39,0.0,538415.4,673843.78,0.0,0.0100000000093132,0,1,0,1,Account Drain + Balance Mismatch
1604,72901.03,72901.03,0.0,0.0,72901.03,0.0,0.0,0,1,0,1,Account Drain + Balance Mismatch
1605,489033.93,489033.93,0.0,0.0,0.0,0.0,489033.93,1,1,1,1,Account Drain + Zero Destination
1606,6514.47,6514.47,0.0,0.0,0.0,0.0,6514.47,1,1,1,1,Account Drain + Zero Destination
1607,558136.45,558136.45,0.0,82549.61,640686.06,0.0,-1.1641532182693479e-10,0,1,0,1,Account Drain + Balance Mismatch
1608,79031.41,79031.41,0.0,840743.33,919774.75,0.0,-0.0100000000093132,0,1,0,1,Account Drain + Balance Mismatch
1609,244312.69,244312.69,0.0,0.0,0.0,0.0,244312.69,1,1,1,1,Account Drain + Zero Destination
1610,400517.07,400517.07,0.0,0.0,0.0,0.0,400517.07,1,1,1,1,Account Drain + Zero Destination
1611,10000000.0,57316255.05,47316255.05,0.0,0.0,0.0,10000000.0,1,0,1,1,Account Drain + Zero Destination
1612,417217.89,417217.89,0.0,2468054.62,2885272.51,0.0,4.656612873077393e-10,0,1,0,1,Account Drain + Balance Mismatch
1613,1028515.56,1028515.56,0.0,0.0,1028515.56,0.0,0.0,0,1,0,1,Account Drain + Balance Mismatch
1614,1253358.42,1253358.42,0.0,0.0,0.0,0.0,1253358.42,1,1,1,1,Account Drain + Zero Destination
1615,1822754.86,1822754.86,0.0,1099.26,1823854.12,0.0,0.0,0,1,0,1,Account Drain + Balance Mismatch
1616,116974.87,116974.87,0.0,0.0,0.0,0.0,116974.87,1,1,1,1,Account Drain + Zero Destination
1617,5772.0,5772.0,0.0,0.0,0.0,0.0,5772.0,1,1,1,1,Account Drain + Zero Destination
1618,137508.01,137508.01,0.0,0.0,0.0,0.0,137508.01,1,1,1,1,Account Drain + Zero Destination
1619,50577.26,50577.26,0.0,0.0,0.0,0.0,50577.26,1,1,1,1,Account Drain + Zero Destination
1620,591766.42,591766.42,0.0,7334547.33,7926313.75,0.0,0.0,0,1,0,1,Account Drain + Balance Mismatch
1621,85113.85,85113.85,0.0,0.0,85113.85,0.0,0.0,0,1,0,1,Account Drain + Balance Mismatch
1622,45053.05,45053.05,0.0,202038.75,247091.8,0.0,0.0,0,1,0,1,Account Drain + Balance Mismatch
1623,813133.35,813133.35,0.0,0.0,0.0,0.0,813133.35,1,1,1,1,Account Drain + Zero Destination
1624,3097121.75,3097121.75,0.0,0.0,3097121.75,0.0,0.0,0,1,0,1,Account Drain + Balance Mismatch
1625,47662.13,47662.13,0.0,0.0,0.0,0.0,47662.13,1,1,1,1,Account Drain + Zero Destination
1626,3642569.29,3642569.29,0.0,0.0,0.0,0.0,3642569.29,1,1,1,1,Account Drain + Zero Destination
1627,696575.46,696575.46,0.0,0.0,696575.46,0.0,0.0,0,1,0,1,Account Drain + Balance Mismatch
1628,206985.26,206985.26,0.0,1372.42,208357.68,0.0,2.9103830456733704e-11,0,1,0,1,Account Drain + Balance Mismatch
1629,236914.77,236914.77,0.0,0.0,0.0,0.0,236914.77,1,1,1,1,Account Drain + Zero Destination
1630,10000000.0,14953893.08,4953893.08,0.0,0.0,0.0,10000000.0,1,0,1,1,Account Drain + Zero Destination
1631,934590.45,934590.45,0.0,981576.29,1916166.73,0.0,0.0100000000093132,0,1,0,1,Account Drain + Balance Mismatch
1632,227668.22,227668.22,0.0,0.0,0.0,0.0,227668.22,1,1,1,1,Account Drain + Zero Destination
1633,18471.55,18471.55,0.0,0.0,18471.55,0.0,0.0,0,1,0,1,Account Drain + Balance Mismatch
1634,7937954.2,7937954.2,0.0,2716480.56,10654434.76,0.0,0.0,0,1,0,1,Account Drain + Balance Mismatch
1635,2479767.72,2479767.72,0.0,910534.24,3390301.96,0.0,0.0,0,1,0,1,Account Drain + Balance Mismatch
1636,2352524.18,2352524.18,0.0,0.0,0.0,0.0,2352524.18,1,1,1,1,Account Drain + Zero Destination
1637,96286.54,96286.54,0.0,0.0,0.0,0.0,96286.54,1,1,1,1,Account Drain + Zero Destination
1638,120406.39,120406.39,0.0,0.0,0.0,0.0,120406.39,1,1,1,1,Account Drain + Zero Destination
1639,168033.36,168033.36,0.0,1007215.9,1175249.26,0.0,0.0,0,1,0,1,Account Drain + Balance Mismatch
1640,85354.69,85354.69,0.0,11170.0,10612.55,0.0,85912.14,0,1,0,1,Account Drain + Balance Mismatch
1641,112988.36,112988.36,0.0,0.0,0.0,0.0,112988.36,1,1,1,1,Account Drain + Zero Destination
1642,921894.19,921894.19,0.0,523285.83,1445180.02,0.0,0.0,0,1,0,1,Account Drain + Balance Mismatch
1643,72955.08,72955.08,0.0,0.0,72955.08,0.0,0.0,0,1,0,1,Account Drain + Balance Mismatch
1644,10000000.0,13120690.98,3120690.98,0.0,0.0,4.656612873077393e-10,10000000.0,1,0,1,1,Account Drain + Zero Destination
1645,931684.75,931684.75,0.0,3608144.66,4539829.41,0.0,0.0,0,1,0,1,Account Drain + Balance Mismatch
1646,501101.41,501101.41,0.0,0.0,0.0,0.0,501101.41,1,1,1,1,Account Drain + Zero Destination
1647,492003.04,492003.04,0.0,24292.72,516295.76,0.0,0.0,0,1,0,1,Account Drain + Balance Mismatch
1648,735329.1,735329.1,0.0,0.0,0.0,0.0,735329.1,1,1,1,1,Account Drain + Zero Destination
1649,229364.73,0.0,0.0,0.0,229364.73,-229364.73,0.0,0,1,0,1,Account Drain + Balance Mismatch
1650,25040.78,25040.78,0.0,0.0,25040.78,0.0,0.0,0,1,0,1,Account Drain + Balance Mismatch
1651,105733.45,105733.45,0.0,934471.58,1040205.03,0.0,-1.1641532182693479e-10,0,1,0,1,Account Drain + Balance Mismatch
1652,887941.44,887941.44,0.0,69603.07,957544.51,0.0,0.0,0,1,0,1,Account Drain + Balance Mismatch
1653,164296.85,164296.85,0.0,1371866.69,1536163.54,0.0,0.0,0,1,0,1,Account Drain + Balance Mismatch
1654,304085.48,304085.48,0.0,0.0,0.0,0.0,304085.48,1,1,1,1,Account Drain + Zero Destination
1655,1123561.68,1123561.68,0.0,0.0,1123561.68,0.0,0.0,0,1,0,1,Account Drain + Balance Mismatch
1656,208630.6,208630.6,0.0,337304.83,545935.44,0.0,-0.0099999998928979,0,1,0,1,Account Drain + Balance Mismatch
1657,10000000.0,19593838.63,9593838.63,0.0,0.0,-1.862645149230957e-09,10000000.0,1,0,1,1,Account Drain + Zero Destination
1658,788855.1,788855.1,0.0,32662.41,821517.51,0.0,0.0,0,1,0,1,Account Drain + Balance Mismatch
1659,2251225.38,2251225.38,0.0,23722.5,2274947.89,0.0,-0.0100000002421438,0,1,0,1,Account Drain + Balance Mismatch
1660,2070814.27,2070814.27,0.0,0.0,0.0,0.0,2070814.27,1,1,1,1,Account Drain + Zero Destination
1661,1911239.21,1911239.21,0.0,0.0,0.0,0.0,1911239.21,1,1,1,1,Account Drain + Zero Destination
1662,460635.82,460635.82,0.0,0.0,0.0,0.0,460635.82,1,1,1,1,Account Drain + Zero Destination
1663,387773.97,387773.97,0.0,0.0,0.0,0.0,387773.97,1,1,1,1,Account Drain + Zero Destination
1664,382960.64,382960.64,0.0,1639101.01,2022061.64,0.0,0.0100000000093132,0,1,0,1,Account Drain + Balance Mismatch
1665,530124.99,530124.99,0.0,0.0,530124.99,0.0,0.0,0,1,0,1,Account Drain + Balance Mismatch
1666,351268.75,351268.75,0.0,767889.35,1119158.1,0.0,0.0,0,1,0,1,Account Drain + Balance Mismatch
1667,22402.21,22402.21,0.0,0.0,0.0,0.0,22402.21,1,1,1,1,Account Drain + Zero Destination
1668,1155128.91,1155128.91,0.0,0.0,1155128.91,0.0,0.0,0,1,0,1,Account Drain + Balance Mismatch
1669,6311409.28,6311409.28,0.0,0.0,0.0,0.0,6311409.28,1,1,1,1,Account Drain + Zero Destination
1670,842554.02,842554.02,0.0,510821.19,1353375.21,0.0,0.0,0,1,0,1,Account Drain + Balance Mismatch
1671,52557.21,52557.21,0.0,0.0,52557.21,0.0,0.0,0,1,0,1,Account Drain + Balance Mismatch
1672,7041719.54,7041719.54,0.0,0.0,0.0,0.0,7041719.54,1,1,1,1,Account Drain + Zero Destination
1673,3200818.85,3200818.85,0.0,1537906.56,4738725.41,0.0,0.0,0,1,0,1,Account Drain + Balance Mismatch
1674,46190.9,46190.9,0.0,0.0,0.0,0.0,46190.9,1,1,1,1,Account Drain + Zero Destination
1675,10000000.0,12626957.79,2626957.79,0.0,0.0,-9.313225746154783e-10,10000000.0,1,0,1,1,Account Drain + Zero Destination
1676,729078.34,729078.34,0.0,0.0,0.0,0.0,729078.34,1,1,1,1,Account Drain + Zero Destination
1677,33332.86,33332.86,0.0,0.0,0.0,0.0,33332.86,1,1,1,1,Account Drain + Zero Destination
1678,512922.65,512922.65,0.0,217101.75,730024.39,0.0,0.0100000000093132,0,1,0,1,Account Drain + Balance Mismatch
1679,802417.45,802417.45,0.0,0.0,0.0,0.0,802417.45,1,1,1,1,Account Drain + Zero Destination
1680,2674794.22,2674794.22,0.0,1380829.87,4055624.09,0.0,4.656612873077393e-10,0,1,0,1,Account Drain + Balance Mismatch
1681,581421.85,581421.85,0.0,407848.96,989270.81,0.0,0.0,0,1,0,1,Account Drain + Balance Mismatch
1682,1043934.97,1043934.97,0.0,0.0,0.0,0.0,1043934.97,1,1,1,1,Account Drain + Zero Destination
1683,591159.5,591159.5,0.0,0.0,591159.5,0.0,0.0,0,1,0,1,Account Drain + Balance Mismatch
1684,298365.86,298365.86,0.0,0.0,298365.86,0.0,0.0,0,1,0,1,Account Drain + Balance Mismatch
1685,10000000.0,10000000.0,0.0,235170.07,10235170.07,0.0,0.0,0,1,0,1,Account Drain + Balance Mismatch
1686,457789.14,457789.14,0.0,0.0,0.0,0.0,457789.14,1,1,1,1,Account Drain + Zero Destination
1687,5101855.95,5101855.95,0.0,0.0,0.0,0.0,5101855.95,1,1,1,1,Account Drain + Zero Destination
1688,4623764.68,4623764.68,0.0,0.0,4623764.68,0.0,0.0,0,1,0,1,Account Drain + Balance Mismatch
1689,841052.98,841052.98,0.0,0.0,841052.98,0.0,0.0,0,1,0,1,Account Drain + Balance Mismatch
1690,382960.64,382960.64,0.0,0.0,0.0,0.0,382960.64,1,1,1,1,Account Drain + Zero Destination
1691,10000000.0,30399045.08,20399045.08,0.0,0.0,0.0,10000000.0,1,0,1,1,Account Drain + Zero Destination
1692,49871.73,49871.73,0.0,0.0,0.0,0.0,49871.73,1,1,1,1,Account Drain + Zero Destination
1693,119443.3,119443.3,0.0,890204.05,1009647.35,0.0,1.1641532182693479e-10,0,1,0,1,Account Drain + Balance Mismatch
1694,10000000.0,10000000.0,0.0,0.0,10000000.0,0.0,0.0,0,1,0,1,Account Drain + Balance Mismatch
1695,2222544.0,2222544.0,0.0,134545.99,2357089.98,0.0,0.0100000002421438,0,1,0,1,Account Drain + Balance Mismatch
1696,1179162.08,1179162.08,0.0,0.0,0.0,0.0,1179162.08,1,1,1,1,Account Drain + Zero Destination
1697,5521483.54,5521483.54,0.0,5527212.34,11048695.88,0.0,-1.862645149230957e-09,0,1,0,1,Account Drain + Balance Mismatch
1698,156220.74,156220.74,0.0,0.0,0.0,0.0,156220.74,1,1,1,1,Account Drain + Zero Destination
1699,3608191.52,3608191.52,0.0,0.0,0.0,0.0,3608191.52,1,1,1,1,Account Drain + Zero Destination
1700,810039.19,810039.19,0.0,409035.12,1219074.31,0.0,0.0,0,1,0,1,Account Drain + Balance Mismatch
1701,266546.68,266546.68,0.0,0.0,266546.68,0.0,0.0,0,1,0,1,Account Drain + Balance Mismatch
1702,249984.75,249984.75,0.0,0.0,249984.75,0.0,0.0,0,1,0,1,Account Drain + Balance Mismatch
1703,55062.46,55062.46,0.0,0.0,55062.46,0.0,0.0,0,1,0,1,Account Drain + Balance Mismatch
1704,376059.27,376059.27,0.0,0.0,376059.27,0.0,0.0,0,1,0,1,Account Drain + Balance Mismatch
1705,339152.24,339152.24,0.0,0.0,0.0,0.0,339152.24,1,1,1,1,Account Drain + Zero Destination
1706,340936.99,340936.99,0.0,777058.51,1117995.5,0.0,0.0,0,1,0,1,Account Drain + Balance Mismatch
1707,556218.01,556218.01,0.0,0.0,582265.81,0.0,-26047.800000000047,0,1,0,1,Account Drain + Balance Mismatch
1708,87698.36,87698.36,0.0,0.0,0.0,0.0,87698.36,1,1,1,1,Account Drain + Zero Destination
1709,1822754.86,1822754.86,0.0,0.0,0.0,0.0,1822754.86,1,1,1,1,Account Drain + Zero Destination
1710,130653.37,130653.37,0.0,89246.77,219900.14,0.0,0.0,0,1,0,1,Account Drain + Balance Mismatch
1711,1646181.09,1646181.09,0.0,220025.2,1866206.29,0.0,0.0,0,1,0,1,Account Drain + Balance Mismatch
1712,2137134.15,2137134.15,0.0,237525.08,2374659.23,0.0,0.0,0,1,0,1,Account Drain + Balance Mismatch
1713,208868.36,208868.36,0.0,0.0,0.0,0.0,208868.36,1,1,1,1,Account Drain + Zero Destination
1714,176059.16,176059.16,0.0,0.0,0.0,0.0,176059.16,1,1,1,1,Account Drain + Zero Destination
1715,345116.0,345116.0,0.0,249636.76,594752.77,0.0,-0.0100000000093132,0,1,0,1,Account Drain + Balance Mismatch
1716,19226.25,19226.25,0.0,0.0,0.0,0.0,19226.25,1,1,1,1,Account Drain + Zero Destination
1717,0.0,0.0,0.0,0.0,0.0,0.0,0.0,0,1,0,1,Account Drain + Balance Mismatch
1718,573266.42,573266.42,0.0,0.0,573266.42,0.0,0.0,0,1,0,1,Account Drain + Balance Mismatch
1719,9725837.08,9725837.08,0.0,0.0,0.0,0.0,9725837.08,1,1,1,1,Account Drain + Zero Destination
1720,1270565.77,1270565.77,0.0,0.0,0.0,0.0,1270565.77,1,1,1,1,Account Drain + Zero Destination
1721,106584.32,106584.32,0.0,5524872.71,5631457.03,0.0,0.0,0,1,0,1,Account Drain + Balance Mismatch
1722,10000000.0,18267760.5,8267760.5,0.0,0.0,0.0,10000000.0,1,0,1,1,Account Drain + Zero Destination
1723,156220.74,156220.74,0.0,0.0,156220.74,0.0,0.0,0,1,0,1,Account Drain + Balance Mismatch
1724,75708.87,75708.87,0.0,0.0,0.0,0.0,75708.87,1,1,1,1,Account Drain + Zero Destination
1725,264949.69,264949.69,0.0,0.0,264949.69,0.0,0.0,0,1,0,1,Account Drain + Balance Mismatch
1726,26768.5,26768.5,0.0,0.0,0.0,0.0,26768.5,1,1,1,1,Account Drain + Zero Destination
1727,8594065.09,8594065.09,0.0,5844.51,8599909.6,0.0,0.0,0,1,0,1,Account Drain + Balance Mismatch
1728,425861.93,425861.93,0.0,0.0,0.0,0.0,425861.93,1,1,1,1,Account Drain + Zero Destination
1729,58521.53,58521.53,0.0,0.0,58521.53,0.0,0.0,0,1,0,1,Account Drain + Balance Mismatch
1730,411566.7,411566.7,0.0,0.0,0.0,0.0,411566.7,1,1,1,1,Account Drain + Zero Destination
1731,146095.73,146095.73,0.0,0.0,0.0,0.0,146095.73,1,1,1,1,Account Drain + Zero Destination
1732,365099.76,365099.76,0.0,0.0,0.0,0.0,365099.76,1,1,1,1,Account Drain + Zero Destination
1733,73946.79,73946.79,0.0,518296.65,592243.44,0.0,1.1641532182693479e-10,0,1,0,1,Account Drain + Balance Mismatch
1734,134297.68,134297.68,0.0,419490.33,553788.01,0.0,0.0,0,1,0,1,Account Drain + Balance Mismatch
1735,854065.31,854065.31,0.0,0.0,0.0,0.0,854065.31,1,1,1,1,Account Drain + Zero Destination
1736,621080.67,621080.67,0.0,0.0,621080.67,0.0,0.0,0,1,0,1,Account Drain + Balance Mismatch
1737,10000000.0,10000000.0,0.0,34082.32,10034082.32,0.0,0.0,0,1,0,1,Account Drain + Balance Mismatch
1738,3544.76,3544.76,0.0,0.0,0.0,0.0,3544.76,1,1,1,1,Account Drain + Zero Destination
1739,2689633.8,2689633.8,0.0,0.0,2689633.8,0.0,0.0,0,1,0,1,Account Drain + Balance Mismatch
1740,237642.64,237642.64,0.0,0.0,0.0,0.0,237642.64,1,1,1,1,Account Drain + Zero Destination
1741,1613281.82,1613281.82,0.0,0.0,0.0,0.0,1613281.82,1,1,1,1,Account Drain + Zero Destination
1742,242296.17,242296.17,0.0,0.0,0.0,0.0,242296.17,1,1,1,1,Account Drain + Zero Destination
1743,1506795.1,1506795.1,0.0,39851.76,1546646.86,0.0,0.0,0,1,0,1,Account Drain + Balance Mismatch
1744,856386.66,856386.66,0.0,256445.98,1112832.65,0.0,-0.0099999997764825,0,1,0,1,Account Drain + Balance Mismatch
1745,1259972.05,1259972.05,0.0,0.0,0.0,0.0,1259972.05,1,1,1,1,Account Drain + Zero Destination
1746,234787.38,234787.38,0.0,3932349.43,4167136.82,0.0,-0.0099999997764825,0,1,0,1,Account Drain + Balance Mismatch
1747,251140.96,251140.96,0.0,118975.87,370116.83,0.0,-5.820766091346741e-11,0,1,0,1,Account Drain + Balance Mismatch
1748,727792.98,727792.98,0.0,0.0,0.0,0.0,727792.98,1,1,1,1,Account Drain + Zero Destination
1749,35063.63,35063.63,0.0,31140.0,7550.03,0.0,58653.600000000006,0,1,0,1,Account Drain + Balance Mismatch
1750,17051.69,17051.69,0.0,289129.2,306180.89,0.0,0.0,0,1,0,1,Account Drain + Balance Mismatch
1751,457789.14,457789.14,0.0,0.0,457789.14,0.0,0.0,0,1,0,1,Account Drain + Balance Mismatch
1752,37974.85,37974.85,0.0,0.0,0.0,0.0,37974.85,1,1,1,1,Account Drain + Zero Destination
1753,11385.0,11385.0,0.0,0.0,0.0,0.0,11385.0,1,1,1,1,Account Drain + Zero Destination
1754,67921.66,67921.66,0.0,338544.14,406465.81,0.0,-0.0099999999511055,0,1,0,1,Account Drain + Balance Mismatch
1755,429257.45,429257.45,0.0,0.0,0.0,0.0,429257.45,1,1,1,1,Account Drain + Zero Destination
1756,56231.05,56231.05,0.0,0.0,56231.05,0.0,0.0,0,1,0,1,Account Drain + Balance Mismatch
1757,3592596.97,3592596.97,0.0,1512703.69,5105300.66,0.0,0.0,0,1,0,1,Account Drain + Balance Mismatch
1758,2169679.91,2169679.91,0.0,0.0,0.0,0.0,2169679.91,1,1,1,1,Account Drain + Zero Destination
1759,1122827.94,1122827.94,0.0,0.0,0.0,0.0,1122827.94,1,1,1,1,Account Drain + Zero Destination
1760,212028.15,212028.15,0.0,3708381.73,3920409.88,0.0,0.0,0,1,0,1,Account Drain + Balance Mismatch
1761,3283695.97,3283695.97,0.0,0.0,0.0,0.0,3283695.97,1,1,1,1,Account Drain + Zero Destination
1762,1290224.84,1290224.84,0.0,0.0,0.0,0.0,1290224.84,1,1,1,1,Account Drain + Zero Destination
1763,53338.82,53338.82,0.0,982332.85,1035671.67,0.0,-1.1641532182693479e-10,0,1,0,1,Account Drain + Balance Mismatch
1764,9511.69,9511.69,0.0,0.0,0.0,0.0,9511.69,1,1,1,1,Account Drain + Zero Destination
1765,769619.59,769619.59,0.0,0.0,0.0,0.0,769619.59,1,1,1,1,Account Drain + Zero Destination
1766,65365.11,65365.11,0.0,490135.89,604680.44,0.0,-49179.43999999994,0,1,0,1,Account Drain + Balance Mismatch
1767,2131624.18,2131624.18,0.0,227891.76,2359515.95,0.0,-0.0099999997764825,0,1,0,1,Account Drain + Balance Mismatch
1768,780687.45,780687.45,0.0,564595.45,1345282.89,0.0,0.0100000000093132,0,1,0,1,Account Drain + Balance Mismatch
1769,3512572.72,3512572.72,0.0,111846.62,3624419.34,0.0,4.656612873077393e-10,0,1,0,1,Account Drain + Balance Mismatch
1770,187128.57,187128.57,0.0,846965.44,1034094.01,0.0,0.0,0,1,0,1,Account Drain + Balance Mismatch
1771,586801.3,586801.3,0.0,0.0,0.0,0.0,586801.3,1,1,1,1,Account Drain + Zero Destination
1772,185238.61,185238.61,0.0,37287.36,222525.97,0.0,-2.9103830456733704e-11,0,1,0,1,Account Drain + Balance Mismatch
1773,400157.86,400157.86,0.0,0.0,0.0,0.0,400157.86,1,1,1,1,Account Drain + Zero Destination
1774,918087.96,918087.96,0.0,322224.88,1240312.84,0.0,-2.3283064365386963e-10,0,1,0,1,Account Drain + Balance Mismatch
1775,7596886.83,7596886.83,0.0,0.0,0.0,0.0,7596886.83,1,1,1,1,Account Drain + Zero Destination
1776,113336.41,113336.41,0.0,0.0,0.0,0.0,113336.41,1,1,1,1,Account Drain + Zero Destination
1777,7927.06,7927.06,0.0,0.0,0.0,0.0,7927.06,1,1,1,1,Account Drain + Zero Destination
1778,1379501.18,1379501.18,0.0,0.0,0.0,0.0,1379501.18,1,1,1,1,Account Drain + Zero Destination
1779,149535.0,149535.0,0.0,711124.24,860659.24,0.0,0.0,0,1,0,1,Account Drain + Balance Mismatch
1780,21511.22,21511.22,0.0,0.0,0.0,0.0,21511.22,1,1,1,1,Account Drain + Zero Destination
1781,79323.25,79323.25,0.0,0.0,0.0,0.0,79323.25,1,1,1,1,Account Drain + Zero Destination
1782,3592596.97,3592596.97,0.0,0.0,0.0,0.0,3592596.97,1,1,1,1,Account Drain + Zero Destination
1783,1150413.99,1150413.99,0.0,0.0,0.0,0.0,1150413.99,1,1,1,1,Account Drain + Zero Destination
1784,2221683.68,2221683.68,0.0,2110248.3,4331931.98,0.0,0.0,0,1,0,1,Account Drain + Balance Mismatch
1785,531551.0,531551.0,0.0,0.0,531551.0,0.0,0.0,0,1,0,1,Account Drain + Balance Mismatch
1786,633459.44,633459.44,0.0,0.0,633459.44,0.0,0.0,0,1,0,1,Account Drain + Balance Mismatch
1787,1641792.79,1641792.79,0.0,536929.18,2178721.97,0.0,0.0,0,1,0,1,Account Drain + Balance Mismatch
1788,591766.42,591766.42,0.0,0.0,0.0,0.0,591766.42,1,1,1,1,Account Drain + Zero Destination
1789,408724.54,408724.54,0.0,0.0,0.0,0.0,408724.54,1,1,1,1,Account Drain + Zero Destination
1790,4483868.79,4483868.79,0.0,1340132.06,5824000.85,0.0,0.0,0,1,0,1,Account Drain + Balance Mismatch
1791,2254934.36,2254934.36,0.0,364128.61,2619062.97,0.0,-4.656612873077393e-10,0,1,0,1,Account Drain + Balance Mismatch
1792,2424380.16,2424380.16,0.0,509474.11,2933854.27,0.0,0.0,0,1,0,1,Account Drain + Balance Mismatch
1793,140523.4,140523.4,0.0,0.0,0.0,0.0,140523.4,1,1,1,1,Account Drain + Zero Destination
1794,1254092.1,1254092.1,0.0,0.0,0.0,0.0,1254092.1,1,1,1,1,Account Drain + Zero Destination
1795,1186725.39,1186725.39,0.0,571163.84,1757889.23,0.0,0.0,0,1,0,1,Account Drain + Balance Mismatch
1796,682063.33,682063.33,0.0,0.0,0.0,0.0,682063.33,1,1,1,1,Account Drain + Zero Destination
1797,568918.32,568918.32,0.0,0.0,0.0,0.0,568918.32,1,1,1,1,Account Drain + Zero Destination
1798,19729.68,19729.68,0.0,0.0,19729.68,0.0,0.0,0,1,0,1,Account Drain + Balance Mismatch
1799,2684260.67,2684260.67,0.0,0.0,0.0,0.0,2684260.67,1,1,1,1,Account Drain + Zero Destination
1800,59996.12,59996.12,0.0,0.0,0.0,0.0,59996.12,1,1,1,1,Account Drain + Zero Destination
1801,1226390.31,1226390.31,0.0,0.0,0.0,0.0,1226390.31,1,1,1,1,Account Drain + Zero Destination
1802,1155819.58,1155819.58,0.0,0.0,0.0,0.0,1155819.58,1,1,1,1,Account Drain + Zero Destination
1803,1270565.77,1270565.77,0.0,216005.04,1486570.81,0.0,0.0,0,1,0,1,Account Drain + Balance Mismatch
1804,33676.59,33676.59,0.0,0.0,33676.59,0.0,0.0,0,1,0,1,Account Drain + Balance Mismatch
1805,134725.66,134725.66,0.0,0.0,134725.66,0.0,0.0,0,1,0,1,Account Drain + Balance Mismatch
1806,7670038.08,7670038.08,0.0,0.0,0.0,0.0,7670038.08,1,1,1,1,Account Drain + Zero Destination
1807,1068952.42,1068952.42,0.0,0.0,0.0,0.0,1068952.42,1,1,1,1,Account Drain + Zero Destination
1808,10000000.0,10000000.0,0.0,2145275.47,12145275.47,0.0,0.0,0,1,0,1,Account Drain + Balance Mismatch
1809,19527.35,19527.35,0.0,676072.2,695599.55,0.0,-1.1641532182693479e-10,0,1,0,1,Account Drain + Balance Mismatch
1810,176626.77,176626.77,0.0,0.0,0.0,0.0,176626.77,1,1,1,1,Account Drain + Zero Destination
1811,1994525.04,1994525.04,0.0,0.0,0.0,0.0,1994525.04,1,1,1,1,Account Drain + Zero Destination
1812,194876.96,194876.96,0.0,148344.11,343221.07,0.0,-5.820766091346741e-11,0,1,0,1,Account Drain + Balance Mismatch
1813,4830219.15,4830219.15,0.0,0.0,0.0,0.0,4830219.15,1,1,1,1,Account Drain + Zero Destination
1814,124311.57,124311.57,0.0,116019.29,240330.86,0.0,0.0,0,1,0,1,Account Drain + Balance Mismatch
1815,736370.54,736370.54,0.0,556478.62,1292849.15,0.0,0.0100000002421438,0,1,0,1,Account Drain + Balance Mismatch
1816,178616.12,178616.12,0.0,0.0,178616.12,0.0,0.0,0,1,0,1,Account Drain + Balance Mismatch
1817,110457.0,110457.0,0.0,4174451.61,4284908.61,0.0,-9.313225746154783e-10,0,1,0,1,Account Drain + Balance Mismatch
1818,417620.07,417620.07,0.0,0.0,0.0,0.0,417620.07,1,1,1,1,Account Drain + Zero Destination
1819,1832319.42,1832319.42,0.0,0.0,0.0,0.0,1832319.42,1,1,1,1,Account Drain + Zero Destination
1820,86070.17,86070.17,0.0,0.0,0.0,0.0,86070.17,1,1,1,1,Account Drain + Zero Destination
1821,198888.16,198888.16,0.0,359018.15,557906.31,0.0,0.0,0,1,0,1,Account Drain + Balance Mismatch
1822,268230.43,268230.43,0.0,0.0,0.0,0.0,268230.43,1,1,1,1,Account Drain + Zero Destination
1823,811459.21,811459.21,0.0,843227.0,1654686.21,0.0,0.0,0,1,0,1,Account Drain + Balance Mismatch
1824,123146.28,123146.28,0.0,0.0,123146.28,0.0,0.0,0,1,0,1,Account Drain + Balance Mismatch
1825,10000000.0,19110884.44,9110884.44,0.0,0.0,1.862645149230957e-09,10000000.0,1,0,1,1,Account Drain + Zero Destination
1826,899782.7,899782.7,0.0,106863.62,1006646.32,0.0,0.0,0,1,0,1,Account Drain + Balance Mismatch
1827,167679.27,167679.27,0.0,0.0,0.0,0.0,167679.27,1,1,1,1,Account Drain + Zero Destination
1828,59677.48,59677.48,0.0,0.0,0.0,0.0,59677.48,1,1,1,1,Account Drain + Zero Destination
1829,114490.39,114490.39,0.0,0.0,0.0,0.0,114490.39,1,1,1,1,Account Drain + Zero Destination
1830,1489916.19,1489916.19,0.0,3239862.61,4729778.79,0.0,0.0099999997764825,0,1,0,1,Account Drain + Balance Mismatch
1831,2394623.8,2394623.8,0.0,0.0,0.0,0.0,2394623.8,1,1,1,1,Account Drain + Zero Destination
1832,232315.43,232315.43,0.0,20819035.38,21051350.81,0.0,0.0,0,1,0,1,Account Drain + Balance Mismatch
1833,155534.95,155534.95,0.0,88096.9,243631.85,0.0,0.0,0,1,0,1,Account Drain + Balance Mismatch
1834,200418.1,200418.1,0.0,902091.87,1102509.97,0.0,0.0,0,1,0,1,Account Drain + Balance Mismatch
1835,1610110.66,1610110.66,0.0,17821.53,1627932.2,0.0,-0.0100000000093132,0,1,0,1,Account Drain + Balance Mismatch
1836,1314897.11,1314897.11,0.0,0.0,1314897.11,0.0,0.0,0,1,0,1,Account Drain + Balance Mismatch
1837,972142.03,972142.03,0.0,0.0,972142.03,0.0,0.0,0,1,0,1,Account Drain + Balance Mismatch
1838,86070.17,86070.17,0.0,0.0,86070.17,0.0,0.0,0,1,0,1,Account Drain + Balance Mismatch
1839,106654.67,106654.67,0.0,0.0,0.0,0.0,106654.67,1,1,1,1,Account Drain + Zero Destination
1840,1143937.73,1143937.73,0.0,0.0,0.0,0.0,1143937.73,1,1,1,1,Account Drain + Zero Destination
1841,534158.52,534158.52,0.0,5156.57,539315.09,0.0,0.0,0,1,0,1,Account Drain + Balance Mismatch
1842,53338.82,53338.82,0.0,0.0,0.0,0.0,53338.82,1,1,1,1,Account Drain + Zero Destination
1843,334790.89,334790.89,0.0,0.0,0.0,0.0,334790.89,1,1,1,1,Account Drain + Zero Destination
1844,157137.97,157137.97,0.0,0.0,0.0,0.0,157137.97,1,1,1,1,Account Drain + Zero Destination
1845,4022667.54,4022667.54,0.0,80136.56,4057191.21,0.0,45612.89000000013,0,1,0,1,Account Drain + Balance Mismatch
1846,145379.14,145379.14,0.0,0.0,0.0,0.0,145379.14,1,1,1,1,Account Drain + Zero Destination
1847,136562.78,136562.78,0.0,0.0,0.0,0.0,136562.78,1,1,1,1,Account Drain + Zero Destination
1848,884821.37,884821.37,0.0,0.0,0.0,0.0,884821.37,1,1,1,1,Account Drain + Zero Destination
1849,453311.62,0.0,0.0,0.0,412488.99,-453311.62,40822.630000000005,0,1,0,1,Account Drain + Balance Mismatch
1850,152331.26,152331.26,0.0,0.0,0.0,0.0,152331.26,1,1,1,1,Account Drain + Zero Destination
1851,196254.03,196254.03,0.0,0.0,196254.03,0.0,0.0,0,1,0,1,Account Drain + Balance Mismatch
1852,115599.26,115599.26,0.0,0.0,0.0,0.0,115599.26,1,1,1,1,Account Drain + Zero Destination
1853,3846781.01,3846781.01,0.0,0.0,0.0,0.0,3846781.01,1,1,1,1,Account Drain + Zero Destination
1854,740124.95,740124.95,0.0,0.0,0.0,0.0,740124.95,1,1,1,1,Account Drain + Zero Destination
1855,4480592.14,4480592.14,0.0,0.0,0.0,0.0,4480592.14,1,1,1,1,Account Drain + Zero Destination
1856,45807.51,45807.51,0.0,267824.05,313631.56,0.0,0.0,0,1,0,1,Account Drain + Balance Mismatch
1857,696763.08,696763.08,0.0,0.0,69861.26,0.0,626901.82,0,1,1,1,Account Drain + Balance Mismatch
1858,76640.82,76640.82,0.0,0.0,76640.82,0.0,0.0,0,1,0,1,Account Drain + Balance Mismatch
1859,1842.0,1842.0,0.0,0.0,1842.0,0.0,0.0,0,1,0,1,Account Drain + Balance Mismatch
1860,42513.08,42513.08,0.0,0.0,42513.08,0.0,0.0,0,1,0,1,Account Drain + Balance Mismatch
1861,479892.04,479892.04,0.0,1600079.29,2079971.33,0.0,0.0,0,1,0,1,Account Drain + Balance Mismatch
1862,89596.79,89596.79,0.0,0.0,0.0,0.0,89596.79,1,1,1,1,Account Drain + Zero Destination
1863,8589704.49,8589704.49,0.0,2811300.49,11401004.98,0.0,0.0,0,1,0,1,Account Drain + Balance Mismatch
1864,7535.58,7535.58,0.0,44609.54,52145.11,0.0,0.0100000000020372,0,1,0,1,Account Drain + Balance Mismatch
1865,377096.39,377096.39,0.0,0.0,377096.39,0.0,0.0,0,1,0,1,Account Drain + Balance Mismatch
1866,407275.43,407275.43,0.0,2202883.5,2610158.93,0.0,0.0,0,1,0,1,Account Drain + Balance Mismatch
1867,743311.65,743311.65,0.0,0.0,743311.65,0.0,0.0,0,1,0,1,Account Drain + Balance Mismatch
1868,879810.51,879810.51,0.0,0.0,0.0,0.0,879810.51,1,1,1,1,Account Drain + Zero Destination
1869,1221900.21,1221900.21,0.0,0.0,0.0,0.0,1221900.21,1,1,1,1,Account Drain + Zero Destination
1870,21662.5,21662.5,0.0,0.0,21662.5,0.0,0.0,0,1,0,1,Account Drain + Balance Mismatch
1871,209340.53,209340.53,0.0,0.0,0.0,0.0,209340.53,1,1,1,1,Account Drain + Zero Destination
1872,42483.97,42483.97,0.0,0.0,0.0,0.0,42483.97,1,1,1,1,Account Drain + Zero Destination
1873,1782737.6,1782737.6,0.0,0.0,0.0,0.0,1782737.6,1,1,1,1,Account Drain + Zero Destination
1874,40413.81,40413.81,0.0,0.0,0.0,0.0,40413.81,1,1,1,1,Account Drain + Zero Destination
1875,674541.55,674541.55,0.0,0.0,0.0,0.0,674541.55,1,1,1,1,Account Drain + Zero Destination
1876,30245.46,30245.46,0.0,0.0,0.0,0.0,30245.46,1,1,1,1,Account Drain + Zero Destination
1877,2828068.73,2828068.73,0.0,0.0,0.0,0.0,2828068.73,1,1,1,1,Account Drain + Zero Destination
1878,305846.12,305846.12,0.0,0.0,0.0,0.0,305846.12,1,1,1,1,Account Drain + Zero Destination
1879,489767.32,489767.32,0.0,0.0,489767.32,0.0,0.0,0,1,0,1,Account Drain + Balance Mismatch
1880,1372301.24,1372301.24,0.0,0.0,1372301.24,0.0,0.0,0,1,0,1,Account Drain + Balance Mismatch
1881,145035.4,145035.4,0.0,0.0,0.0,0.0,145035.4,1,1,1,1,Account Drain + Zero Destination
1882,622235.32,622235.32,0.0,0.0,0.0,0.0,622235.32,1,1,1,1,Account Drain + Zero Destination
1883,1530378.45,1530378.45,0.0,0.0,1530378.45,0.0,0.0,0,1,0,1,Account Drain + Balance Mismatch
1884,1055.0,1055.0,0.0,75179.0,0.0,0.0,76234.0,0,1,0,1,Account Drain + Balance Mismatch
1885,159106.12,159106.12,0.0,0.0,0.0,0.0,159106.12,1,1,1,1,Account Drain + Zero Destination
1886,362988.52,362988.52,0.0,0.0,0.0,0.0,362988.52,1,1,1,1,Account Drain + Zero Destination
1887,581889.94,581889.94,0.0,0.0,0.0,0.0,581889.94,1,1,1,1,Account Drain + Zero Destination
1888,89631.24,89631.24,0.0,0.0,0.0,0.0,89631.24,1,1,1,1,Account Drain + Zero Destination
1889,128133.0,128133.0,0.0,0.0,0.0,0.0,128133.0,1,1,1,1,Account Drain + Zero Destination
1890,163353.64,163353.64,0.0,0.0,0.0,0.0,163353.64,1,1,1,1,Account Drain + Zero Destination
1891,500905.62,500905.62,0.0,0.0,0.0,0.0,500905.62,1,1,1,1,Account Drain + Zero Destination
1892,20986.02,20986.02,0.0,0.0,0.0,0.0,20986.02,1,1,1,1,Account Drain + Zero Destination
1893,2740879.15,2740879.15,0.0,0.0,0.0,0.0,2740879.15,1,1,1,1,Account Drain + Zero Destination
1894,113338.99,113338.99,0.0,0.0,0.0,0.0,113338.99,1,1,1,1,Account Drain + Zero Destination
1895,1268931.21,1268931.21,0.0,10940338.7,12209269.9,0.0,0.0099999997764825,0,1,0,1,Account Drain + Balance Mismatch
1896,1641792.79,1641792.79,0.0,0.0,0.0,0.0,1641792.79,1,1,1,1,Account Drain + Zero Destination
1897,43159.0,43159.0,0.0,0.0,43159.0,0.0,0.0,0,1,0,1,Account Drain + Balance Mismatch
1898,966389.93,966389.93,0.0,0.0,966389.93,0.0,0.0,0,1,0,1,Account Drain + Balance Mismatch
1899,865948.49,865948.49,0.0,0.0,865948.49,0.0,0.0,0,1,0,1,Account Drain + Balance Mismatch
1900,48078.85,48078.85,0.0,0.0,0.0,0.0,48078.85,1,1,1,1,Account Drain + Zero Destination
1901,299298.5,299298.5,0.0,30615.0,329913.5,0.0,0.0,0,1,0,1,Account Drain + Balance Mismatch
1902,25529.76,25529.76,0.0,0.0,0.0,0.0,25529.76,1,1,1,1,Account Drain + Zero Destination
1903,1465173.76,1465173.76,0.0,0.0,1465173.76,0.0,0.0,0,1,0,1,Account Drain + Balance Mismatch
1904,196385.55,196385.55,0.0,0.0,196385.55,0.0,0.0,0,1,0,1,Account Drain + Balance Mismatch
1905,311993.06,0.0,0.0,0.0,311993.06,-311993.06,0.0,0,1,0,1,Account Drain + Balance Mismatch
1906,4075956.58,4075956.58,0.0,0.0,0.0,0.0,4075956.58,1,1,1,1,Account Drain + Zero Destination
1907,701697.49,701697.49,0.0,0.0,0.0,0.0,701697.49,1,1,1,1,Account Drain + Zero Destination
1908,843174.04,843174.04,0.0,0.0,0.0,0.0,843174.04,1,1,1,1,Account Drain + Zero Destination
1909,156011.24,156011.24,0.0,0.0,0.0,0.0,156011.24,1,1,1,1,Account Drain + Zero Destination
1910,7109453.78,7109453.78,0.0,0.0,0.0,0.0,7109453.78,1,1,1,1,Account Drain + Zero Destination
1911,703833.48,703833.48,0.0,0.0,0.0,0.0,703833.48,1,1,1,1,Account Drain + Zero Destination
1912,265836.1,265836.1,0.0,0.0,0.0,0.0,265836.1,1,1,1,1,Account Drain + Zero Destination
1913,4241.44,4241.44,0.0,256363.03,260604.47,0.0,0.0,0,1,0,1,Account Drain + Balance Mismatch
1914,7703574.71,7703574.71,0.0,0.0,7703574.71,0.0,0.0,0,1,0,1,Account Drain + Balance Mismatch
1915,310726.29,310726.29,0.0,1270319.48,1581045.77,0.0,0.0,0,1,0,1,Account Drain + Balance Mismatch
1916,18042.11,18042.11,0.0,0.0,0.0,0.0,18042.11,1,1,1,1,Account Drain + Zero Destination
1917,3735525.0,3735525.0,0.0,0.0,0.0,0.0,3735525.0,1,1,1,1,Account Drain + Zero Destination
1918,23031.26,23031.26,0.0,0.0,0.0,0.0,23031.26,1,1,1,1,Account Drain + Zero Destination
1919,594577.22,594577.22,0.0,0.0,0.0,0.0,594577.22,1,1,1,1,Account Drain + Zero Destination
1920,2136099.59,2136099.59,0.0,466582.86,2602682.46,0.0,-0.0100000002421438,0,1,0,1,Account Drain + Balance Mismatch
1921,351268.75,351268.75,0.0,0.0,0.0,0.0,351268.75,1,1,1,1,Account Drain + Zero Destination
1922,1495203.8,1495203.8,0.0,0.0,1495203.8,0.0,0.0,0,1,0,1,Account Drain + Balance Mismatch
1923,1938347.14,1938347.14,0.0,294911.92,2233259.06,0.0,0.0,0,1,0,1,Account Drain + Balance Mismatch
1924,1974352.3,1974352.3,0.0,0.0,0.0,0.0,1974352.3,1,1,1,1,Account Drain + Zero Destination
1925,1697655.62,1697655.62,0.0,0.0,1697655.62,0.0,0.0,0,1,0,1,Account Drain + Balance Mismatch
1926,504362.34,504362.34,0.0,0.0,0.0,0.0,504362.34,1,1,1,1,Account Drain + Zero Destination
1927,405062.33,405062.33,0.0,1844185.94,2249248.27,0.0,0.0,0,1,0,1,Account Drain + Balance Mismatch
1928,79323.25,79323.25,0.0,194983.92,274307.16,0.0,0.0100000000675208,0,1,0,1,Account Drain + Balance Mismatch
1929,102464.68,102464.68,0.0,0.0,0.0,0.0,102464.68,1,1,1,1,Account Drain + Zero Destination
1930,10000000.0,10000000.0,0.0,2246.43,10002246.43,0.0,0.0,0,1,0,1,Account Drain + Balance Mismatch
1931,251832.96,251832.96,0.0,392591.73,644424.68,0.0,0.0099999998928979,0,1,0,1,Account Drain + Balance Mismatch
1932,319974.69,319974.69,0.0,0.0,0.0,0.0,319974.69,1,1,1,1,Account Drain + Zero Destination
1933,3738574.9,3738574.9,0.0,0.0,0.0,0.0,3738574.9,1,1,1,1,Account Drain + Zero Destination
1934,7197532.27,7197532.27,0.0,0.0,0.0,0.0,7197532.27,1,1,1,1,Account Drain + Zero Destination
1935,2799902.39,2799902.39,0.0,0.0,0.0,0.0,2799902.39,1,1,1,1,Account Drain + Zero Destination
1936,1301090.39,1301090.39,0.0,0.0,0.0,0.0,1301090.39,1,1,1,1,Account Drain + Zero Destination
1937,351170.6,0.0,0.0,0.0,351170.6,-351170.6,0.0,0,1,0,1,Account Drain + Balance Mismatch
1938,461442.52,461442.52,0.0,11029.55,472472.07,0.0,0.0,0,1,0,1,Account Drain + Balance Mismatch
1939,32830.82,32830.82,0.0,0.0,0.0,0.0,32830.82,1,1,1,1,Account Drain + Zero Destination
1940,54652.46,54652.46,0.0,0.0,0.0,0.0,54652.46,1,1,1,1,Account Drain + Zero Destination
1941,10000000.0,10399045.08,10399045.08,0.0,0.0,-10000000.0,10000000.0,1,0,1,1,Account Drain + Zero Destination
1942,3929113.14,3929113.14,0.0,2171552.02,6100665.15,0.0,0.0099999997764825,0,1,0,1,Account Drain + Balance Mismatch
1943,2120266.89,2120266.89,0.0,4076539.19,6196806.08,0.0,0.0,0,1,0,1,Account Drain + Balance Mismatch
1944,17246.0,17246.0,0.0,0.0,101717.84,0.0,-84471.84,0,1,1,1,Account Drain + Balance Mismatch
1945,10000000.0,12629417.41,2629417.41,0.0,0.0,0.0,10000000.0,1,0,1,1,Account Drain + Zero Destination
1946,92043.22,92043.22,0.0,3090723.25,3182766.47,0.0,0.0,0,1,0,1,Account Drain + Balance Mismatch
1947,120491.56,120491.56,0.0,0.0,0.0,0.0,120491.56,1,1,1,1,Account Drain + Zero Destination
1948,355909.21,355909.21,0.0,0.0,0.0,0.0,355909.21,1,1,1,1,Account Drain + Zero Destination
1949,278577.6,278577.6,0.0,124948.07,403525.68,0.0,-0.0100000000093132,0,1,0,1,Account Drain + Balance Mismatch
1950,15371.72,15371.72,0.0,616240.72,631612.44,0.0,0.0,0,1,0,1,Account Drain + Balance Mismatch
1951,4152435.91,4152435.91,0.0,0.0,0.0,0.0,4152435.91,1,1,1,1,Account Drain + Zero Destination
1952,230666.63,0.0,0.0,32322.42,262989.05,-230666.63,0.0,0,1,0,1,Account Drain + Balance Mismatch
1953,125216.91,125216.91,0.0,0.0,0.0,0.0,125216.91,1,1,1,1,Account Drain + Zero Destination
1954,172915.56,172915.56,0.0,7674508.7,7847424.27,0.0,-0.0099999997764825,0,1,0,1,Account Drain + Balance Mismatch
1955,766257.55,766257.55,0.0,0.0,0.0,0.0,766257.55,1,1,1,1,Account Drain + Zero Destination
1956,71511.19,71511.19,0.0,0.0,0.0,0.0,71511.19,1,1,1,1,Account Drain + Zero Destination
1957,265747.73,265747.73,0.0,0.0,0.0,0.0,265747.73,1,1,1,1,Account Drain + Zero Destination
1958,296333.54,296333.54,0.0,3355664.68,3651998.22,0.0,0.0,0,1,0,1,Account Drain + Balance Mismatch
1959,7304.56,7304.56,0.0,0.0,7304.56,0.0,0.0,0,1,0,1,Account Drain + Balance Mismatch
1960,118106.94,118106.94,0.0,1908450.58,2026557.52,0.0,0.0,0,1,0,1,Account Drain + Balance Mismatch
1961,771024.82,771024.82,0.0,121864.03,892888.86,0.0,-0.0100000000093132,0,1,0,1,Account Drain + Balance Mismatch
1962,432958.83,432958.83,0.0,0.0,0.0,0.0,432958.83,1,1,1,1,Account Drain + Zero Destination
1963,615954.92,615954.92,0.0,0.0,0.0,0.0,615954.92,1,1,1,1,Account Drain + Zero Destination
1964,225301.45,225301.45,0.0,358027.9,583329.35,0.0,1.1641532182693479e-10,0,1,0,1,Account Drain + Balance Mismatch
1965,10000000.0,10000000.0,0.0,1920358.24,11920358.24,0.0,0.0,0,1,0,1,Account Drain + Balance Mismatch
1966,24382.08,24382.08,0.0,6866.91,31248.99,0.0,0.0,0,1,0,1,Account Drain + Balance Mismatch
1967,325668.67,325668.67,0.0,0.0,325668.67,0.0,0.0,0,1,0,1,Account Drain + Balance Mismatch
1968,2096634.43,2096634.43,0.0,183429.98,2280064.41,0.0,0.0,0,1,0,1,Account Drain + Balance Mismatch
1969,2113271.99,2113271.99,0.0,1444605.24,3557877.23,0.0,4.656612873077393e-10,0,1,0,1,Account Drain + Balance Mismatch
1970,164519.7,164519.7,0.0,0.0,0.0,0.0,164519.7,1,1,1,1,Account Drain + Zero Destination
1971,436247.68,0.0,0.0,0.0,436247.68,-436247.68,0.0,0,1,0,1,Account Drain + Balance Mismatch
1972,1500582.08,1500582.08,0.0,0.0,0.0,0.0,1500582.08,1,1,1,1,Account Drain + Zero Destination
1973,537539.57,537539.57,0.0,0.0,0.0,0.0,537539.57,1,1,1,1,Account Drain + Zero Destination
1974,1494146.93,1494146.93,0.0,0.0,1494146.93,0.0,0.0,0,1,0,1,Account Drain + Balance Mismatch
1975,10000000.0,10000000.0,0.0,0.0,10000000.0,0.0,0.0,0,1,0,1,Account Drain + Balance Mismatch
1976,2095699.93,2095699.93,0.0,0.0,2095699.93,0.0,0.0,0,1,0,1,Account Drain + Balance Mismatch
1977,935790.41,935790.41,0.0,2889033.29,3824823.7,0.0,0.0,0,1,0,1,Account Drain + Balance Mismatch
1978,315654.19,315654.19,0.0,0.0,0.0,0.0,315654.19,1,1,1,1,Account Drain + Zero Destination
1979,49199.2,49199.2,0.0,0.0,0.0,0.0,49199.2,1,1,1,1,Account Drain + Zero Destination
1980,114827.36,114827.36,0.0,0.0,0.0,0.0,114827.36,1,1,1,1,Account Drain + Zero Destination
1981,932922.6,932922.6,0.0,400110.15,1333032.75,0.0,0.0,0,1,0,1,Account Drain + Balance Mismatch
1982,107834.85,107834.85,0.0,0.0,0.0,0.0,107834.85,1,1,1,1,Account Drain + Zero Destination
1983,5512595.16,5512595.16,0.0,0.0,0.0,0.0,5512595.16,1,1,1,1,Account Drain + Zero Destination
1984,239646.72,239646.72,0.0,2208970.26,2448616.98,0.0,0.0,0,1,0,1,Account Drain + Balance Mismatch
1985,58521.53,58521.53,0.0,0.0,0.0,0.0,58521.53,1,1,1,1,Account Drain + Zero Destination
1986,18471.55,18471.55,0.0,0.0,0.0,0.0,18471.55,1,1,1,1,Account Drain + Zero Destination
1987,3488355.65,3488355.65,0.0,0.0,0.0,0.0,3488355.65,1,1,1,1,Account Drain + Zero Destination
1988,181545.14,181545.14,0.0,2357597.32,2539142.46,0.0,0.0,0,1,0,1,Account Drain + Balance Mismatch
1989,16207.04,16207.04,0.0,0.0,0.0,0.0,16207.04,1,1,1,1,Account Drain + Zero Destination
1990,908228.29,908228.29,0.0,0.0,0.0,0.0,908228.29,1,1,1,1,Account Drain + Zero Destination
1991,40359.75,40359.75,0.0,0.0,0.0,0.0,40359.75,1,1,1,1,Account Drain + Zero Destination
1992,3399575.93,3399575.93,0.0,0.0,3399575.93,0.0,0.0,0,1,0,1,Account Drain + Balance Mismatch
1993,415785.89,415785.89,0.0,2903051.84,3318837.73,0.0,0.0,0,1,0,1,Account Drain + Balance Mismatch
1994,271150.29,271150.29,0.0,0.0,0.0,0.0,271150.29,1,1,1,1,Account Drain + Zero Destination
1995,2426076.89,2426076.89,0.0,0.0,0.0,0.0,2426076.89,1,1,1,1,Account Drain + Zero Destination
1996,600722.15,600722.15,0.0,2372103.71,2972825.85,0.0,0.0099999997764825,0,1,0,1,Account Drain + Balance Mismatch
1997,633610.66,633610.66,0.0,0.0,633610.66,0.0,0.0,0,1,0,1,Account Drain + Balance Mismatch
1998,713404.6,713404.6,0.0,0.0,713404.6,0.0,0.0,0,1,0,1,Account Drain + Balance Mismatch
1999,3774777.76,3774777.76,0.0,0.0,0.0,0.0,3774777.76,1,1,1,1,Account Drain + Zero Destination
2000,2343696.85,2343696.85,0.0,158778.61,2502475.46,0.0,0.0,0,1,0,1,Account Drain + Balance Mismatch
2001,536433.5,536433.5,0.0,3603723.8,4140157.3,0.0,0.0,0,1,0,1,Account Drain + Balance Mismatch
2002,839077.79,839077.79,0.0,0.0,839077.79,0.0,0.0,0,1,0,1,Account Drain + Balance Mismatch
2003,256556.98,256556.98,0.0,0.0,0.0,0.0,256556.98,1,1,1,1,Account Drain + Zero Destination
2004,60226.06,60226.06,0.0,0.0,0.0,0.0,60226.06,1,1,1,1,Account Drain + Zero Destination
2005,387168.65,0.0,0.0,0.0,387168.65,-387168.65,0.0,0,1,0,1,Account Drain + Balance Mismatch
2006,82971.91,82971.91,0.0,0.0,0.0,0.0,82971.91,1,1,1,1,Account Drain + Zero Destination
2007,87219.11,87219.11,0.0,45443.64,132662.75,0.0,0.0,0,1,0,1,Account Drain + Balance Mismatch
2008,2058961.66,2058961.66,0.0,16244.5,2075206.16,0.0,0.0,0,1,0,1,Account Drain + Balance Mismatch
2009,22990.73,22990.73,0.0,3279840.64,3302831.37,0.0,0.0,0,1,0,1,Account Drain + Balance Mismatch
2010,389250.9,389250.9,0.0,0.0,0.0,0.0,389250.9,1,1,1,1,Account Drain + Zero Destination
2011,7670038.08,7670038.08,0.0,855331.21,8525369.29,0.0,0.0,0,1,0,1,Account Drain + Balance Mismatch
2012,604933.67,604933.67,0.0,35839.7,640773.38,0.0,-0.0100000000093132,0,1,0,1,Account Drain + Balance Mismatch
2013,242179.39,242179.39,0.0,0.0,0.0,0.0,242179.39,1,1,1,1,Account Drain + Zero Destination
2014,1503297.45,1503297.45,0.0,2521233.1,4024530.55,0.0,0.0,0,1,0,1,Account Drain + Balance Mismatch
2015,4623764.68,4623764.68,0.0,0.0,0.0,0.0,4623764.68,1,1,1,1,Account Drain + Zero Destination
2016,56125.55,56125.55,0.0,0.0,0.0,0.0,56125.55,1,1,1,1,Account Drain + Zero Destination
2017,338388.53,0.0,0.0,0.0,338388.53,-338388.53,0.0,0,1,0,1,Account Drain + Balance Mismatch
2018,279826.54,279826.54,0.0,0.0,0.0,0.0,279826.54,1,1,1,1,Account Drain + Zero Destination
2019,36300.25,36300.25,0.0,0.0,36300.25,0.0,0.0,0,1,0,1,Account Drain + Balance Mismatch
2020,2514878.33,2514878.33,0.0,0.0,0.0,0.0,2514878.33,1,1,1,1,Account Drain + Zero Destination
2021,31334.57,31334.57,0.0,0.0,31334.57,0.0,0.0,0,1,0,1,Account Drain + Balance Mismatch
2022,10000000.0,12184556.65,2184556.65,0.0,0.0,4.656612873077393e-10,10000000.0,1,0,1,1,Account Drain + Zero Destination
2023,1437291.89,1437291.89,0.0,0.0,0.0,0.0,1437291.89,1,1,1,1,Account Drain + Zero Destination
2024,582725.12,582725.12,0.0,1066408.36,1649133.48,0.0,0.0,0,1,0,1,Account Drain + Balance Mismatch
2025,410299.86,410299.86,0.0,0.0,0.0,0.0,410299.86,1,1,1,1,Account Drain + Zero Destination
2026,3116889.41,3116889.41,0.0,226218.51,3343107.92,0.0,0.0,0,1,0,1,Account Drain + Balance Mismatch
2027,16514.64,16514.64,0.0,0.0,16514.64,0.0,0.0,0,1,0,1,Account Drain + Balance Mismatch
2028,1232697.94,1232697.94,0.0,2532328.06,3765025.99,0.0,0.0099999997764825,0,1,0,1,Account Drain + Balance Mismatch
2029,128893.5,128893.5,0.0,0.0,0.0,0.0,128893.5,1,1,1,1,Account Drain + Zero Destination
2030,2147778.33,2147778.33,0.0,0.0,0.0,0.0,2147778.33,1,1,1,1,Account Drain + Zero Destination
2031,6856104.02,6856104.02,0.0,751321.25,7607425.27,0.0,0.0,0,1,0,1,Account Drain + Balance Mismatch
2032,346374.54,346374.54,0.0,0.0,0.0,0.0,346374.54,1,1,1,1,Account Drain + Zero Destination
2033,20225.17,20225.17,0.0,4743918.53,4825802.22,0.0,-61658.51999999955,0,1,0,1,Account Drain + Balance Mismatch
2034,7454553.06,7454553.06,0.0,0.0,7454553.06,0.0,0.0,0,1,0,1,Account Drain + Balance Mismatch
2035,44829.81,44829.81,0.0,301552.31,346382.12,0.0,0.0,0,1,0,1,Account Drain + Balance Mismatch
2036,310726.29,310726.29,0.0,0.0,0.0,0.0,310726.29,1,1,1,1,Account Drain + Zero Destination
2037,773926.81,773926.81,0.0,0.0,0.0,0.0,773926.81,1,1,1,1,Account Drain + Zero Destination
2038,3724.3,3724.3,0.0,0.0,0.0,0.0,3724.3,1,1,1,1,Account Drain + Zero Destination
2039,2612915.2,2612915.2,0.0,7374588.54,9987503.74,0.0,0.0,0,1,0,1,Account Drain + Balance Mismatch
2040,13704.0,13704.0,0.0,3382.84,143675.35,0.0,-126588.51,0,1,0,1,Account Drain + Balance Mismatch
2041,1396824.94,1396824.94,0.0,0.0,0.0,0.0,1396824.94,1,1,1,1,Account Drain + Zero Destination
2042,88748.63,88748.63,0.0,0.0,0.0,0.0,88748.63,1,1,1,1,Account Drain + Zero Destination
2043,125107.12,125107.12,0.0,0.0,0.0,0.0,125107.12,1,1,1,1,Account Drain + Zero Destination
2044,105080.35,105080.35,0.0,1949100.08,2054180.43,0.0,2.3283064365386963e-10,0,1,0,1,Account Drain + Balance Mismatch
2045,202263.03,202263.03,0.0,0.0,0.0,0.0,202263.03,1,1,1,1,Account Drain + Zero Destination
2046,185391.82,185391.82,0.0,0.0,0.0,0.0,185391.82,1,1,1,1,Account Drain + Zero Destination
2047,900362.48,900362.48,0.0,0.0,900362.48,0.0,0.0,0,1,0,1,Account Drain + Balance Mismatch
2048,78741.64,78741.64,0.0,0.0,0.0,0.0,78741.64,1,1,1,1,Account Drain + Zero Destination
2049,873356.47,873356.47,0.0,0.0,0.0,0.0,873356.47,1,1,1,1,Account Drain + Zero Destination
2050,487572.45,487572.45,0.0,0.0,0.0,0.0,487572.45,1,1,1,1,Account Drain + Zero Destination
2051,621569.61,621569.61,0.0,0.0,0.0,0.0,621569.61,1,1,1,1,Account Drain + Zero Destination
2052,40413.81,40413.81,0.0,0.0,40413.81,0.0,0.0,0,1,0,1,Account Drain + Balance Mismatch
2053,618270.9,618270.9,0.0,0.0,0.0,0.0,618270.9,1,1,1,1,Account Drain + Zero Destination
2054,322585.04,322585.04,0.0,0.0,0.0,0.0,322585.04,1,1,1,1,Account Drain + Zero Destination
2055,10000000.0,10000000.0,0.0,551074.14,10551074.14,0.0,0.0,0,1,0,1,Account Drain + Balance Mismatch
2056,322113.91,322113.91,0.0,0.0,322113.91,0.0,0.0,0,1,0,1,Account Drain + Balance Mismatch
2057,10000000.0,16468916.64,6468916.64,0.0,0.0,9.313225746154783e-10,10000000.0,1,0,1,1,Account Drain + Zero Destination
2058,226689.16,226689.16,0.0,0.0,0.0,0.0,226689.16,1,1,1,1,Account Drain + Zero Destination
2059,756426.12,756426.12,0.0,1612984.89,2369411.01,0.0,0.0,0,1,0,1,Account Drain + Balance Mismatch
2060,174923.28,174923.28,0.0,0.0,174923.28,0.0,0.0,0,1,0,1,Account Drain + Balance Mismatch
2061,73064.41,73064.41,0.0,187838.1,260902.5,0.0,0.0100000000093132,0,1,0,1,Account Drain + Balance Mismatch
2062,12477.96,12477.96,0.0,0.0,12477.96,0.0,0.0,0,1,0,1,Account Drain + Balance Mismatch
2063,214975.9,214975.9,0.0,0.0,0.0,0.0,214975.9,1,1,1,1,Account Drain + Zero Destination
2064,4582074.51,4582074.51,0.0,154034.94,4736109.45,0.0,0.0,0,1,0,1,Account Drain + Balance Mismatch
2065,103056.0,103056.0,0.0,444182.13,547238.13,0.0,0.0,0,1,0,1,Account Drain + Balance Mismatch
2066,37796.75,37796.75,0.0,211905.39,249702.14,0.0,0.0,0,1,0,1,Account Drain + Balance Mismatch
2067,219110.27,219110.27,0.0,0.0,0.0,0.0,219110.27,1,1,1,1,Account Drain + Zero Destination
2068,449199.47,449199.47,0.0,0.0,0.0,0.0,449199.47,1,1,1,1,Account Drain + Zero Destination
2069,494446.94,494446.94,0.0,3324564.1,3819011.04,0.0,0.0,0,1,0,1,Account Drain + Balance Mismatch
2070,40873.25,40873.25,0.0,0.0,0.0,0.0,40873.25,1,1,1,1,Account Drain + Zero Destination
2071,56290.17,56290.17,0.0,10484036.58,10540326.75,0.0,0.0,0,1,0,1,Account Drain + Balance Mismatch
2072,1165187.89,1165187.89,0.0,0.0,0.0,0.0,1165187.89,1,1,1,1,Account Drain + Zero Destination
2073,167679.27,167679.27,0.0,165580.61,333259.88,0.0,0.0,0,1,0,1,Account Drain + Balance Mismatch
2074,3996798.71,3996798.71,0.0,4511245.41,8508044.12,0.0,1.862645149230957e-09,0,1,0,1,Account Drain + Balance Mismatch
2075,892376.71,892376.71,0.0,31730514.36,32622891.07,0.0,0.0,0,1,0,1,Account Drain + Balance Mismatch
2076,498747.55,498747.55,0.0,0.0,498747.55,0.0,0.0,0,1,0,1,Account Drain + Balance Mismatch
2077,7188425.25,7188425.25,0.0,0.0,0.0,0.0,7188425.25,1,1,1,1,Account Drain + Zero Destination
2078,2693520.61,2693520.61,0.0,0.0,0.0,0.0,2693520.61,1,1,1,1,Account Drain + Zero Destination
2079,163294.35,163294.35,0.0,0.0,0.0,0.0,163294.35,1,1,1,1,Account Drain + Zero Destination
2080,337287.72,337287.72,0.0,0.0,0.0,0.0,337287.72,1,1,1,1,Account Drain + Zero Destination
2081,296333.54,296333.54,0.0,0.0,0.0,0.0,296333.54,1,1,1,1,Account Drain + Zero Destination
2082,1848199.45,1848199.45,0.0,0.0,0.0,0.0,1848199.45,1,1,1,1,Account Drain + Zero Destination
2083,892213.56,892213.56,0.0,0.0,0.0,0.0,892213.56,1,1,1,1,Account Drain + Zero Destination
2084,895565.06,895565.06,0.0,0.0,0.0,0.0,895565.06,1,1,1,1,Account Drain + Zero Destination
2085,177925.98,177925.98,0.0,0.0,0.0,0.0,177925.98,1,1,1,1,Account Drain + Zero Destination
2086,174.92,174.92,0.0,29134.25,29309.17,0.0,0.0,0,1,0,1,Account Drain + Balance Mismatch
2087,2776135.33,2776135.33,0.0,0.0,2776135.33,0.0,0.0,0,1,0,1,Account Drain + Balance Mismatch
2088,277611.08,277611.08,0.0,1588077.25,1865688.33,0.0,0.0,0,1,0,1,Account Drain + Balance Mismatch
2089,3118811.65,3118811.65,0.0,1163983.03,4282794.68,0.0,0.0,0,1,0,1,Account Drain + Balance Mismatch
2090,4375931.29,4375931.29,0.0,0.0,0.0,0.0,4375931.29,1,1,1,1,Account Drain + Zero Destination
2091,8208916.0,8208916.0,0.0,0.0,0.0,0.0,8208916.0,1,1,1,1,Account Drain + Zero Destination
2092,21922.0,21922.0,0.0,1929861.61,2046918.8,0.0,-95135.18999999994,0,1,0,1,Account Drain + Balance Mismatch
2093,614145.31,614145.31,0.0,0.0,0.0,0.0,614145.31,1,1,1,1,Account Drain + Zero Destination
2094,1889351.63,1889351.63,0.0,0.0,0.0,0.0,1889351.63,1,1,1,1,Account Drain + Zero Destination
2095,285376.6,285376.6,0.0,2719914.68,3005291.27,0.0,0.0100000002421438,0,1,0,1,Account Drain + Balance Mismatch
2096,985127.95,985127.95,0.0,0.0,985127.95,0.0,0.0,0,1,0,1,Account Drain + Balance Mismatch
2097,149975.43,149975.43,0.0,0.0,0.0,0.0,149975.43,1,1,1,1,Account Drain + Zero Destination
2098,127447.68,127447.68,0.0,0.0,0.0,0.0,127447.68,1,1,1,1,Account Drain + Zero Destination
2099,125464.42,125464.42,0.0,332131.92,457596.34,0.0,-5.820766091346741e-11,0,1,0,1,Account Drain + Balance Mismatch
2100,10000000.0,22625132.51,12625132.51,0.0,0.0,1.862645149230957e-09,10000000.0,1,0,1,1,Account Drain + Zero Destination
2101,516355.22,516355.22,0.0,146473.93,662829.14,0.0,0.0099999998928979,0,1,0,1,Account Drain + Balance Mismatch
2102,1162155.11,1162155.11,0.0,0.0,0.0,0.0,1162155.11,1,1,1,1,Account Drain + Zero Destination
2103,7469051.14,7469051.14,0.0,94820.42,7563871.56,0.0,0.0,0,1,0,1,Account Drain + Balance Mismatch
2104,9131.0,9131.0,0.0,133084.02,142215.02,0.0,0.0,0,1,0,1,Account Drain + Balance Mismatch
2105,14279.89,14279.89,0.0,0.0,0.0,0.0,14279.89,1,1,1,1,Account Drain + Zero Destination
2106,6961359.11,6961359.11,0.0,0.0,0.0,0.0,6961359.11,1,1,1,1,Account Drain + Zero Destination
2107,697226.2,697226.2,0.0,4172268.59,4869494.79,0.0,0.0,0,1,0,1,Account Drain + Balance Mismatch
2108,564699.59,564699.59,0.0,0.0,0.0,0.0,564699.59,1,1,1,1,Account Drain + Zero Destination
2109,3070709.95,3070709.95,0.0,0.0,3070709.95,0.0,0.0,0,1,0,1,Account Drain + Balance Mismatch
2110,160088.68,160088.68,0.0,0.0,0.0,0.0,160088.68,1,1,1,1,Account Drain + Zero Destination
2111,119454.86,119454.86,0.0,0.0,0.0,0.0,119454.86,1,1,1,1,Account Drain + Zero Destination
2112,8594499.99,8594499.99,0.0,0.0,0.0,0.0,8594499.99,1,1,1,1,Account Drain + Zero Destination
2113,1077146.94,1077146.94,0.0,6485.28,1083632.22,0.0,0.0,0,1,0,1,Account Drain + Balance Mismatch
2114,931684.75,931684.75,0.0,0.0,0.0,0.0,931684.75,1,1,1,1,Account Drain + Zero Destination
2115,2322909.69,2322909.69,0.0,875613.05,3198522.74,0.0,0.0,0,1,0,1,Account Drain + Balance Mismatch
2116,802483.88,802483.88,0.0,0.0,0.0,0.0,802483.88,1,1,1,1,Account Drain + Zero Destination
2117,258355.42,258355.42,0.0,0.0,0.0,0.0,258355.42,1,1,1,1,Account Drain + Zero Destination
2118,3018810.85,3018810.85,0.0,65126.98,3083937.83,0.0,0.0,0,1,0,1,Account Drain + Balance Mismatch
2119,74447.11,74447.11,0.0,0.0,74447.11,0.0,0.0,0,1,0,1,Account Drain + Balance Mismatch
2120,10000000.0,10000000.0,0.0,0.0,10000000.0,0.0,0.0,0,1,0,1,Account Drain + Balance Mismatch
2121,337974.21,337974.21,0.0,0.0,0.0,0.0,337974.21,1,1,1,1,Account Drain + Zero Destination
2122,111764.7,111764.7,0.0,4440481.04,4552245.74,0.0,0.0,0,1,0,1,Account Drain + Balance Mismatch
2123,7788725.2,7788725.2,0.0,0.0,0.0,0.0,7788725.2,1,1,1,1,Account Drain + Zero Destination
2124,534255.94,534255.94,0.0,24559.0,558814.94,0.0,0.0,0,1,0,1,Account Drain + Balance Mismatch
2125,43235.71,43235.71,0.0,0.0,0.0,0.0,43235.71,1,1,1,1,Account Drain + Zero Destination
2126,1767886.02,1767886.02,0.0,0.0,1767886.02,0.0,0.0,0,1,0,1,Account Drain + Balance Mismatch
2127,147080.42,147080.42,0.0,0.0,147080.42,0.0,0.0,0,1,0,1,Account Drain + Balance Mismatch
2128,1026208.84,1026208.84,0.0,0.0,0.0,0.0,1026208.84,1,1,1,1,Account Drain + Zero Destination
2129,555574.92,555574.92,0.0,0.0,0.0,0.0,555574.92,1,1,1,1,Account Drain + Zero Destination
2130,225301.45,225301.45,0.0,0.0,0.0,0.0,225301.45,1,1,1,1,Account Drain + Zero Destination
2131,1023356.77,1023356.77,0.0,0.0,0.0,0.0,1023356.77,1,1,1,1,Account Drain + Zero Destination
2132,20281.44,20281.44,0.0,85764.25,106045.69,0.0,0.0,0,1,0,1,Account Drain + Balance Mismatch
2133,32935.25,32935.25,0.0,0.0,0.0,0.0,32935.25,1,1,1,1,Account Drain + Zero Destination
2134,127916.67,127916.67,0.0,0.0,0.0,0.0,127916.67,1,1,1,1,Account Drain + Zero Destination
2135,22117.99,22117.99,0.0,581228.15,603346.15,0.0,-0.0100000000093132,0,1,0,1,Account Drain + Balance Mismatch
2136,145458.94,145458.94,0.0,193730.82,339189.76,0.0,0.0,0,1,0,1,Account Drain + Balance Mismatch
2137,227624.3,227624.3,0.0,0.0,227624.3,0.0,0.0,0,1,0,1,Account Drain + Balance Mismatch
2138,2479767.72,2479767.72,0.0,0.0,0.0,0.0,2479767.72,1,1,1,1,Account Drain + Zero Destination
2139,10000000.0,10000000.0,0.0,0.0,10000000.0,0.0,0.0,0,1,0,1,Account Drain + Balance Mismatch
2140,157628.35,157628.35,0.0,0.0,0.0,0.0,157628.35,1,1,1,1,Account Drain + Zero Destination
2141,1258956.71,1258956.71,0.0,0.0,0.0,0.0,1258956.71,1,1,1,1,Account Drain + Zero Destination
2142,377096.39,377096.39,0.0,0.0,0.0,0.0,377096.39,1,1,1,1,Account Drain + Zero Destination
2143,130479.52,130479.52,0.0,204819.94,335299.46,0.0,0.0,0,1,0,1,Account Drain + Balance Mismatch
2144,306833.41,306833.41,0.0,0.0,0.0,0.0,306833.41,1,1,1,1,Account Drain + Zero Destination
2145,3607917.73,3607917.73,0.0,0.0,0.0,0.0,3607917.73,1,1,1,1,Account Drain + Zero Destination
2146,436002.23,0.0,0.0,0.0,436002.23,-436002.23,0.0,0,1,0,1,Account Drain + Balance Mismatch
2147,69039.64,69039.64,0.0,0.0,0.0,0.0,69039.64,1,1,1,1,Account Drain + Zero Destination
2148,400517.07,400517.07,0.0,0.0,400517.07,0.0,0.0,0,1,0,1,Account Drain + Balance Mismatch
2149,367631.15,367631.15,0.0,0.0,0.0,0.0,367631.15,1,1,1,1,Account Drain + Zero Destination
2150,986876.27,986876.27,0.0,57853.96,1044730.24,0.0,-0.0100000000093132,0,1,0,1,Account Drain + Balance Mismatch
2151,1254775.16,1254775.16,0.0,0.0,0.0,0.0,1254775.16,1,1,1,1,Account Drain + Zero Destination
2152,2581549.92,2581549.92,0.0,0.0,2581549.92,0.0,0.0,0,1,0,1,Account Drain + Balance Mismatch
2153,76646.05,76646.05,0.0,0.0,76646.05,0.0,0.0,0,1,0,1,Account Drain + Balance Mismatch
2154,31887.18,31887.18,0.0,4584085.52,4615972.7,0.0,-9.313225746154783e-10,0,1,0,1,Account Drain + Balance Mismatch
2155,20920.39,20920.39,0.0,359472.94,380393.33,0.0,0.0,0,1,0,1,Account Drain + Balance Mismatch
2156,441892.92,441892.92,0.0,0.0,0.0,0.0,441892.92,1,1,1,1,Account Drain + Zero Destination
2157,114827.36,114827.36,0.0,0.0,114827.36,0.0,0.0,0,1,0,1,Account Drain + Balance Mismatch
2158,1911239.21,1911239.21,0.0,188720.75,2099959.96,0.0,0.0,0,1,0,1,Account Drain + Balance Mismatch
2159,119.65,119.65,0.0,1183575.58,1183695.22,0.0,0.0100000000093132,0,1,0,1,Account Drain + Balance Mismatch
2160,151.0,151.0,0.0,0.0,0.0,0.0,151.0,1,1,1,1,Account Drain + Zero Destination
2161,972142.03,972142.03,0.0,0.0,0.0,0.0,972142.03,1,1,1,1,Account Drain + Zero Destination
2162,12619.29,12619.29,0.0,0.0,0.0,0.0,12619.29,1,1,1,1,Account Drain + Zero Destination
2163,2656973.04,2656973.04,0.0,654028.45,3311001.49,0.0,0.0,0,1,0,1,Account Drain + Balance Mismatch
2164,30917.39,30917.39,0.0,339926.42,370843.82,0.0,-0.0100000000093132,0,1,0,1,Account Drain + Balance Mismatch
2165,9772559.35,9772559.35,0.0,1968332.75,11740892.1,0.0,0.0,0,1,0,1,Account Drain + Balance Mismatch
2166,4720554.95,4720554.95,0.0,0.0,0.0,0.0,4720554.95,1,1,1,1,Account Drain + Zero Destination
2167,664992.86,664992.86,0.0,769363.38,1434356.23,0.0,0.0100000000093132,0,1,0,1,Account Drain + Balance Mismatch
2168,493538.8,493538.8,0.0,341590.52,835129.32,0.0,1.1641532182693479e-10,0,1,0,1,Account Drain + Balance Mismatch
2169,166323.01,166323.01,0.0,0.0,0.0,0.0,166323.01,1,1,1,1,Account Drain + Zero Destination
2170,201281.36,201281.36,0.0,0.0,0.0,0.0,201281.36,1,1,1,1,Account Drain + Zero Destination
2171,540154.62,540154.62,0.0,533832.92,1073987.54,0.0,0.0,0,1,0,1,Account Drain + Balance Mismatch
2172,354441.19,354441.19,0.0,0.0,0.0,0.0,354441.19,1,1,1,1,Account Drain + Zero Destination
2173,1064995.85,1064995.85,0.0,0.0,1064995.85,0.0,0.0,0,1,0,1,Account Drain + Balance Mismatch
2174,101013.32,101013.32,0.0,0.0,0.0,0.0,101013.32,1,1,1,1,Account Drain + Zero Destination
2175,91655.26,91655.26,0.0,0.0,0.0,0.0,91655.26,1,1,1,1,Account Drain + Zero Destination
2176,4448598.93,4448598.93,0.0,3196304.6,7644903.53,0.0,-9.313225746154783e-10,0,1,0,1,Account Drain + Balance Mismatch
2177,473387.81,473387.81,0.0,0.0,0.0,0.0,473387.81,1,1,1,1,Account Drain + Zero Destination
2178,420330.71,420330.71,0.0,99227.28,519557.99,0.0,0.0,0,1,0,1,Account Drain + Balance Mismatch
2179,326250.51,326250.51,0.0,0.0,0.0,0.0,326250.51,1,1,1,1,Account Drain + Zero Destination
2180,2319926.01,2319926.01,0.0,843706.68,3163632.69,0.0,0.0,0,1,0,1,Account Drain + Balance Mismatch
2181,2123610.45,2123610.45,0.0,1234419.45,3358029.9,0.0,4.656612873077393e-10,0,1,0,1,Account Drain + Balance Mismatch
2182,824841.09,824841.09,0.0,629645.26,1454486.34,0.0,0.0100000000093132,0,1,0,1,Account Drain + Balance Mismatch
2183,96989.06,96989.06,0.0,0.0,0.0,0.0,96989.06,1,1,1,1,Account Drain + Zero Destination
2184,76548.48,76548.48,0.0,0.0,0.0,0.0,76548.48,1,1,1,1,Account Drain + Zero Destination
2185,86848.88,86848.88,0.0,0.0,0.0,0.0,86848.88,1,1,1,1,Account Drain + Zero Destination
2186,360749.76,360749.76,0.0,0.0,0.0,0.0,360749.76,1,1,1,1,Account Drain + Zero Destination
2187,182739.36,182739.36,0.0,0.0,0.0,0.0,182739.36,1,1,1,1,Account Drain + Zero Destination
2188,88424.06,88424.06,0.0,0.0,0.0,0.0,88424.06,1,1,1,1,Account Drain + Zero Destination
2189,249159.26,249159.26,0.0,0.0,0.0,0.0,249159.26,1,1,1,1,Account Drain + Zero Destination
2190,319208.14,319208.14,0.0,1905620.3,2224828.44,0.0,0.0,0,1,0,1,Account Drain + Balance Mismatch
2191,756426.12,756426.12,0.0,0.0,0.0,0.0,756426.12,1,1,1,1,Account Drain + Zero Destination
2192,646676.42,646676.42,0.0,111156.33,757832.75,0.0,0.0,0,1,0,1,Account Drain + Balance Mismatch
2193,1314897.11,1314897.11,0.0,0.0,0.0,0.0,1314897.11,1,1,1,1,Account Drain + Zero Destination
2194,3924102.18,3924102.18,0.0,0.0,3924102.18,0.0,0.0,0,1,0,1,Account Drain + Balance Mismatch
2195,7603589.38,7603589.38,0.0,0.0,0.0,0.0,7603589.38,1,1,1,1,Account Drain + Zero Destination
2196,415785.89,415785.89,0.0,0.0,0.0,0.0,415785.89,1,1,1,1,Account Drain + Zero Destination
2197,621387.64,621387.64,0.0,85132.75,706520.39,0.0,0.0,0,1,0,1,Account Drain + Balance Mismatch
2198,305817.12,305817.12,0.0,0.0,0.0,0.0,305817.12,1,1,1,1,Account Drain + Zero Destination
2199,124465.49,124465.49,0.0,0.0,0.0,0.0,124465.49,1,1,1,1,Account Drain + Zero Destination
2200,1054244.29,1054244.29,0.0,0.0,0.0,0.0,1054244.29,1,1,1,1,Account Drain + Zero Destination
2201,324756.92,0.0,0.0,0.0,324756.92,-324756.92,0.0,0,1,0,1,Account Drain + Balance Mismatch
2202,456930.88,456930.88,0.0,0.0,0.0,0.0,456930.88,1,1,1,1,Account Drain + Zero Destination
2203,460436.43,460436.43,0.0,0.0,460436.43,0.0,0.0,0,1,0,1,Account Drain + Balance Mismatch
2204,4651.43,4651.43,0.0,4812422.91,4817074.35,0.0,-0.0099999997764825,0,1,0,1,Account Drain + Balance Mismatch
2205,416284.7,416284.7,0.0,0.0,416284.7,0.0,0.0,0,1,0,1,Account Drain + Balance Mismatch
2206,302227.56,302227.56,0.0,1125769.87,1427997.43,0.0,2.3283064365386963e-10,0,1,0,1,Account Drain + Balance Mismatch
2207,2491.85,2491.85,0.0,292572.02,295063.87,0.0,0.0,0,1,0,1,Account Drain + Balance Mismatch
2208,1136374.62,1136374.62,0.0,820273.26,1956647.88,0.0,2.3283064365386963e-10,0,1,0,1,Account Drain + Balance Mismatch
2209,40433.84,40433.84,0.0,0.0,0.0,0.0,40433.84,1,1,1,1,Account Drain + Zero Destination
2210,538312.05,538312.05,0.0,0.0,0.0,0.0,538312.05,1,1,1,1,Account Drain + Zero Destination
2211,5741.05,5741.05,0.0,0.0,0.0,0.0,5741.05,1,1,1,1,Account Drain + Zero Destination
2212,1504.73,1504.73,0.0,0.0,0.0,0.0,1504.73,1,1,1,1,Account Drain + Zero Destination
2213,51113.0,51113.0,0.0,0.0,0.0,0.0,51113.0,1,1,1,1,Account Drain + Zero Destination
2214,1946.74,1946.74,0.0,0.0,0.0,0.0,1946.74,1,1,1,1,Account Drain + Zero Destination
2215,2066467.64,2066467.64,0.0,194510.24,3098566.67,0.0,-837588.79,0,1,0,1,Account Drain + Balance Mismatch
2216,224661.54,224661.54,0.0,0.0,0.0,0.0,224661.54,1,1,1,1,Account Drain + Zero Destination
2217,21819.57,21819.57,0.0,333325.9,355145.48,0.0,-0.0099999999511055,0,1,0,1,Account Drain + Balance Mismatch
2218,390763.24,390763.24,0.0,0.0,0.0,0.0,390763.24,1,1,1,1,Account Drain + Zero Destination
2219,20314.97,20314.97,0.0,0.0,0.0,0.0,20314.97,1,1,1,1,Account Drain + Zero Destination
2220,226710.36,0.0,0.0,0.0,226710.36,-226710.36,0.0,0,1,0,1,Account Drain + Balance Mismatch
2221,449199.47,449199.47,0.0,224957.93,674157.4,0.0,-1.1641532182693479e-10,0,1,0,1,Account Drain + Balance Mismatch
2222,69077.14,69077.14,0.0,0.0,0.0,0.0,69077.14,1,1,1,1,Account Drain + Zero Destination
2223,574709.63,574709.63,0.0,0.0,574709.63,0.0,0.0,0,1,0,1,Account Drain + Balance Mismatch
2224,3009125.59,3009125.59,0.0,46901.34,3056026.93,0.0,-4.656612873077393e-10,0,1,0,1,Account Drain + Balance Mismatch
2225,905919.58,905919.58,0.0,82944.63,988864.21,0.0,0.0,0,1,0,1,Account Drain + Balance Mismatch
2226,829885.13,829885.13,0.0,13276462.12,14106347.25,0.0,0.0,0,1,0,1,Account Drain + Balance Mismatch
2227,1947831.96,1947831.96,0.0,0.0,1947831.96,0.0,0.0,0,1,0,1,Account Drain + Balance Mismatch
2228,143340.15,143340.15,0.0,0.0,0.0,0.0,143340.15,1,1,1,1,Account Drain + Zero Destination
2229,121142.75,121142.75,0.0,86601.5,207744.25,0.0,0.0,0,1,0,1,Account Drain + Balance Mismatch
2230,7114590.07,7114590.07,0.0,0.0,0.0,0.0,7114590.07,1,1,1,1,Account Drain + Zero Destination
2231,2686564.04,2686564.04,0.0,438199.37,3124763.41,0.0,0.0,0,1,0,1,Account Drain + Balance Mismatch
2232,177925.98,177925.98,0.0,70857.67,248783.65,0.0,2.9103830456733704e-11,0,1,0,1,Account Drain + Balance Mismatch
2233,930970.44,930970.44,0.0,0.0,0.0,0.0,930970.44,1,1,1,1,Account Drain + Zero Destination
2234,7196174.56,7196174.56,0.0,14743.59,7094510.52,0.0,116407.62999999987,0,1,0,1,Account Drain + Balance Mismatch
2235,219300.76,219300.76,0.0,19058370.95,19277671.71,0.0,0.0,0,1,0,1,Account Drain + Balance Mismatch
2236,5166728.87,5166728.87,0.0,0.0,5166728.87,0.0,0.0,0,1,0,1,Account Drain + Balance Mismatch
2237,254440.83,254440.83,0.0,0.0,254440.83,0.0,0.0,0,1,0,1,Account Drain + Balance Mismatch
2238,1539687.27,1539687.27,0.0,256502.86,1796190.14,0.0,-0.0100000000093132,0,1,0,1,Account Drain + Balance Mismatch
2239,7484125.12,7484125.12,0.0,62896.23,7547021.36,0.0,-0.0099999997764825,0,1,0,1,Account Drain + Balance Mismatch
2240,115881.21,115881.21,0.0,0.0,0.0,0.0,115881.21,1,1,1,1,Account Drain + Zero Destination
2241,1161495.82,1161495.82,0.0,319036.02,1565123.81,0.0,-84591.96999999997,0,1,0,1,Account Drain + Balance Mismatch
2242,4022667.54,4022667.54,0.0,0.0,0.0,0.0,4022667.54,1,1,1,1,Account Drain + Zero Destination
2243,82806.2,82806.2,0.0,0.0,0.0,0.0,82806.2,1,1,1,1,Account Drain + Zero Destination
2244,5044147.53,5044147.53,0.0,0.0,0.0,0.0,5044147.53,1,1,1,1,Account Drain + Zero Destination
2245,152961.49,152961.49,0.0,12414395.47,12567356.96,0.0,0.0,0,1,0,1,Account Drain + Balance Mismatch
2246,2100.0,2100.0,0.0,0.0,0.0,0.0,2100.0,1,1,1,1,Account Drain + Zero Destination
2247,98533.36,98533.36,0.0,0.0,98533.36,0.0,0.0,0,1,0,1,Account Drain + Balance Mismatch
2248,108994.49,108994.49,0.0,0.0,0.0,0.0,108994.49,1,1,1,1,Account Drain + Zero Destination
2249,147649.37,147649.37,0.0,0.0,0.0,0.0,147649.37,1,1,1,1,Account Drain + Zero Destination
2250,48605.54,48605.54,0.0,0.0,0.0,0.0,48605.54,1,1,1,1,Account Drain + Zero Destination
2251,145944.8,145944.8,0.0,122425.15,268369.95,0.0,-5.820766091346741e-11,0,1,0,1,Account Drain + Balance Mismatch
2252,924912.26,924912.26,0.0,0.0,0.0,0.0,924912.26,1,1,1,1,Account Drain + Zero Destination
2253,340198.41,340198.41,0.0,0.0,0.0,0.0,340198.41,1,1,1,1,Account Drain + Zero Destination
2254,158279.4,158279.4,0.0,0.0,0.0,0.0,158279.4,1,1,1,1,Account Drain + Zero Destination
2255,131842.85,131842.85,0.0,0.0,0.0,0.0,131842.85,1,1,1,1,Account Drain + Zero Destination
2256,7703574.71,7703574.71,0.0,0.0,0.0,0.0,7703574.71,1,1,1,1,Account Drain + Zero Destination
2257,7758036.72,7758036.72,0.0,0.0,0.0,0.0,7758036.72,1,1,1,1,Account Drain + Zero Destination
2258,137508.01,137508.01,0.0,0.0,137508.01,0.0,0.0,0,1,0,1,Account Drain + Balance Mismatch
2259,9977761.05,9977761.05,0.0,0.0,9977761.05,0.0,0.0,0,1,0,1,Account Drain + Balance Mismatch
2260,436906.22,436906.22,0.0,77698.14,869573.55,0.0,-354969.19000000006,0,1,0,1,Account Drain + Balance Mismatch
2261,2222008.27,2222008.27,0.0,0.0,0.0,0.0,2222008.27,1,1,1,1,Account Drain + Zero Destination
2262,181104.66,181104.66,0.0,0.0,0.0,0.0,181104.66,1,1,1,1,Account Drain + Zero Destination
2263,4582074.51,4582074.51,0.0,0.0,0.0,0.0,4582074.51,1,1,1,1,Account Drain + Zero Destination
2264,3028421.03,3028421.03,0.0,4503234.54,7531655.57,0.0,0.0,0,1,0,1,Account Drain + Balance Mismatch
2265,62184.44,62184.44,0.0,0.0,0.0,0.0,62184.44,1,1,1,1,Account Drain + Zero Destination
2266,228556.73,0.0,0.0,0.0,228556.73,-228556.73,0.0,0,1,0,1,Account Drain + Balance Mismatch
2267,7218629.01,7218629.01,0.0,0.0,0.0,0.0,7218629.01,1,1,1,1,Account Drain + Zero Destination
2268,4677358.76,4677358.76,0.0,0.0,4677358.76,0.0,0.0,0,1,0,1,Account Drain + Balance Mismatch
2269,21367.0,21367.0,0.0,0.0,0.0,0.0,21367.0,1,1,1,1,Account Drain + Zero Destination
2270,3332748.16,3332748.16,0.0,0.0,0.0,0.0,3332748.16,1,1,1,1,Account Drain + Zero Destination
2271,2772748.37,2772748.37,0.0,0.0,2772748.37,0.0,0.0,0,1,0,1,Account Drain + Balance Mismatch
2272,337974.21,337974.21,0.0,0.0,337974.21,0.0,0.0,0,1,0,1,Account Drain + Balance Mismatch
2273,72782.82,72782.82,0.0,2185531.03,2258313.86,0.0,-0.0100000002421438,0,1,0,1,Account Drain + Balance Mismatch
2274,443047.01,0.0,0.0,0.0,443047.01,-443047.01,0.0,0,1,0,1,Account Drain + Balance Mismatch
2275,16619.95,16619.95,0.0,0.0,0.0,0.0,16619.95,1,1,1,1,Account Drain + Zero Destination
2276,1547877.98,1547877.98,0.0,185725.9,1733603.89,0.0,-0.0100000000093132,0,1,0,1,Account Drain + Balance Mismatch
2277,343627.25,0.0,0.0,0.0,343627.25,-343627.25,0.0,0,1,0,1,Account Drain + Balance Mismatch
2278,120582.86,120582.86,0.0,0.0,0.0,0.0,120582.86,1,1,1,1,Account Drain + Zero Destination
2279,306675.37,306675.37,0.0,3566083.7,3872759.07,0.0,4.656612873077393e-10,0,1,0,1,Account Drain + Balance Mismatch
2280,2720647.79,2720647.79,0.0,0.0,0.0,0.0,2720647.79,1,1,1,1,Account Drain + Zero Destination
2281,989954.57,989954.57,0.0,861924.18,1851878.75,0.0,0.0,0,1,0,1,Account Drain + Balance Mismatch
2282,6844.73,6844.73,0.0,264100.7,270945.42,0.0,0.0100000000093132,0,1,0,1,Account Drain + Balance Mismatch
2283,161272.92,161272.92,0.0,783850.08,945123.0,0.0,0.0,0,1,0,1,Account Drain + Balance Mismatch
2284,249365.63,249365.63,0.0,0.0,0.0,0.0,249365.63,1,1,1,1,Account Drain + Zero Destination
2285,1517771.48,1517771.48,0.0,161843.29,1679614.77,0.0,0.0,0,1,0,1,Account Drain + Balance Mismatch
2286,28636.24,28636.24,0.0,0.0,0.0,0.0,28636.24,1,1,1,1,Account Drain + Zero Destination
2287,617668.37,617668.37,0.0,108637.75,975065.21,0.0,-248759.09,0,1,0,1,Account Drain + Balance Mismatch
2288,10000000.0,10000000.0,0.0,1950323.28,11950323.28,0.0,0.0,0,1,0,1,Account Drain + Balance Mismatch
2289,33302.96,33302.96,0.0,0.0,0.0,0.0,33302.96,1,1,1,1,Account Drain + Zero Destination
2290,1001446.44,1001446.44,0.0,0.0,0.0,0.0,1001446.44,1,1,1,1,Account Drain + Zero Destination
2291,52795.24,52795.24,0.0,61166.14,113961.38,0.0,0.0,0,1,0,1,Account Drain + Balance Mismatch
2292,61756.82,61756.82,0.0,0.0,0.0,0.0,61756.82,1,1,1,1,Account Drain + Zero Destination
2293,31045.76,31045.76,0.0,0.0,0.0,0.0,31045.76,1,1,1,1,Account Drain + Zero Destination
2294,10000000.0,10000000.0,0.0,841522.24,10841522.24,0.0,0.0,0,1,0,1,Account Drain + Balance Mismatch
2295,7596886.83,7596886.83,0.0,1022130.96,8619017.79,0.0,0.0,0,1,0,1,Account Drain + Balance Mismatch
2296,10000000.0,16250438.78,6250438.78,0.0,0.0,-9.313225746154783e-10,10000000.0,1,0,1,1,Account Drain + Zero Destination
2297,385207.12,385207.12,0.0,0.0,385207.12,0.0,0.0,0,1,0,1,Account Drain + Balance Mismatch
2298,40388.58,40388.58,0.0,6981191.23,7021579.81,0.0,9.313225746154783e-10,0,1,0,1,Account Drain + Balance Mismatch
2299,38580.45,38580.45,0.0,335633.03,374213.48,0.0,5.820766091346741e-11,0,1,0,1,Account Drain + Balance Mismatch
2300,193545.61,193545.61,0.0,183785.02,377330.62,0.0,0.0100000000093132,0,1,0,1,Account Drain + Balance Mismatch
2301,1600721.32,1600721.32,0.0,0.0,1600721.32,0.0,0.0,0,1,0,1,Account Drain + Balance Mismatch
2302,350800.27,350800.27,0.0,0.0,0.0,0.0,350800.27,1,1,1,1,Account Drain + Zero Destination
2303,966222.5,966222.5,0.0,0.0,0.0,0.0,966222.5,1,1,1,1,Account Drain + Zero Destination
2304,1205760.86,1205760.86,0.0,8682013.45,9887774.3,0.0,0.0099999979138374,0,1,0,1,Account Drain + Balance Mismatch
2305,284000.25,284000.25,0.0,0.0,0.0,0.0,284000.25,1,1,1,1,Account Drain + Zero Destination
2306,113360.8,113360.8,0.0,0.0,0.0,0.0,113360.8,1,1,1,1,Account Drain + Zero Destination
2307,21571.0,21571.0,0.0,0.0,0.0,0.0,21571.0,1,1,1,1,Account Drain + Zero Destination
2308,279086.64,0.0,0.0,0.0,279086.64,-279086.64,0.0,0,1,0,1,Account Drain + Balance Mismatch
2309,175203.45,175203.45,0.0,2735776.45,2910979.9,0.0,4.656612873077393e-10,0,1,0,1,Account Drain + Balance Mismatch
2310,3904257.51,3904257.51,0.0,0.0,0.0,0.0,3904257.51,1,1,1,1,Account Drain + Zero Destination
2311,5188875.35,5188875.35,0.0,11465.0,5020573.28,0.0,179767.06999999937,0,1,0,1,Account Drain + Balance Mismatch
2312,205129.12,205129.12,0.0,480559.02,685688.15,0.0,-0.0100000000093132,0,1,0,1,Account Drain + Balance Mismatch
2313,272187.2,272187.2,0.0,0.0,272187.2,0.0,0.0,0,1,0,1,Account Drain + Balance Mismatch
2314,449032.97,449032.97,0.0,0.0,0.0,0.0,449032.97,1,1,1,1,Account Drain + Zero Destination
2315,2885466.96,2885466.96,0.0,28131.01,3268477.05,0.0,-354879.0800000001,0,1,0,1,Account Drain + Balance Mismatch
2316,132438.82,132438.82,0.0,0.0,132438.82,0.0,0.0,0,1,0,1,Account Drain + Balance Mismatch
2317,447009.83,447009.83,0.0,0.0,0.0,0.0,447009.83,1,1,1,1,Account Drain + Zero Destination
2318,1171751.17,1171751.17,0.0,0.0,1171751.17,0.0,0.0,0,1,0,1,Account Drain + Balance Mismatch
2319,392502.23,0.0,0.0,0.0,392502.23,-392502.23,0.0,0,1,0,1,Account Drain + Balance Mismatch
2320,197943.1,197943.1,0.0,0.0,0.0,0.0,197943.1,1,1,1,1,Account Drain + Zero Destination
2321,2108589.59,2108589.59,0.0,0.0,0.0,0.0,2108589.59,1,1,1,1,Account Drain + Zero Destination
2322,109008.53,109008.53,0.0,369085.36,478093.89,0.0,0.0,0,1,0,1,Account Drain + Balance Mismatch
2323,200008.33,200008.33,0.0,2959887.83,3159896.16,0.0,0.0,0,1,0,1,Account Drain + Balance Mismatch
2324,672812.53,672812.53,0.0,0.0,672812.53,0.0,0.0,0,1,0,1,Account Drain + Balance Mismatch
2325,37019.04,37019.04,0.0,0.0,0.0,0.0,37019.04,1,1,1,1,Account Drain + Zero Destination
2326,781.93,781.93,0.0,0.0,781.93,0.0,0.0,0,1,0,1,Account Drain + Balance Mismatch
2327,21571.0,21571.0,0.0,30797.41,71140.3,0.0,-18771.89,0,1,0,1,Account Drain + Balance Mismatch
2328,414794.23,414794.23,0.0,8045553.73,8460347.96,0.0,0.0,0,1,0,1,Account Drain + Balance Mismatch
2329,1028486.59,1028486.59,0.0,0.0,0.0,0.0,1028486.59,1,1,1,1,Account Drain + Zero Destination
2330,379057.93,379057.93,0.0,0.0,0.0,0.0,379057.93,1,1,1,1,Account Drain + Zero Destination
2331,1314660.84,1314660.84,0.0,0.0,1314660.84,0.0,0.0,0,1,0,1,Account Drain + Balance Mismatch
2332,149279.69,149279.69,0.0,229339.41,378619.1,0.0,0.0,0,1,0,1,Account Drain + Balance Mismatch
2333,64083.54,64083.54,0.0,0.0,0.0,0.0,64083.54,1,1,1,1,Account Drain + Zero Destination
2334,2927005.15,2927005.15,0.0,0.0,2994420.07,0.0,-67414.91999999993,0,1,0,1,Account Drain + Balance Mismatch
2335,690510.31,690510.31,0.0,53206.61,743716.92,0.0,0.0,0,1,0,1,Account Drain + Balance Mismatch
2336,790332.43,790332.43,0.0,0.0,0.0,0.0,790332.43,1,1,1,1,Account Drain + Zero Destination
2337,2108589.59,2108589.59,0.0,0.0,2108589.59,0.0,0.0,0,1,0,1,Account Drain + Balance Mismatch
2338,130653.37,130653.37,0.0,0.0,0.0,0.0,130653.37,1,1,1,1,Account Drain + Zero Destination
2339,897131.97,897131.97,0.0,533166.71,1430298.68,0.0,0.0,0,1,0,1,Account Drain + Balance Mismatch
2340,461369.99,461369.99,0.0,0.0,0.0,0.0,461369.99,1,1,1,1,Account Drain + Zero Destination
2341,266351.6,266351.6,0.0,0.0,0.0,0.0,266351.6,1,1,1,1,Account Drain + Zero Destination
2342,1112204.51,1112204.51,0.0,0.0,0.0,0.0,1112204.51,1,1,1,1,Account Drain + Zero Destination
2343,42789.93,42789.93,0.0,0.0,42789.93,0.0,0.0,0,1,0,1,Account Drain + Balance Mismatch
2344,217357.58,217357.58,0.0,0.0,0.0,0.0,217357.58,1,1,1,1,Account Drain + Zero Destination
2345,2082884.49,2082884.49,0.0,3261945.96,5344830.44,0.0,0.0099999997764825,0,1,0,1,Account Drain + Balance Mismatch
2346,31930.24,31930.24,0.0,113287.58,145217.82,0.0,0.0,0,1,0,1,Account Drain + Balance Mismatch
2347,636942.02,636942.02,0.0,46336.09,683278.11,0.0,0.0,0,1,0,1,Account Drain + Balance Mismatch
2348,470922.15,470922.15,0.0,0.0,0.0,0.0,470922.15,1,1,1,1,Account Drain + Zero Destination
2349,80336.26,80336.26,0.0,7378477.13,7458813.39,0.0,0.0,0,1,0,1,Account Drain + Balance Mismatch
2350,1050635.77,1050635.77,0.0,150217.9,1200853.67,0.0,0.0,0,1,0,1,Account Drain + Balance Mismatch
2351,553399.25,553399.25,0.0,0.0,0.0,0.0,553399.25,1,1,1,1,Account Drain + Zero Destination
2352,2424380.16,2424380.16,0.0,0.0,0.0,0.0,2424380.16,1,1,1,1,Account Drain + Zero Destination
2353,2755588.11,2755588.11,0.0,0.0,0.0,0.0,2755588.11,1,1,1,1,Account Drain + Zero Destination
2354,22140.87,22140.87,0.0,0.0,0.0,0.0,22140.87,1,1,1,1,Account Drain + Zero Destination
2355,281087.01,281087.01,0.0,92828.21,373915.22,0.0,5.820766091346741e-11,0,1,0,1,Account Drain + Balance Mismatch
2356,2333929.91,2333929.91,0.0,0.0,0.0,0.0,2333929.91,1,1,1,1,Account Drain + Zero Destination
2357,4342582.37,4342582.37,0.0,0.0,0.0,0.0,4342582.37,1,1,1,1,Account Drain + Zero Destination
2358,10000000.0,14886423.05,4886423.05,0.0,0.0,9.313225746154783e-10,10000000.0,1,0,1,1,Account Drain + Zero Destination
2359,143660.11,143660.11,0.0,0.0,143660.11,0.0,0.0,0,1,0,1,Account Drain + Balance Mismatch
2360,35016.23,35016.23,0.0,0.0,0.0,0.0,35016.23,1,1,1,1,Account Drain + Zero Destination
2361,8537861.24,8537861.24,0.0,0.0,0.0,0.0,8537861.24,1,1,1,1,Account Drain + Zero Destination
2362,475693.24,475693.24,0.0,28808.22,504501.46,0.0,-5.820766091346741e-11,0,1,0,1,Account Drain + Balance Mismatch
2363,69912.57,69912.57,0.0,13393300.5,13463213.07,0.0,0.0,0,1,0,1,Account Drain + Balance Mismatch
2364,85408.24,85408.24,0.0,0.0,0.0,0.0,85408.24,1,1,1,1,Account Drain + Zero Destination
2365,2709729.22,2709729.22,0.0,0.0,0.0,0.0,2709729.22,1,1,1,1,Account Drain + Zero Destination
2366,2701905.3,2701905.3,0.0,0.0,0.0,0.0,2701905.3,1,1,1,1,Account Drain + Zero Destination
2367,126848.63,126848.63,0.0,11722231.04,11849079.67,0.0,0.0,0,1,0,1,Account Drain + Balance Mismatch
2368,10000000.0,44892193.09,34892193.09,0.0,0.0,0.0,10000000.0,1,0,1,1,Account Drain + Zero Destination
2369,19646.09,19646.09,0.0,0.0,0.0,0.0,19646.09,1,1,1,1,Account Drain + Zero Destination
2370,1021194.38,1021194.38,0.0,0.0,0.0,0.0,1021194.38,1,1,1,1,Account Drain + Zero Destination
2371,504344.93,504344.93,0.0,0.0,0.0,0.0,504344.93,1,1,1,1,Account Drain + Zero Destination
2372,2607790.58,2607790.58,0.0,7640097.83,10247888.41,0.0,0.0,0,1,0,1,Account Drain + Balance Mismatch
2373,3222396.0,3222396.0,0.0,112132.82,3334528.82,0.0,0.0,0,1,0,1,Account Drain + Balance Mismatch
2374,2772748.37,2772748.37,0.0,0.0,0.0,0.0,2772748.37,1,1,1,1,Account Drain + Zero Destination
2375,450489.27,450489.27,0.0,0.0,0.0,0.0,450489.27,1,1,1,1,Account Drain + Zero Destination
2376,7922.98,7922.98,0.0,0.0,0.0,0.0,7922.98,1,1,1,1,Account Drain + Zero Destination
2377,1648547.69,1648547.69,0.0,0.0,0.0,0.0,1648547.69,1,1,1,1,Account Drain + Zero Destination
2378,861406.83,861406.83,0.0,8283871.29,9145278.12,0.0,0.0,0,1,0,1,Account Drain + Balance Mismatch
2379,1189986.88,1189986.88,0.0,0.0,1189986.88,0.0,0.0,0,1,0,1,Account Drain + Balance Mismatch
2380,828720.89,828720.89,0.0,0.0,0.0,0.0,828720.89,1,1,1,1,Account Drain + Zero Destination
2381,895565.06,895565.06,0.0,100335.14,995900.2,0.0,1.1641532182693479e-10,0,1,0,1,Account Drain + Balance Mismatch
2382,202968.27,202968.27,0.0,618614.54,821582.81,0.0,0.0,0,1,0,1,Account Drain + Balance Mismatch
2383,844348.52,844348.52,0.0,0.0,0.0,0.0,844348.52,1,1,1,1,Account Drain + Zero Destination
2384,1068398.61,1068398.61,0.0,0.0,1068398.61,0.0,0.0,0,1,0,1,Account Drain + Balance Mismatch
2385,21741.36,21741.36,0.0,1291168.87,1312910.22,0.0,0.0100000002421438,0,1,0,1,Account Drain + Balance Mismatch
2386,2154005.71,2154005.71,0.0,0.0,0.0,0.0,2154005.71,1,1,1,1,Account Drain + Zero Destination
2387,24424.67,24424.67,0.0,0.0,0.0,0.0,24424.67,1,1,1,1,Account Drain + Zero Destination
2388,1789155.73,1789155.73,0.0,2031388.61,3820544.34,0.0,0.0,0,1,0,1,Account Drain + Balance Mismatch
2389,149535.0,149535.0,0.0,0.0,0.0,0.0,149535.0,1,1,1,1,Account Drain + Zero Destination
2390,272776.59,272776.59,0.0,0.0,0.0,0.0,272776.59,1,1,1,1,Account Drain + Zero Destination
2391,844213.81,844213.81,0.0,0.0,0.0,0.0,844213.81,1,1,1,1,Account Drain + Zero Destination
2392,854550.85,854550.85,0.0,0.0,0.0,0.0,854550.85,1,1,1,1,Account Drain + Zero Destination
2393,5721871.91,5721871.91,0.0,0.0,0.0,0.0,5721871.91,1,1,1,1,Account Drain + Zero Destination
2394,10000000.0,10000000.0,0.0,0.0,10000000.0,0.0,0.0,0,1,0,1,Account Drain + Balance Mismatch
2395,3486005.08,3486005.08,0.0,0.0,0.0,0.0,3486005.08,1,1,1,1,Account Drain + Zero Destination
2396,3042111.54,3042111.54,0.0,3574837.72,6616949.26,0.0,0.0,0,1,0,1,Account Drain + Balance Mismatch
2397,114339.1,114339.1,0.0,41413.23,155752.33,0.0,2.9103830456733704e-11,0,1,0,1,Account Drain + Balance Mismatch
2398,1869237.83,1869237.83,0.0,472924.32,2342162.15,0.0,0.0,0,1,0,1,Account Drain + Balance Mismatch
2399,291264.2,291264.2,0.0,0.0,0.0,0.0,291264.2,1,1,1,1,Account Drain + Zero Destination
2400,1263340.66,1263340.66,0.0,0.0,0.0,0.0,1263340.66,1,1,1,1,Account Drain + Zero Destination
2401,127916.67,127916.67,0.0,1520726.85,1648643.52,0.0,0.0,0,1,0,1,Account Drain + Balance Mismatch
2402,365332.78,365332.78,0.0,27185.14,392517.92,0.0,5.820766091346741e-11,0,1,0,1,Account Drain + Balance Mismatch
2403,494453.52,494453.52,0.0,0.0,0.0,0.0,494453.52,1,1,1,1,Account Drain + Zero Destination
2404,1532229.72,1532229.72,0.0,0.0,0.0,0.0,1532229.72,1,1,1,1,Account Drain + Zero Destination
2405,52689.13,52689.13,0.0,160085.29,212774.42,0.0,0.0,0,1,0,1,Account Drain + Balance Mismatch
2406,3551022.86,3551022.86,0.0,196995.31,3748018.17,0.0,0.0,0,1,0,1,Account Drain + Balance Mismatch
2407,6188772.44,6188772.44,0.0,6056796.74,12442836.61,0.0,-197267.4299999997,0,1,0,1,Account Drain + Balance Mismatch
2408,101903.69,101903.69,0.0,0.0,0.0,0.0,101903.69,1,1,1,1,Account Drain + Zero Destination
2409,156396.46,156396.46,0.0,842357.16,998753.62,0.0,0.0,0,1,0,1,Account Drain + Balance Mismatch
2410,313697.44,313697.44,0.0,0.0,0.0,0.0,313697.44,1,1,1,1,Account Drain + Zero Destination
2411,235763.38,235763.38,0.0,11417.85,247181.23,0.0,0.0,0,1,0,1,Account Drain + Balance Mismatch
2412,28835.93,28835.93,0.0,0.0,0.0,0.0,28835.93,1,1,1,1,Account Drain + Zero Destination
2413,341956.42,341956.42,0.0,2191293.04,2533249.45,0.0,0.0099999997764825,0,1,0,1,Account Drain + Balance Mismatch
2414,1464614.79,1464614.79,0.0,0.0,1464614.79,0.0,0.0,0,1,0,1,Account Drain + Balance Mismatch
2415,186567.41,186567.41,0.0,0.0,186567.41,0.0,0.0,0,1,0,1,Account Drain + Balance Mismatch
2416,1518718.03,1518718.03,0.0,0.0,1518718.03,0.0,0.0,0,1,0,1,Account Drain + Balance Mismatch
2417,223730.4,223730.4,0.0,3375498.7,3599229.1,0.0,0.0,0,1,0,1,Account Drain + Balance Mismatch
2418,155799.82,155799.82,0.0,0.0,0.0,0.0,155799.82,1,1,1,1,Account Drain + Zero Destination
2419,164.0,164.0,0.0,0.0,0.0,0.0,164.0,1,1,1,1,Account Drain + Zero Destination
2420,85017.99,85017.99,0.0,0.0,0.0,0.0,85017.99,1,1,1,1,Account Drain + Zero Destination
2421,76548.48,76548.48,0.0,2635449.31,2711997.79,0.0,0.0,0,1,0,1,Account Drain + Balance Mismatch
2422,1258706.84,1258706.84,0.0,1054367.91,2313074.75,0.0,0.0,0,1,0,1,Account Drain + Balance Mismatch
2423,126192.63,126192.63,0.0,0.0,126192.63,0.0,0.0,0,1,0,1,Account Drain + Balance Mismatch
2424,1457343.37,1457343.37,0.0,0.0,0.0,0.0,1457343.37,1,1,1,1,Account Drain + Zero Destination
2425,3760068.04,3760068.04,0.0,622555.65,4382623.69,0.0,0.0,0,1,0,1,Account Drain + Balance Mismatch
2426,10000000.0,39585040.37,29585040.37,0.0,0.0,-3.725290298461914e-09,10000000.0,1,0,1,1,Account Drain + Zero Destination
2427,16734.61,16734.61,0.0,0.0,16734.61,0.0,0.0,0,1,0,1,Account Drain + Balance Mismatch
2428,3890627.92,3890627.92,0.0,0.0,0.0,0.0,3890627.92,1,1,1,1,Account Drain + Zero Destination
2429,463891.31,463891.31,0.0,0.0,0.0,0.0,463891.31,1,1,1,1,Account Drain + Zero Destination
2430,260408.9,260408.9,0.0,0.0,260408.9,0.0,0.0,0,1,0,1,Account Drain + Balance Mismatch
2431,987591.59,987591.59,0.0,0.0,0.0,0.0,987591.59,1,1,1,1,Account Drain + Zero Destination
2432,972009.75,972009.75,0.0,298095.31,1270105.06,0.0,0.0,0,1,0,1,Account Drain + Balance Mismatch
2433,504362.34,504362.34,0.0,0.0,504362.34,0.0,0.0,0,1,0,1,Account Drain + Balance Mismatch
2434,2107997.33,2107997.33,0.0,0.0,0.0,0.0,2107997.33,1,1,1,1,Account Drain + Zero Destination
2435,423144.76,0.0,0.0,0.0,423144.76,-423144.76,0.0,0,1,0,1,Account Drain + Balance Mismatch
2436,530354.58,530354.58,0.0,4728783.51,5259138.09,0.0,0.0,0,1,0,1,Account Drain + Balance Mismatch
2437,1040303.44,1040303.44,0.0,1794359.1,2834662.54,0.0,0.0,0,1,0,1,Account Drain + Balance Mismatch
2438,4011314.1,4011314.1,0.0,229237.42,4240551.52,0.0,9.313225746154783e-10,0,1,0,1,Account Drain + Balance Mismatch
2439,2629417.41,2629417.41,0.0,0.0,2629417.41,0.0,0.0,0,1,0,1,Account Drain + Balance Mismatch
2440,1762680.47,1762680.47,0.0,3039981.66,4802662.12,0.0,0.0099999997764825,0,1,0,1,Account Drain + Balance Mismatch
2441,391855.44,391855.44,0.0,236228.52,628083.96,0.0,0.0,0,1,0,1,Account Drain + Balance Mismatch
2442,4075956.58,4075956.58,0.0,79992.36,4155948.94,0.0,0.0,0,1,0,1,Account Drain + Balance Mismatch
2443,1835523.44,1835523.44,0.0,0.0,0.0,0.0,1835523.44,1,1,1,1,Account Drain + Zero Destination
2444,296977.69,296977.69,0.0,0.0,0.0,0.0,296977.69,1,1,1,1,Account Drain + Zero Destination
2445,474195.1,474195.1,0.0,0.0,474195.1,0.0,0.0,0,1,0,1,Account Drain + Balance Mismatch
2446,8783.42,8783.42,0.0,0.0,8783.42,0.0,0.0,0,1,0,1,Account Drain + Balance Mismatch
2447,748726.81,748726.81,0.0,0.0,0.0,0.0,748726.81,1,1,1,1,Account Drain + Zero Destination
2448,677503.25,677503.25,0.0,2708553.09,3386056.34,0.0,0.0,0,1,0,1,Account Drain + Balance Mismatch
2449,434401.5,434401.5,0.0,0.0,0.0,0.0,434401.5,1,1,1,1,Account Drain + Zero Destination
2450,106460.7,106460.7,0.0,0.0,0.0,0.0,106460.7,1,1,1,1,Account Drain + Zero Destination
2451,40651.96,40651.96,0.0,0.0,0.0,0.0,40651.96,1,1,1,1,Account Drain + Zero Destination
2452,40819.72,40819.72,0.0,1455161.15,1495980.87,0.0,-2.3283064365386963e-10,0,1,0,1,Account Drain + Balance Mismatch
2453,9468064.05,9468064.05,0.0,0.0,0.0,0.0,9468064.05,1,1,1,1,Account Drain + Zero Destination
2454,1397162.15,1397162.15,0.0,0.0,0.0,0.0,1397162.15,1,1,1,1,Account Drain + Zero Destination
2455,88424.06,88424.06,0.0,1058979.19,1147403.25,0.0,0.0,0,1,0,1,Account Drain + Balance Mismatch
2456,330697.81,0.0,0.0,0.0,330697.81,-330697.81,0.0,0,1,0,1,Account Drain + Balance Mismatch
2457,53062.52,53062.52,0.0,4256174.24,4309236.76,0.0,0.0,0,1,0,1,Account Drain + Balance Mismatch
2458,325470.07,325470.07,0.0,19771.15,345241.22,0.0,5.820766091346741e-11,0,1,0,1,Account Drain + Balance Mismatch
2459,163852.19,163852.19,0.0,548967.17,712819.36,0.0,1.1641532182693479e-10,0,1,0,1,Account Drain + Balance Mismatch
2460,3640983.71,3640983.71,0.0,0.0,0.0,0.0,3640983.71,1,1,1,1,Account Drain + Zero Destination
2461,107732.98,107732.98,0.0,459838.99,567571.96,0.0,0.0100000000093132,0,1,0,1,Account Drain + Balance Mismatch
2462,106673.26,106673.26,0.0,0.0,106673.26,0.0,0.0,0,1,0,1,Account Drain + Balance Mismatch
2463,800024.12,800024.12,0.0,0.0,0.0,0.0,800024.12,1,1,1,1,Account Drain + Zero Destination
2464,447589.21,447589.21,0.0,0.0,447589.21,0.0,0.0,0,1,0,1,Account Drain + Balance Mismatch
2465,135977.23,135977.23,0.0,0.0,0.0,0.0,135977.23,1,1,1,1,Account Drain + Zero Destination
2466,22048.19,22048.19,0.0,0.0,0.0,0.0,22048.19,1,1,1,1,Account Drain + Zero Destination
2467,70756.72,70756.72,0.0,0.0,0.0,0.0,70756.72,1,1,1,1,Account Drain + Zero Destination
2468,241337.83,241337.83,0.0,1170157.34,1411495.17,0.0,2.3283064365386963e-10,0,1,0,1,Account Drain + Balance Mismatch
2469,135428.39,135428.39,0.0,0.0,0.0,0.0,135428.39,1,1,1,1,Account Drain + Zero Destination
2470,44164.0,44164.0,0.0,999955.56,1044119.56,0.0,0.0,0,1,0,1,Account Drain + Balance Mismatch
2471,2689633.8,2689633.8,0.0,0.0,0.0,0.0,2689633.8,1,1,1,1,Account Drain + Zero Destination
2472,753723.54,753723.54,0.0,0.0,753723.54,0.0,0.0,0,1,0,1,Account Drain + Balance Mismatch
2473,335219.49,335219.49,0.0,0.0,0.0,0.0,335219.49,1,1,1,1,Account Drain + Zero Destination
2474,16207.04,16207.04,0.0,136857.72,153064.76,0.0,0.0,0,1,0,1,Account Drain + Balance Mismatch
2475,873322.61,873322.61,0.0,0.0,0.0,0.0,873322.61,1,1,1,1,Account Drain + Zero Destination
2476,594229.77,594229.77,0.0,823098.06,1417327.83,0.0,0.0,0,1,0,1,Account Drain + Balance Mismatch
2477,1290619.25,1290619.25,0.0,0.0,0.0,0.0,1290619.25,1,1,1,1,Account Drain + Zero Destination
2478,211628.75,211628.75,0.0,0.0,0.0,0.0,211628.75,1,1,1,1,Account Drain + Zero Destination
2479,188854.39,188854.39,0.0,0.0,0.0,0.0,188854.39,1,1,1,1,Account Drain + Zero Destination
2480,224378.1,224378.1,0.0,483419.25,707797.36,0.0,-0.0100000000093132,0,1,0,1,Account Drain + Balance Mismatch
2481,6575903.12,6575903.12,0.0,332252.21,6908155.33,0.0,0.0,0,1,0,1,Account Drain + Balance Mismatch
2482,916644.03,916644.03,0.0,2026.9,918670.94,0.0,-0.0099999998928979,0,1,0,1,Account Drain + Balance Mismatch
2483,1093155.19,1093155.19,0.0,1966451.64,3059606.83,0.0,0.0,0,1,0,1,Account Drain + Balance Mismatch
2484,1416055.74,1416055.74,0.0,0.0,0.0,0.0,1416055.74,1,1,1,1,Account Drain + Zero Destination
2485,758848.47,758848.47,0.0,9507465.84,10266314.31,0.0,0.0,0,1,0,1,Account Drain + Balance Mismatch
2486,479892.04,479892.04,0.0,0.0,0.0,0.0,479892.04,1,1,1,1,Account Drain + Zero Destination
2487,2109967.47,2109967.47,0.0,0.0,0.0,0.0,2109967.47,1,1,1,1,Account Drain + Zero Destination
2488,995710.58,995710.58,0.0,0.0,0.0,0.0,995710.58,1,1,1,1,Account Drain + Zero Destination
2489,19952.89,19952.89,0.0,0.0,0.0,0.0,19952.89,1,1,1,1,Account Drain + Zero Destination
2490,203881.96,203881.96,0.0,0.0,0.0,0.0,203881.96,1,1,1,1,Account Drain + Zero Destination
2491,1592602.27,1592602.27,0.0,0.0,0.0,0.0,1592602.27,1,1,1,1,Account Drain + Zero Destination
2492,563388.67,563388.67,0.0,0.0,563388.67,0.0,0.0,0,1,0,1,Account Drain + Balance Mismatch
2493,101013.32,101013.32,0.0,0.0,101013.32,0.0,0.0,0,1,0,1,Account Drain + Balance Mismatch
2494,1827209.07,1827209.07,0.0,0.0,0.0,0.0,1827209.07,1,1,1,1,Account Drain + Zero Destination
2495,3332748.16,3332748.16,0.0,5578716.58,8911464.74,0.0,0.0,0,1,0,1,Account Drain + Balance Mismatch
2496,185488.23,185488.23,0.0,0.0,0.0,0.0,185488.23,1,1,1,1,Account Drain + Zero Destination
2497,3947541.37,3947541.37,0.0,0.0,0.0,0.0,3947541.37,1,1,1,1,Account Drain + Zero Destination
2498,2926854.05,2926854.05,0.0,0.0,0.0,0.0,2926854.05,1,1,1,1,Account Drain + Zero Destination
2499,190590.65,190590.65,0.0,0.0,0.0,0.0,190590.65,1,1,1,1,Account Drain + Zero Destination
2500,989966.55,989966.55,0.0,0.0,0.0,0.0,989966.55,1,1,1,1,Account Drain + Zero Destination
2501,312971.23,312971.23,0.0,689740.11,1002711.34,0.0,0.0,0,1,0,1,Account Drain + Balance Mismatch
2502,2059980.16,2059980.16,0.0,0.0,0.0,0.0,2059980.16,1,1,1,1,Account Drain + Zero Destination
2503,3116889.41,3116889.41,0.0,0.0,0.0,0.0,3116889.41,1,1,1,1,Account Drain + Zero Destination
2504,30467.69,30467.69,0.0,0.0,0.0,0.0,30467.69,1,1,1,1,Account Drain + Zero Destination
2505,62297.18,62297.18,0.0,1060553.11,1122850.29,0.0,0.0,0,1,0,1,Account Drain + Balance Mismatch
2506,5772.0,5772.0,0.0,252750.28,258522.28,0.0,0.0,0,1,0,1,Account Drain + Balance Mismatch
2507,89846.18,89846.18,0.0,0.0,0.0,0.0,89846.18,1,1,1,1,Account Drain + Zero Destination
2508,366997.84,0.0,0.0,0.0,366997.84,-366997.84,0.0,0,1,0,1,Account Drain + Balance Mismatch
