amount,oldbalanceOrg,newbalanceOrig,oldbalanceDest,newbalanceDest,orig_balance_error,dest_balance_error,dest_balance_stayed_zero,orig_balance_drained,amount_to_orig_balance_ratio,is_transfer,isFraud,predicted_fraud
143332.0,143332.0,0.0,482652.15,716367.34,0.0,-90383.18999999994,0,1,0.9999930232395889,0,1,1
87622.5,87622.5,0.0,0.0,0.0,0.0,87622.5,1,1,0.9999885875364486,1,1,1
90204.54,90204.54,0.0,0.0,90204.54,0.0,0.0,0,1,0.999988914206378,0,1,1
635409.32,635409.32,0.0,1500157.41,2135566.73,0.0,0.0,0,1,0.9999984262137889,0,1,1
526119.49,526119.49,0.0,0.0,0.0,0.0,526119.49,1,1,0.9999980992947072,1,1,1
36996.83,36996.83,0.0,0.0,0.0,0.0,36996.83,1,1,0.9999729713877814,1,1,1
7316255.05,17316255.05,17316255.05,0.0,0.0,-7316255.050000001,7316255.05,1,0,0.4225079040685587,1,1,1
609400.88,609400.88,0.0,0.0,0.0,0.0,609400.88,1,1,0.9999983590467427,1,1,1
1011249.64,1011249.64,0.0,0.0,0.0,0.0,1011249.64,1,1,0.9999990111254713,1,1,1
1367070.94,1367070.94,0.0,0.0,0.0,0.0,1367070.94,1,1,0.9999992685096002,1,1,1
54994.1,54994.1,0.0,0.0,0.0,0.0,54994.1,1,1,0.9999818165618392,1,1,1
45053.05,45053.05,0.0,0.0,0.0,0.0,45053.05,1,1,0.9999778044371149,1,1,1
334890.91,334890.91,0.0,0.0,0.0,0.0,334890.91,1,1,0.9999970139619079,1,1,1
71867.47,71867.47,0.0,0.0,0.0,0.0,71867.47,1,1,0.9999860856923767,1,1,1
500905.62,500905.62,0.0,4867381.69,5368287.32,0.0,-0.009999999776482582,0,1,0.9999980036199162,0,1,1
21516.38,21516.38,0.0,0.0,0.0,0.0,21516.38,1,1,0.9999535259404259,1,1,1
171788.82,171788.82,0.0,19962.0,0.0,0.0,191750.82,0,1,0.9999941789333034,0,1,1
4731371.88,4731371.88,0.0,0.0,0.0,0.0,4731371.88,1,1,0.9999997886448553,1,1,1
1334919.42,1334919.42,0.0,2565752.24,3900671.66,0.0,0.0,0,1,0.9999992508916749,0,1,1
267564.83,267564.83,0.0,0.0,267564.83,0.0,0.0,0,1,0.9999962626019921,0,1,1
4104942.7,4104942.7,0.0,0.0,0.0,0.0,4104942.7,1,1,0.9999997563912996,1,1,1
145982.36,145982.36,0.0,0.0,0.0,0.0,145982.36,1,1,0.9999931499042083,1,1,1
115599.26,115599.26,0.0,2621088.84,2736688.1,0.0,-4.656612873077393e-10,0,1,0.999991349500425,0,1,1
66941.04,66941.04,0.0,0.0,0.0,0.0,66941.04,1,1,0.9999850617041249,1,1,1
12855.05,12855.05,0.0,2753536.73,2766391.78,0.0,0.0,0,1,0.9999222156105492,0,1,1
235075.62,235075.62,0.0,436894.35,310170.72,0.0,361799.25,0,1,0.9999957460678139,0,1,1
3295227.84,3295227.84,0.0,0.0,0.0,0.0,3295227.84,1,1,0.9999996965309396,1,1,1
122032.62,122032.62,0.0,0.0,122032.62,0.0,0.0,0,1,0.9999918055368676,0,1,1
10000000.0,10987591.59,987591.59,0.0,0.0,-1.1641532182693481e-10,10000000.0,1,0,0.9101174727848187,1,1,1
1461930.03,1461930.03,0.0,0.0,0.0,0.0,1461930.03,1,1,0.9999993159732029,1,1,1
1506795.1,1506795.1,0.0,0.0,0.0,0.0,1506795.1,1,1,0.9999993363401989,1,1,1
248962.83,248962.83,0.0,0.0,248962.83,0.0,0.0,0,1,0.9999959833522806,0,1,1
774868.1,774868.1,0.0,0.0,0.0,0.0,774868.1,1,1,0.9999987094594429,1,1,1
10000000.0,34953893.08,24953893.08,0.0,0.0,0.0,10000000.0,1,0,0.2860911570285333,1,1,1
115085.31,115085.31,0.0,999400.25,1114485.56,0.0,0.0,0,1,0.9999913108692077,0,1,1
131050.76,131050.76,0.0,0.0,0.0,0.0,131050.76,1,1,0.9999923694271637,1,1,1
253793.28,253793.28,0.0,0.0,0.0,0.0,253793.28,1,1,0.9999960598008749,1,1,1
167715.53,167715.53,0.0,0.0,0.0,0.0,167715.53,1,1,0.9999940375584923,1,1,1
9593838.63,9593838.63,0.0,0.0,9593838.63,0.0,0.0,0,1,0.9999998957664461,0,1,1
281087.01,281087.01,0.0,0.0,0.0,0.0,281087.01,1,1,0.9999964423953907,1,1,1
197226.65,197226.65,0.0,0.0,197226.65,0.0,0.0,0,1,0.9999949297170047,0,1,1
676913.69,676913.69,0.0,2202695.62,2879609.32,0.0,-0.009999999776482582,0,1,0.9999985227089694,0,1,1
460434.46,460434.46,0.0,1046172.48,1506606.94,0.0,0.0,0,1,0.9999978281429497,0,1,1
561149.9,561149.9,0.0,0.0,561149.9,0.0,0.0,0,1,0.999998217948149,0,1,1
7428844.46,7428844.46,0.0,0.0,7428844.46,0.0,0.0,0,1,0.999999865389581,0,1,1
311257.22,0.0,0.0,0.0,311257.22,-311257.22,0.0,0,1,311257.22,0,0,1
1108140.19,1108140.19,0.0,0.0,0.0,0.0,1108140.19,1,1,0.9999990975879166,1,1,1
95105.01,95105.01,0.0,0.0,0.0,0.0,95105.01,1,1,0.999989485417378,1,1,1
492003.04,492003.04,0.0,0.0,0.0,0.0,492003.04,1,1,0.9999979674963645,1,1,1
398041.98,398041.98,0.0,422191.28,820233.26,0.0,0.0,0,1,0.9999974877084882,0,1,1
668273.94,668273.94,0.0,619362.81,1287636.75,0.0,0.0,0,1,0.9999985036099064,0,1,1
1665334.68,1665334.68,0.0,0.0,0.0,0.0,1665334.68,1,1,0.9999993995204618,1,1,1
846589.73,846589.73,0.0,0.0,0.0,0.0,846589.73,1,1,0.9999988187916964,1,1,1
1049586.54,1049586.54,0.0,8366.77,1057953.31,0.0,0.0,0,1,0.9999990472447873,0,1,1
936976.86,936976.86,0.0,0.0,936976.86,0.0,0.0,0,1,0.999998932738923,0,1,1
0.0,0.0,0.0,267522.87,267522.87,0.0,0.0,0,1,0.0,0,1,1
14343.03,14343.03,0.0,0.0,0.0,0.0,14343.03,1,1,0.9999302845852943,1,1,1
718350.64,718350.64,0.0,0.0,718350.64,0.0,0.0,0,1,0.999998607924108,0,1,1
2230432.56,2230432.56,0.0,0.0,2230432.56,0.0,0.0,0,1,0.9999995516566743,0,1,1
10000000.0,10000000.0,0.0,198226.59,10198226.59,0.0,0.0,0,1,0.99999990000001,0,1,1
1168274.14,1168274.14,0.0,0.0,0.0,0.0,1168274.14,1,1,0.9999991440372513,1,1,1
9299230.13,9299230.13,0.0,0.0,0.0,0.0,9299230.13,1,1,0.9999998924642278,1,1,1
1367340.03,1367340.03,0.0,296833.6,1664173.63,0.0,0.0,0,1,0.999999268653556,0,1,1
1270564.34,1270564.34,0.0,0.0,1270564.34,0.0,0.0,0,1,0.9999992129487807,0,1,1
56888.23,56888.23,0.0,0.0,56888.23,0.0,0.0,0,1,0.9999824219803994,0,1,1
120385.1,120385.1,0.0,0.0,0.0,0.0,120385.1,1,1,0.9999916933931742,1,1,1
63210.91,63210.91,0.0,6697.1,69908.01,0.0,1.4551915228366852e-11,0,1,0.9999841801964219,0,1,1
26654.46,26654.46,0.0,0.0,0.0,0.0,26654.46,1,1,0.9999624842339994,1,1,1
369186.87,369186.87,0.0,36224.11,405410.97,0.0,0.010000000009313226,0,1,0.9999972913519612,0,1,1
79446.06,79446.06,0.0,0.0,79446.06,0.0,0.0,0,1,0.9999874130018153,0,1,1
283339.53,0.0,0.0,0.0,283339.53,-283339.53,0.0,0,1,283339.53,0,0,1
871893.15,871893.15,0.0,0.0,0.0,0.0,871893.15,1,1,0.9999988530717863,1,1,1
554522.67,554522.67,0.0,0.0,0.0,0.0,554522.67,1,1,0.9999981966504694,1,1,1
2137134.15,2137134.15,0.0,0.0,0.0,0.0,2137134.15,1,1,0.999999532083874,1,1,1
7567170.36,7567170.36,0.0,0.0,0.0,0.0,7567170.36,1,1,0.999999867850224,1,1,1
3947541.37,3947541.37,0.0,226201.44,4173742.81,0.0,0.0,0,1,0.9999997466778299,0,1,1
266546.68,266546.68,0.0,0.0,0.0,0.0,266546.68,1,1,0.9999962483260031,1,1,1
2393539.65,2393539.65,0.0,5157128.07,7550667.73,0.0,-0.009999999776482582,0,1,0.9999995822088921,0,1,1
5429153.98,5429153.98,0.0,0.0,5429153.98,0.0,0.0,0,1,0.9999998158092736,0,1,1
10000000.0,10000000.0,0.0,0.0,10000000.0,0.0,0.0,0,1,0.99999990000001,0,1,1
85354.69,85354.69,0.0,0.0,0.0,0.0,85354.69,1,1,0.9999882843194168,1,1,1
176007.37,176007.37,0.0,0.0,0.0,0.0,176007.37,1,1,0.9999943184520145,1,1,1
171200.54,171200.54,0.0,76266.33,247466.87,0.0,0.0,0,1,0.999994158931047,0,1,1
2554662.97,2554662.97,0.0,2399641.18,4954304.15,0.0,0.0,0,1,0.9999996085590858,0,1,1
162192.78,162192.78,0.0,0.0,0.0,0.0,162192.78,1,1,0.9999938345354551,1,1,1
128718.59,128718.59,0.0,3511282.2,3640000.79,0.0,0.0,0,1,0.9999922311747574,0,1,1
10000000.0,13695429.98,3695429.98,0.0,0.0,4.656612873077393e-10,10000000.0,1,0,0.7301705228994553,1,1,1
25761.04,25761.04,0.0,896426.99,922188.03,0.0,0.0,0,1,0.999961183198225,0,1,1
1589763.63,1589763.63,0.0,0.0,0.0,0.0,1589763.63,1,1,0.9999993709760671,1,1,1
13774.15,13774.15,0.0,0.0,0.0,0.0,13774.15,1,1,0.9999274055091959,1,1,1
881811.11,881811.11,0.0,141736.75,1023547.85,0.0,0.010000000009313226,0,1,0.9999988659715731,0,1,1
358440.67,358440.67,0.0,107972.49,466413.16,0.0,0.0,0,1,0.9999972101457958,0,1,1
16614.82,16614.82,0.0,904409.29,921024.11,0.0,0.0,0,1,0.9999398163918483,0,1,1
1158396.74,1158396.74,0.0,0.0,0.0,0.0,1158396.74,1,1,0.9999991367386473,1,1,1
1976666.45,1976666.45,0.0,0.0,0.0,0.0,1976666.45,1,1,0.9999994940980083,1,1,1
99316.36,99316.36,0.0,0.0,0.0,0.0,99316.36,1,1,0.9999899312667997,1,1,1
5926745.36,5926745.36,0.0,2380392.38,8307137.74,0.0,0.0,0,1,0.9999998312733599,0,1,1
2460110.25,2460110.25,0.0,0.0,0.0,0.0,2460110.25,1,1,0.9999995935143177,1,1,1
1539474.57,1539474.57,0.0,137245.4,1676719.97,0.0,0.0,0,1,0.9999993504281461,0,1,1
963966.56,963966.56,0.0,0.0,0.0,0.0,963966.56,1,1,0.9999989626206923,1,1,1
466580.69,466580.69,0.0,775534.24,1242114.93,0.0,0.0,0,1,0.9999978567525871,0,1,1
145982.36,145982.36,0.0,800.0,0.0,0.0,146782.36,0,1,0.9999931499042083,0,1,1
81867.07,81867.07,0.0,135117.98,216985.05,0.0,2.9103830456733704e-11,0,1,0.9999877852256686,0,1,1
403.56,403.56,0.0,1124708.32,1125111.88,0.0,2.3283064365386963e-10,0,1,0.997528178762112,0,1,1
2925111.67,2925111.67,0.0,0.0,0.0,0.0,2925111.67,1,1,0.9999996581328268,1,1,1
232185.56,232185.56,0.0,6053983.22,6286168.78,0.0,-9.313225746154785e-10,0,1,0.9999956931184992,0,1,1
9065.44,9065.44,0.0,757856.9,766922.34,0.0,0.0,0,1,0.9998897031249311,0,1,1
1123561.68,1123561.68,0.0,0.0,0.0,0.0,1123561.68,1,1,0.9999991099739981,1,1,1
7108914.22,7108914.22,0.0,0.0,7108914.22,0.0,0.0,0,1,0.999999859331562,0,1,1
86002.09,86002.09,0.0,0.0,86002.09,0.0,0.0,0,1,0.9999883725108016,0,1,1
1516823.73,1516823.73,0.0,386329.46,1903153.19,0.0,0.0,0,1,0.9999993407280484,0,1,1
50577.26,50577.26,0.0,9581426.29,9632003.55,0.0,-1.862645149230957e-09,0,1,0.9999802286595071,0,1,1
655676.97,655676.97,0.0,0.0,0.0,0.0,655676.97,1,1,0.9999984748610663,1,1,1
87999.25,87999.25,0.0,0.0,0.0,0.0,87999.25,1,1,0.9999886363959193,1,1,1
9887819.06,9887819.06,0.0,801913.95,10165200.11,0.0,524532.9000000004,0,1,0.9999998988654735,0,1,1
79938.47,79938.47,0.0,0.0,79938.47,0.0,0.0,0,1,0.9999874905350261,0,1,1
203280.85,203280.85,0.0,0.0,0.0,0.0,203280.85,1,1,0.999995080721668,1,1,1
167743.93,167743.93,0.0,219716.29,387460.22,0.0,0.0,0,1,0.9999940385679615,0,1,1
204675.48,204675.48,0.0,0.0,0.0,0.0,204675.48,1,1,0.9999951142407765,1,1,1
357824.01,357824.01,0.0,158077.81,515901.82,0.0,0.0,0,1,0.9999972053378829,0,1,1
95105.01,95105.01,0.0,1779246.39,1874351.4,0.0,0.0,0,1,0.999989485417378,0,1,1
5689516.13,5689516.13,0.0,0.0,0.0,0.0,5689516.13,1,1,0.9999998242381599,1,1,1
17216.14,17216.14,0.0,0.0,0.0,0.0,17216.14,1,1,0.9999419183441617,1,1,1
112835.43,112835.43,0.0,0.0,0.0,0.0,112835.43,1,1,0.9999911376139781,1,1,1
54725.54,54725.54,0.0,0.0,0.0,0.0,54725.54,1,1,0.9999817273301035,1,1,1
621080.67,621080.67,0.0,0.0,0.0,0.0,621080.67,1,1,0.9999983899057913,1,1,1
407275.43,407275.43,0.0,0.0,0.0,0.0,407275.43,1,1,0.9999975446651799,1,1,1
1027963.96,1027963.96,0.0,0.0,0.0,0.0,1027963.96,1,1,0.9999990272041958,1,1,1
216534.86,216534.86,0.0,10068344.73,10284879.59,0.0,0.0,0,1,0.9999953818272872,0,1,1
37100.29,37100.29,0.0,0.0,0.0,0.0,37100.29,1,1,0.9999730467592906,1,1,1
22140.87,22140.87,0.0,25511.14,47652.0,0.0,0.00999999999476131,0,1,0.9999548366962682,0,1,1
188731.21,188731.21,0.0,591154.11,779885.32,0.0,0.0,0,1,0.9999947014873614,0,1,1
345802.34,345802.34,0.0,0.0,345802.34,0.0,0.0,0,1,0.9999971081829343,0,1,1
398157.05,398157.05,0.0,0.0,0.0,0.0,398157.05,1,1,0.999997488434555,1,1,1
94431.98,94431.98,0.0,0.0,0.0,0.0,94431.98,1,1,0.9999894104792626,1,1,1
6295010.28,6295010.28,0.0,0.0,0.0,0.0,6295010.28,1,1,0.9999998411440495,1,1,1
1153156.0,1153156.0,0.0,0.0,1153156.0,0.0,0.0,0,1,0.9999991328153929,0,1,1
3401641.0,3401641.0,0.0,0.0,0.0,0.0,3401641.0,1,1,0.9999997060243259,1,1,1
180967.56,180967.56,0.0,0.0,0.0,0.0,180967.56,1,1,0.9999944741782771,1,1,1
385050.58,385050.58,0.0,0.0,0.0,0.0,385050.58,1,1,0.9999974029453405,1,1,1
96474.91,96474.91,0.0,0.0,96474.91,0.0,0.0,0,1,0.9999896347181384,0,1,1
534255.94,534255.94,0.0,0.0,0.0,0.0,534255.94,1,1,0.9999981282414413,1,1,1
1889351.63,1889351.63,0.0,12129494.24,14018845.86,0.0,0.010000001639127731,0,1,0.9999994707181793,0,1,1
46190.9,46190.9,0.0,0.0,46190.9,0.0,0.0,0,1,0.9999783511827831,0,1,1
242296.17,242296.17,0.0,0.0,242296.17,0.0,0.0,0,1,0.9999958728366493,0,1,1
948288.3,948288.3,0.0,2189773.93,3138062.23,0.0,4.656612873077393e-10,0,1,0.9999989454694891,0,1,1
548269.98,548269.98,0.0,0.0,0.0,0.0,548269.98,1,1,0.999998176084388,1,1,1
1608571.02,1608571.02,0.0,194993.54,1803564.56,0.0,0.0,0,1,0.9999993783306016,0,1,1
179725.06,179725.06,0.0,131709.81,311434.88,0.0,-0.010000000009313226,0,1,0.9999944359766191,0,1,1
763170.76,763170.76,0.0,452739.47,1215910.23,0.0,0.0,0,1,0.9999986896789786,0,1,1
66448.19,66448.19,0.0,5042513.19,5108961.38,0.0,9.313225746154785e-10,0,1,0.9999849509076032,0,1,1
367980.99,367980.99,0.0,0.0,0.0,0.0,367980.99,1,1,0.9999972824756994,1,1,1
590229.26,590229.26,0.0,236890.65,827119.91,0.0,0.0,0,1,0.9999983057459643,0,1,1
498183.25,498183.25,0.0,0.0,0.0,0.0,498183.25,1,1,0.9999979927105282,1,1,1
244068.01,244068.01,0.0,0.0,338538.16,0.0,-94470.14999999997,0,1,0.9999959027981471,0,1,1
249791.3,249791.3,0.0,0.0,0.0,0.0,249791.3,1,1,0.9999959966740368,1,1,1
1058602.68,1058602.68,0.0,0.0,0.0,0.0,1058602.68,1,1,0.9999990553594146,1,1,1
665676.43,665676.43,0.0,0.0,665676.43,0.0,0.0,0,1,0.9999984977709099,0,1,1
161016.65,161016.65,0.0,92806.24,253822.89,0.0,0.0,0,1,0.9999937895007163,0,1,1
1820864.64,1820864.64,0.0,0.0,0.0,0.0,1820864.64,1,1,0.9999994508106594,1,1,1
130668.56,130668.56,0.0,2403740.71,2534409.27,0.0,0.0,0,1,0.9999923471082324,0,1,1
171623.1,171623.1,0.0,76632.01,248255.12,0.0,-0.010000000009313226,0,1,0.9999941733124893,0,1,1
92145.4,92145.4,0.0,0.0,0.0,0.0,92145.4,1,1,0.9999891477040883,1,1,1
10000000.0,10390763.24,390763.24,0.0,0.0,2.3283064365386963e-10,10000000.0,1,0,0.9623931184488119,1,1,1
405400.26,405400.26,0.0,707011.54,1112411.81,0.0,-0.010000000009313226,0,1,0.9999975333081106,0,1,1
998086.61,998086.61,0.0,440777.77,1438864.38,0.0,0.0,0,1,0.9999989980839458,0,1,1
1040303.44,1040303.44,0.0,0.0,0.0,0.0,1040303.44,1,1,0.999999038742928,1,1,1
114169.66,114169.66,0.0,0.0,0.0,0.0,114169.66,1,1,0.9999912411822792,1,1,1
60891.94,60891.94,0.0,0.0,0.0,0.0,60891.94,1,1,0.9999835777349558,1,1,1
489514.32,489514.32,0.0,0.0,0.0,0.0,489514.32,1,1,0.9999979571630159,1,1,1
333185.46,0.0,0.0,0.0,333185.46,-333185.46,0.0,0,1,333185.46,0,0,1
1153156.0,1153156.0,0.0,0.0,0.0,0.0,1153156.0,1,1,0.9999991328153929,1,1,1
489767.32,489767.32,0.0,0.0,0.0,0.0,489767.32,1,1,0.9999979582182857,1,1,1
1191183.65,1191183.65,0.0,0.0,1191183.65,0.0,0.0,0,1,0.9999991604995917,0,1,1
452261.67,452261.67,0.0,0.0,0.0,0.0,452261.67,1,1,0.9999977888955549,1,1,1
119143.75,119143.75,0.0,0.0,0.0,0.0,119143.75,1,1,0.9999916068479727,1,1,1
171456.83,171456.83,0.0,0.0,0.0,0.0,171456.83,1,1,0.9999941676621009,1,1,1
108779.53,108779.53,0.0,0.0,0.0,0.0,108779.53,1,1,0.9999908071784537,1,1,1
325732.34,325732.34,0.0,3734511.97,4060244.31,0.0,0.0,0,1,0.9999969300041561,0,1,1
343972.5,343972.5,0.0,0.0,343972.5,0.0,0.0,0,1,0.9999970927992999,0,1,1
398041.98,398041.98,0.0,0.0,0.0,0.0,398041.98,1,1,0.9999974877084882,1,1,1
3641525.7,3641525.7,0.0,599102.39,4240628.09,0.0,0.0,0,1,0.9999997253899031,0,1,1
3580542.06,3580542.06,0.0,0.0,0.0,0.0,3580542.06,1,1,0.9999997207127569,1,1,1
9421856.87,9421856.87,0.0,0.0,0.0,0.0,9421856.87,1,1,0.9999998938638203,1,1,1
10000000.0,10000000.0,0.0,2265793.36,12265793.36,0.0,0.0,0,1,0.99999990000001,0,1,1
1033878.67,1033878.67,0.0,0.0,0.0,0.0,1033878.67,1,1,0.9999990327694518,1,1,1
2598276.05,2598276.05,0.0,0.0,0.0,0.0,2598276.05,1,1,0.9999996151295721,1,1,1
416284.7,416284.7,0.0,0.0,0.0,0.0,416284.7,1,1,0.9999975978036238,1,1,1
1950373.54,1950373.54,0.0,0.0,0.0,0.0,1950373.54,1,1,0.9999994872779666,1,1,1
1090527.71,1090527.71,0.0,0.0,0.0,0.0,1090527.71,1,1,0.9999990830135962,1,1,1
619836.33,619836.33,0.0,0.0,0.0,0.0,619836.33,1,1,0.9999983866734842,1,1,1
71554.74,71554.74,0.0,527488.43,599043.17,0.0,0.0,0,1,0.9999860248807433,0,1,1
148680.12,148680.12,0.0,0.0,148680.12,0.0,0.0,0,1,0.9999932741964817,0,1,1
5363594.86,5363594.86,0.0,134472.24,5498067.11,0.0,-0.009999999776482582,0,1,0.9999998135579141,0,1,1
306213.63,306213.63,0.0,0.0,0.0,0.0,306213.63,1,1,0.9999967343167111,1,1,1
175313.96,175313.96,0.0,0.0,0.0,0.0,175313.96,1,1,0.9999942959802175,1,1,1
103368.58,103368.58,0.0,0.0,0.0,0.0,103368.58,1,1,0.9999903259740438,1,1,1
95267.81,95267.81,0.0,0.0,95267.81,0.0,0.0,0,1,0.9999895033852108,0,1,1
128718.59,128718.59,0.0,0.0,0.0,0.0,128718.59,1,1,0.9999922311747574,1,1,1
2056779.24,2056779.24,0.0,191822.43,2248601.67,0.0,0.0,0,1,0.9999995138031859,0,1,1
10358.27,10358.27,0.0,0.0,10358.27,0.0,0.0,0,1,0.9999034681015168,0,1,1
8594065.09,8594065.09,0.0,0.0,0.0,0.0,8594065.09,1,1,0.9999998836406435,1,1,1
37357.32,37357.32,0.0,0.0,0.0,0.0,37357.32,1,1,0.9999732322010197,1,1,1
154196.49,154196.49,0.0,0.0,0.0,0.0,154196.49,1,1,0.9999935148101309,1,1,1
316877.85,316877.85,0.0,0.0,0.0,0.0,316877.85,1,1,0.999996844219802,1,1,1
175972.28,175972.28,0.0,0.0,0.0,0.0,175972.28,1,1,0.999994317319084,1,1,1
376059.27,376059.27,0.0,0.0,0.0,0.0,376059.27,1,1,0.9999973408517736,1,1,1
460635.82,460635.82,0.0,544728.69,1005364.51,0.0,0.0,0,1,0.9999978290923422,0,1,1
3379009.86,3379009.86,0.0,1760983.92,5139993.78,0.0,-9.313225746154785e-10,0,1,0.9999997040554052,0,1,1
6262505.91,6262505.91,0.0,0.0,0.0,0.0,6262505.91,1,1,0.9999998403195375,1,1,1
8536151.16,8536151.16,0.0,339032.24,8875183.4,0.0,0.0,0,1,0.9999998828511979,0,1,1
10000000.0,59585040.37,49585040.37,0.0,0.0,0.0,10000000.0,1,0,0.16782735683447592,1,1,1
1191399.72,1191399.72,0.0,0.0,0.0,0.0,1191399.72,1,1,0.9999991606518418,1,1,1
1179162.08,1179162.08,0.0,29723.31,1208885.39,0.0,2.3283064365386963e-10,0,1,0.9999991519408834,0,1,1
762782.66,762782.66,0.0,0.0,0.0,0.0,762782.66,1,1,0.9999986890122948,1,1,1
2426076.89,2426076.89,0.0,44160.09,2470236.98,0.0,0.0,0,1,0.9999995878120796,0,1,1
150406.91,150406.91,0.0,1903051.04,2053457.95,0.0,0.0,0,1,0.9999933514134994,0,1,1
49434.25,49434.25,0.0,0.0,0.0,0.0,49434.25,1,1,0.9999797715193106,1,1,1
263401.81,263401.81,0.0,0.0,0.0,0.0,263401.81,1,1,0.999996203533288,1,1,1
92641.52,92641.52,0.0,899062.84,991704.37,0.0,-0.010000000009313226,0,1,0.9999892058203943,0,1,1
175203.45,175203.45,0.0,0.0,0.0,0.0,175203.45,1,1,0.9999942923824138,1,1,1
303879.45,0.0,0.0,0.0,303879.45,-303879.45,0.0,0,1,303879.45,0,0,1
21511.22,21511.22,0.0,0.0,21511.22,0.0,0.0,0,1,0.9999535147929874,0,1,1
75480.15,75480.15,0.0,0.0,0.0,0.0,75480.15,1,1,0.999986751659189,1,1,1
338293.14,338293.14,0.0,0.0,0.0,0.0,338293.14,1,1,0.9999970439925445,1,1,1
9065.34,9065.34,0.0,0.0,0.0,0.0,9065.34,1,1,0.9998897019083776,1,1,1
661558.27,661558.27,0.0,0.0,0.0,0.0,661558.27,1,1,0.9999984884196392,1,1,1
70125.14,70125.14,0.0,7303214.4,7373339.54,0.0,0.0,0,1,0.9999857399822663,0,1,1
739856.92,739856.92,0.0,0.0,0.0,0.0,739856.92,1,1,0.9999986483891393,1,1,1
10000000.0,10000000.0,0.0,879169.43,10879169.43,0.0,0.0,0,1,0.99999990000001,0,1,1
145482.09,145482.09,0.0,1686412.37,1831894.45,0.0,0.01000000024214387,0,1,0.999993126348911,0,1,1
98086.09,98086.09,0.0,0.0,98086.09,0.0,0.0,0,1,0.9999898049784125,0,1,1
136562.78,136562.78,0.0,21100.34,157663.12,0.0,0.0,0,1,0.9999926774141723,0,1,1
309061.5,309061.5,0.0,218006.55,527068.05,0.0,0.0,0,1,0.9999967644084934,0,1,1
119443.3,119443.3,0.0,0.0,0.0,0.0,119443.3,1,1,0.9999916278968524,1,1,1
210952.24,210952.24,0.0,0.0,0.0,0.0,210952.24,1,1,0.9999952596129834,1,1,1
62318.91,62318.91,0.0,0.0,0.0,0.0,62318.91,1,1,0.999983953763733,1,1,1
227349.18,227349.18,0.0,0.0,0.0,0.0,227349.18,1,1,0.9999956014989739,1,1,1
5591414.49,5591414.49,0.0,686963.07,6278377.55,0.0,0.010000000707805157,0,1,0.9999998211544104,0,1,1
106596.14,106596.14,0.0,0.0,106596.14,0.0,0.0,0,1,0.9999906188852722,0,1,1
284011.99,0.0,0.0,0.0,284011.99,-284011.99,0.0,0,1,284011.99,0,0,1
8276235.5,8276235.5,0.0,0.0,0.0,0.0,8276235.5,1,1,0.9999998791721334,1,1,1
347893.16,347893.16,0.0,0.0,347893.16,0.0,0.0,0,1,0.9999971255625562,0,1,1
54994.1,54994.1,0.0,14941.39,69935.49,0.0,-1.4551915228366852e-11,0,1,0.9999818165618392,0,1,1
1749325.14,1749325.14,0.0,0.0,0.0,0.0,1749325.14,1,1,0.9999994283513078,1,1,1
1828.6,1828.6,0.0,0.0,0.0,0.0,1828.6,1,1,0.9994534324442501,1,1,1
5715004.3,5715004.3,0.0,0.0,0.0,0.0,5715004.3,1,1,0.9999998250220345,1,1,1
204675.48,204675.48,0.0,109380.43,314055.91,0.0,5.820766091346741e-11,0,1,0.9999951142407765,0,1,1
1215297.01,1215297.01,0.0,2497294.92,3712591.93,0.0,-4.656612873077393e-10,0,1,0.9999991771565561,0,1,1
10000000.0,10000000.0,0.0,107593.45,10107593.45,0.0,0.0,0,1,0.99999990000001,0,1,1
769619.59,769619.59,0.0,32332.95,801952.54,0.0,-1.1641532182693481e-10,0,1,0.9999987006584634,0,1,1
164382.72,164382.72,0.0,0.0,0.0,0.0,164382.72,1,1,0.9999939166725269,1,1,1
377919.58,377919.58,0.0,617276.1,995195.68,0.0,-1.1641532182693481e-10,0,1,0.9999973539414022,0,1,1
138373.64,138373.64,0.0,125028.17,263401.81,0.0,0.0,0,1,0.9999927732422647,0,1,1
150405.2,150405.2,0.0,0.0,0.0,0.0,150405.2,1,1,0.9999933513379102,1,1,1
977805.62,977805.62,0.0,0.0,977805.62,0.0,0.0,0,1,0.9999989773028946,0,1,1
454483.23,454483.23,0.0,0.0,0.0,0.0,454483.23,1,1,0.9999977997036332,1,1,1
453699.35,453699.35,0.0,0.0,0.0,0.0,453699.35,1,1,0.999997795902075,1,1,1
1735525.5,1735525.5,0.0,0.0,1735525.5,0.0,0.0,0,1,0.9999994238059747,0,1,1
82750.0,82750.0,0.0,0.0,82750.0,0.0,0.0,0,1,0.9999879155538905,0,1,1
455372.54,455372.54,0.0,316179.07,771551.61,0.0,0.0,0,1,0.9999978040006453,0,1,1
5270.57,5270.57,0.0,0.0,0.0,0.0,5270.57,1,1,0.9998103031924076,1,1,1
188731.21,188731.21,0.0,0.0,0.0,0.0,188731.21,1,1,0.9999947014873614,1,1,1
285294.11,285294.11,0.0,0.0,0.0,0.0,285294.11,1,1,0.9999964948575529,1,1,1
4863106.47,4863106.47,0.0,0.0,4863106.47,0.0,0.0,0,1,0.9999997943701623,0,1,1
526787.54,526787.54,0.0,2422.53,563605.43,0.0,-34395.359999999986,0,1,0.9999981017050978,0,1,1
10000000.0,10000000.0,0.0,2571402.25,12571402.25,0.0,0.0,0,1,0.99999990000001,0,1,1
1259972.05,1259972.05,0.0,0.0,1259972.05,0.0,0.0,0,1,0.9999992063322307,0,1,1
839008.91,839008.91,0.0,0.0,0.0,0.0,839008.91,1,1,0.9999988081189649,1,1,1
4104942.7,4104942.7,0.0,131668.24,4236610.94,0.0,0.0,0,1,0.9999997563912996,0,1,1
399045.08,10399045.08,10399045.08,0.0,0.0,-399045.0800000001,399045.08,1,0,0.03837323894231653,1,1,1
1153200.73,1153200.73,0.0,0.0,1153200.73,0.0,0.0,0,1,0.999999132849029,0,1,1
2626957.79,2626957.79,0.0,882527.7,3509485.49,0.0,0.0,0,1,0.9999996193316759,0,1,1
27483.79,27483.79,0.0,66220.65,93704.43,0.0,0.010000000009313226,0,1,0.9999636162401095,0,1,1
2118548.31,2118548.31,0.0,0.0,0.0,0.0,2118548.31,1,1,0.9999995279788886,1,1,1
1495203.8,1495203.8,0.0,0.0,0.0,0.0,1495203.8,1,1,0.9999993311952985,1,1,1
8677.0,8677.0,0.0,0.0,0.0,0.0,8677.0,1,1,0.9998847660751325,1,1,1
1672570.76,1672570.76,0.0,11445.41,1684016.17,0.0,0.0,0,1,0.9999994021183283,0,1,1
10000000.0,30353874.22,20353874.22,0.0,0.0,0.0,10000000.0,1,0,0.32944722634331236,1,1,1
802417.45,802417.45,0.0,49645.31,852062.77,0.0,-0.010000000009313226,0,1,0.999998753767439,0,1,1
2723017.17,2723017.17,0.0,11672.12,2734689.29,0.0,0.0,0,1,0.999999632760438,0,1,1
1048.63,1048.63,0.0,62895.35,63943.98,0.0,-7.275957614183426e-12,0,1,0.999047283328411,0,1,1
258570.41,258570.41,0.0,0.0,258570.41,0.0,0.0,0,1,0.9999961325964073,0,1,1
3191058.32,3191058.32,0.0,0.0,0.0,0.0,3191058.32,1,1,0.9999996866244404,1,1,1
380214.33,380214.33,0.0,0.0,0.0,0.0,380214.33,1,1,0.9999973699114131,1,1,1
1421665.98,1421665.98,0.0,0.0,0.0,0.0,1421665.98,1,1,0.9999992966003894,1,1,1
30674.98,30674.98,0.0,0.0,0.0,0.0,30674.98,1,1,0.9999674012044603,1,1,1
10000000.0,10000000.0,0.0,2876.18,10002876.18,0.0,0.0,0,1,0.99999990000001,0,1,1
32671.88,32671.88,0.0,164307.14,196979.02,0.0,2.9103830456733704e-11,0,1,0.9999693935765687,0,1,1
411123.06,0.0,0.0,0.0,411123.06,-411123.06,0.0,0,1,411123.06,0,0,1
2656973.04,2656973.04,0.0,0.0,0.0,0.0,2656973.04,1,1,0.999999623632002,1,1,1
709950.57,709950.57,0.0,0.0,0.0,0.0,709950.57,1,1,0.999998591453217,1,1,1
125159.2,125159.2,0.0,26664.19,151823.38,0.0,0.009999999980209395,0,1,0.9999920102396769,0,1,1
313418.28,313418.28,0.0,688164.64,1029922.17,0.0,-28339.25,0,1,0.999996809385817,0,1,1
633459.44,633459.44,0.0,0.0,0.0,0.0,633459.44,1,1,0.9999984213694544,1,1,1
10000000.0,25674547.89,15674547.89,0.0,0.0,0.0,10000000.0,1,0,0.38949077714447816,1,1,1
296156.97,296156.97,0.0,0.0,0.0,0.0,296156.97,1,1,0.9999966234236412,1,1,1
555328.55,555328.55,0.0,0.0,555328.55,0.0,0.0,0,1,0.999998199267444,0,1,1
1676936.79,1676936.79,0.0,40039.54,1716976.33,0.0,0.0,0,1,0.9999994036749569,0,1,1
2154005.71,2154005.71,0.0,0.0,2154005.71,0.0,0.0,0,1,0.9999995357488928,0,1,1
86258.11,86258.11,0.0,71277.81,157535.92,0.0,-2.9103830456733704e-11,0,1,0.9999884070215888,0,1,1
3846781.01,3846781.01,0.0,46052.98,3892833.98,0.0,0.009999999776482582,0,1,0.999999740042457,0,1,1
30467.69,30467.69,0.0,625616.25,656083.94,0.0,0.0,0,1,0.9999671794225482,0,1,1
2533650.09,2533650.09,0.0,440696.98,2974347.07,0.0,0.0,0,1,0.9999996053126636,0,1,1
164382.72,164382.72,0.0,445530.63,609913.36,0.0,-0.010000000009313226,0,1,0.9999939166725269,0,1,1
10000000.0,10000000.0,0.0,0.0,10000000.0,0.0,0.0,0,1,0.99999990000001,0,1,1
2007.0,2007.0,0.0,129917.8,250910.76,0.0,-118985.96000000002,0,1,0.9995019920318725,0,1,1
24522.52,24522.52,0.0,155677.01,180199.53,0.0,0.0,0,1,0.9999592228195626,0,1,1
161939.36,161939.36,0.0,0.0,0.0,0.0,161939.36,1,1,0.9999938248871375,1,1,1
49950.63,49950.63,0.0,0.0,0.0,0.0,49950.63,1,1,0.9999799806332647,1,1,1
40591.72,40591.72,0.0,0.0,0.0,0.0,40591.72,1,1,0.9999753650408251,1,1,1
1637875.33,1637875.33,0.0,2042965.58,3680840.92,0.0,-0.009999999776482582,0,1,0.9999993894532928,0,1,1
86170.94,86170.94,0.0,0.0,0.0,0.0,86170.94,1,1,0.9999883952943383,1,1,1
2859010.61,2859010.61,0.0,0.0,0.0,0.0,2859010.61,1,1,0.9999996502287726,1,1,1
592737.43,592737.43,0.0,0.0,0.0,0.0,592737.43,1,1,0.9999983129151926,1,1,1
114864.37,114864.37,0.0,0.0,114864.37,0.0,0.0,0,1,0.9999912941559322,0,1,1
257988.47,257988.47,0.0,0.0,0.0,0.0,257988.47,1,1,0.9999961238728077,1,1,1
317787.12,317787.12,0.0,11292122.38,11609909.5,0.0,0.0,0,1,0.9999968532492656,0,1,1
27059.86,27059.86,0.0,0.0,0.0,0.0,27059.86,1,1,0.9999630462594316,1,1,1
561948.38,561948.38,0.0,0.0,0.0,0.0,561948.38,1,1,0.999998220480286,1,1,1
118462.93,118462.93,0.0,251578.05,370040.99,0.0,-0.010000000009313226,0,1,0.9999915586119759,0,1,1
1221900.21,1221900.21,0.0,0.0,1221900.21,0.0,0.0,0,1,0.9999991816032329,0,1,1
57204.07,57204.07,0.0,2726027.96,2783232.03,0.0,0.0,0,1,0.9999825190319669,0,1,1
915266.65,915266.65,0.0,0.0,0.0,0.0,915266.65,1,1,0.9999989074234187,1,1,1
5131896.17,5131896.17,0.0,302942.16,5434838.33,0.0,0.0,0,1,0.9999998051402889,0,1,1
3892156.3,3892156.3,0.0,5663227.36,9555383.66,0.0,0.0,0,1,0.9999997430730767,0,1,1
10000000.0,13774746.08,3774746.08,0.0,0.0,0.0,10000000.0,1,0,0.7259661423852437,1,1,1
1871553.73,1871553.73,0.0,0.0,1871553.73,0.0,0.0,0,1,0.9999994656848747,0,1,1
243459.96,243459.96,0.0,0.0,0.0,0.0,243459.96,1,1,0.9999958925652803,1,1,1
1639676.27,1639676.27,0.0,0.0,0.0,0.0,1639676.27,1,1,0.999999390123887,1,1,1
2326251.51,2326251.51,0.0,37662.1,2363913.61,0.0,0.0,0,1,0.9999995701240533,0,1,1
1571565.56,1571565.56,0.0,0.0,1571565.56,0.0,0.0,0,1,0.9999993636922384,0,1,1
2600970.32,2600970.32,0.0,2111795.89,4712766.22,0.0,-0.009999999776482582,0,1,0.9999996155282481,0,1,1
141837.8,141837.8,0.0,5845089.37,5986927.17,0.0,0.0,0,1,0.9999929497429476,0,1,1
10000000.0,10000000.0,0.0,540392.1,10540392.1,0.0,0.0,0,1,0.99999990000001,0,1,1
300075.73,0.0,0.0,0.0,300075.73,-300075.73,0.0,0,1,300075.73,0,0,1
1536245.52,1536245.52,0.0,0.0,0.0,0.0,1536245.52,1,1,0.9999993490628054,1,1,1
207261.07,207261.07,0.0,48221.7,255482.77,0.0,2.9103830456733704e-11,0,1,0.9999951751905208,0,1,1
38580.45,38580.45,0.0,0.0,0.0,0.0,38580.45,1,1,0.9999740808082641,1,1,1
850002.52,850002.52,0.0,6510099.11,7360101.63,0.0,9.313225746154785e-10,0,1,0.9999988235342837,0,1,1
597411.76,597411.76,0.0,2035697.45,2633109.21,0.0,0.0,0,1,0.9999983261154315,0,1,1
311234.46,311234.46,0.0,978976.44,1290210.9,0.0,0.0,0,1,0.9999967869984995,0,1,1
54584.29,54584.29,0.0,24298.74,78883.03,0.0,0.0,0,1,0.9999816800460344,0,1,1
305183.84,305183.84,0.0,470854.17,776038.0,0.0,0.010000000009313226,0,1,0.9999967232972647,0,1,1
23610.85,23610.85,0.0,212041.22,235652.07,0.0,0.0,0,1,0.99995764838418,0,1,1
760625.76,760625.76,0.0,0.0,0.0,0.0,760625.76,1,1,0.999998685294743,1,1,1
1464008.18,1464008.18,0.0,0.0,1464008.18,0.0,0.0,0,1,0.9999993169441738,0,1,1
311234.46,311234.46,0.0,0.0,0.0,0.0,311234.46,1,1,0.9999967869984995,1,1,1
2739248.3,2739248.3,0.0,0.0,0.0,0.0,2739248.3,1,1,0.9999996349364769,1,1,1
897131.97,897131.97,0.0,0.0,0.0,0.0,897131.97,1,1,0.9999988853380342,1,1,1
2216437.25,2216437.25,0.0,6843369.97,9059807.22,0.0,-1.862645149230957e-09,0,1,0.9999995488256891,0,1,1
3085.45,3085.45,0.0,45631.02,48716.47,0.0,-7.275957614183426e-12,0,1,0.9996760031751689,0,1,1
1136374.62,1136374.62,0.0,0.0,0.0,0.0,1136374.62,1,1,0.99999912000928,1,1,1
613386.47,613386.47,0.0,0.0,0.0,0.0,613386.47,1,1,0.9999983697091172,1,1,1
341.3,341.3,0.0,0.0,0.0,0.0,341.3,1,1,0.9970785860356413,1,1,1
316759.49,0.0,0.0,0.0,316759.49,-316759.49,0.0,0,1,316759.49,0,0,1
2806.0,2806.0,0.0,26202.0,0.0,0.0,29008.0,0,1,0.9996437477734236,0,1,1
82764.07,82764.07,0.0,0.0,0.0,0.0,82764.07,1,1,0.9999879176082374,1,1,1
4531343.47,4531343.47,0.0,0.0,0.0,0.0,4531343.47,1,1,0.9999997793149458,1,1,1
1684039.12,1684039.12,0.0,0.0,0.0,0.0,1684039.12,1,1,0.999999406189919,1,1,1
10000000.0,19887819.06,9887819.06,0.0,0.0,-1.862645149230957e-09,10000000.0,1,0,0.5028203176532562,1,1,1
433348.97,433348.97,0.0,1757052.79,2190401.76,0.0,0.0,0,1,0.9999976923962866,0,1,1
881811.11,881811.11,0.0,0.0,0.0,0.0,881811.11,1,1,0.9999988659715731,1,1,1
186567.41,186567.41,0.0,0.0,0.0,0.0,186567.41,1,1,0.9999946400357917,1,1,1
393699.17,393699.17,0.0,46379.95,440079.12,0.0,0.0,0,1,0.9999974599960167,0,1,1
118111.77,118111.77,0.0,0.0,118111.77,0.0,0.0,0,1,0.9999915335149621,0,1,1
155002.83,155002.83,0.0,0.0,155002.83,0.0,0.0,0,1,0.9999935485465101,0,1,1
673722.73,673722.73,0.0,0.0,0.0,0.0,673722.73,1,1,0.9999985157120709,1,1,1
166456.54,166456.54,0.0,0.0,0.0,0.0,166456.54,1,1,0.9999939924619816,1,1,1
97091.24,97091.24,0.0,88247.71,185338.95,0.0,0.0,0,1,0.9999897005157158,0,1,1
56517.37,56517.37,0.0,0.0,56517.37,0.0,0.0,0,1,0.9999823066376472,0,1,1
252417.45,252417.45,0.0,401309.51,653726.95,0.0,0.010000000009313226,0,1,0.9999960383244568,0,1,1
3019699.77,3019699.77,0.0,0.0,0.0,0.0,3019699.77,1,1,0.99999966884136,1,1,1
396757.22,396757.22,0.0,167363.79,564121.01,0.0,0.0,0,1,0.9999974795733281,0,1,1
2044841.02,2044841.02,0.0,397169.1,2442010.12,0.0,0.0,0,1,0.9999995109646661,0,1,1
19776.71,19776.71,0.0,1138941.53,1158718.24,0.0,0.0,0,1,0.9999494380289731,0,1,1
628033.58,628033.58,0.0,0.0,0.0,0.0,628033.58,1,1,0.9999984077309884,1,1,1
2329379.8,2329379.8,0.0,53551.16,2382930.96,0.0,0.0,0,1,0.999999570701364,0,1,1
945131.85,945131.85,0.0,0.0,0.0,0.0,945131.85,1,1,0.9999989419476849,1,1,1
773926.81,773926.81,0.0,1612283.59,2386210.4,0.0,4.656612873077393e-10,0,1,0.9999987078898225,0,1,1
135845.3,135845.3,0.0,0.0,0.0,0.0,135845.3,1,1,0.9999926387395166,1,1,1
623152.72,623152.72,0.0,0.0,0.0,0.0,623152.72,1,1,0.9999983952595196,1,1,1
234853.95,234853.95,0.0,23261.5,258115.45,0.0,0.0,0,1,0.999995742052701,0,1,1
1005365.24,1005365.24,0.0,1698044.17,2703409.41,0.0,0.0,0,1,0.9999990053375972,0,1,1
1710180.37,1710180.37,0.0,0.0,0.0,0.0,1710180.37,1,1,0.9999994152666977,1,1,1
159724.42,159724.42,0.0,1148566.96,1308291.39,0.0,-0.010000000009313226,0,1,0.9999937392557803,0,1,1
6749.18,6749.18,0.0,136928.04,143677.22,0.0,0.0,0,1,0.9998518558023638,0,1,1
752639.78,752639.78,0.0,0.0,0.0,0.0,752639.78,1,1,0.9999986713449144,1,1,1
107363.54,107363.54,0.0,0.0,0.0,0.0,107363.54,1,1,0.9999906859378338,1,1,1
4892226.25,4892226.25,0.0,0.0,0.0,0.0,4892226.25,1,1,0.9999997955941233,1,1,1
2155569.91,2155569.91,0.0,0.0,0.0,0.0,2155569.91,1,1,0.9999995360857787,1,1,1
4553004.39,4553004.39,0.0,0.0,0.0,0.0,4553004.39,1,1,0.9999997803648548,1,1,1
1031608.37,1031608.37,0.0,0.0,1031608.37,0.0,0.0,0,1,0.9999990306408326,0,1,1
4953893.08,4953893.08,4953893.08,0.0,0.0,-4953893.08,4953893.08,1,0,0.9999997981385988,1,1,1
400276.72,400276.72,0.0,244756.45,645033.17,0.0,-1.1641532182693481e-10,0,1,0.9999975017345457,0,1,1
227934.06,0.0,0.0,0.0,227934.06,-227934.06,0.0,0,1,227934.06,0,0,1
4448598.93,4448598.93,0.0,0.0,0.0,0.0,4448598.93,1,1,0.9999997752101749,1,1,1
265961.0,265961.0,0.0,9354076.45,9620037.45,0.0,0.0,0,1,0.99999624006437,0,1,1
253498.36,253498.36,0.0,0.0,0.0,0.0,253498.36,1,1,0.9999960552168652,1,1,1
682063.33,682063.33,0.0,1166990.34,1849053.68,0.0,-0.010000000009313226,0,1,0.9999985338626344,0,1,1
2763398.31,2763398.31,0.0,339515.35,3102913.66,0.0,0.0,0,1,0.9999996381268547,0,1,1
1994285.14,1994285.14,0.0,150793.71,2145078.85,0.0,0.0,0,1,0.9999994985674423,0,1,1
581889.94,581889.94,0.0,359585.03,941474.97,0.0,0.0,0,1,0.9999982814649082,0,1,1
1268931.21,1268931.21,0.0,0.0,0.0,0.0,1268931.21,1,1,0.999999211935837,1,1,1
5469910.99,5469910.99,0.0,115992.44,5585903.43,0.0,9.313225746154785e-10,0,1,0.999999817181702,0,1,1
10000000.0,18594065.09,8594065.09,0.0,0.0,0.0,10000000.0,1,0,0.5378059834571665,1,1,1
331729.06,331729.06,0.0,0.0,0.0,0.0,331729.06,1,1,0.9999969855008015,1,1,1
3062506.58,3062506.58,0.0,0.0,3062506.58,0.0,0.0,0,1,0.9999996734701959,0,1,1
235763.38,235763.38,0.0,0.0,0.0,0.0,235763.38,1,1,0.9999957584771711,1,1,1
322329.78,322329.78,0.0,0.0,0.0,0.0,322329.78,1,1,0.9999968975969344,1,1,1
1258818.82,1258818.82,0.0,503464.5,1762283.33,0.0,-0.010000000009313226,0,1,0.9999992056051358,0,1,1
1139983.15,1139983.15,0.0,164063.15,1304046.31,0.0,-0.01000000024214387,0,1,0.9999991227948213,0,1,1
74804.24,74804.24,0.0,0.0,0.0,0.0,74804.24,1,1,0.999986631952521,1,1,1
4017972.88,4017972.88,0.0,0.0,0.0,0.0,4017972.88,1,1,0.9999997511183423,1,1,1
10276.87,10276.87,0.0,950042.35,960319.22,0.0,0.0,0,1,0.9999027035757408,0,1,1
283429.1,283429.1,0.0,1110.49,284539.58,0.0,0.009999999951105565,0,1,0.9999964717932217,0,1,1
300518.42,0.0,0.0,0.0,300518.42,-300518.42,0.0,0,1,300518.42,0,0,1
49076.27,49076.27,0.0,863127.8,912204.07,0.0,1.1641532182693481e-10,0,1,0.9999796239684888,0,1,1
2344540.14,2344540.14,0.0,0.0,0.0,0.0,2344540.14,1,1,0.9999995734773074,1,1,1
355909.21,355909.21,0.0,0.0,355909.21,0.0,0.0,0,1,0.9999971903025766,0,1,1
707870.44,707870.44,0.0,0.0,0.0,0.0,707870.44,1,1,0.9999985873141033,1,1,1
1688761.08,1688761.08,0.0,0.0,0.0,0.0,1688761.08,1,1,0.9999994078502757,1,1,1
2239461.29,2239461.29,0.0,121354.63,2360815.92,0.0,0.0,0,1,0.9999995534642381,0,1,1
2983996.6,2983996.6,0.0,0.0,2983996.6,0.0,0.0,0,1,0.999999664879087,0,1,1
1819405.69,1819405.69,0.0,7549887.38,9369293.07,0.0,0.0,0,1,0.9999994503702743,0,1,1
149975.43,149975.43,0.0,298776.08,448751.51,0.0,0.0,0,1,0.9999933322856132,0,1,1
7009.93,7009.93,0.0,0.0,7009.93,0.0,0.0,0,1,0.9998573655706162,0,1,1
457359.64,457359.64,0.0,160042.8,617402.44,0.0,0.0,0,1,0.9999978135416288,0,1,1
639468.22,639468.22,0.0,185390.74,824858.96,0.0,0.0,0,1,0.9999984362030748,0,1,1
912117.82,912117.82,0.0,2960454.33,3872572.14,0.0,0.009999999776482582,0,1,0.9999989036516098,0,1,1
964544.37,964544.37,0.0,0.0,0.0,0.0,964544.37,1,1,0.9999989632421334,1,1,1
14385.54,14385.54,0.0,28309.09,42694.63,0.0,7.275957614183426e-12,0,1,0.9999304905835593,0,1,1
4574246.75,4574246.75,0.0,0.0,4574246.75,0.0,0.0,0,1,0.9999997813848189,0,1,1
27985.73,27985.73,0.0,0.0,0.0,0.0,27985.73,1,1,0.9999642687802398,1,1,1
102256.57,102256.57,0.0,0.0,0.0,0.0,102256.57,1,1,0.9999902207728973,1,1,1
5838803.23,5838803.23,0.0,471758.21,6310561.44,0.0,0.0,0,1,0.9999998287320553,0,1,1
939518.05,939518.05,0.0,0.0,0.0,0.0,939518.05,1,1,0.9999989356256267,1,1,1
2360965.74,2360965.74,0.0,0.0,0.0,0.0,2360965.74,1,1,0.9999995764446897,1,1,1
539658.73,539658.73,0.0,0.0,0.0,0.0,539658.73,1,1,0.9999981469805057,1,1,1
194876.96,194876.96,0.0,0.0,0.0,0.0,194876.96,1,1,0.9999948685833945,1,1,1
102229.91,102229.91,0.0,0.0,0.0,0.0,102229.91,1,1,0.9999902182226491,1,1,1
18035.14,18035.14,0.0,0.0,0.0,0.0,18035.14,1,1,0.9999445557641491,1,1,1
90204.54,90204.54,0.0,0.0,0.0,0.0,90204.54,1,1,0.999988914206378,1,1,1
290885.29,0.0,0.0,0.0,290885.29,-290885.29,0.0,0,1,290885.29,0,0,1
1777674.32,1777674.32,0.0,1953534.39,3731208.71,0.0,0.0,0,1,0.9999994374675798,0,1,1
1027260.28,1027260.28,0.0,1398618.96,2425879.24,0.0,0.0,0,1,0.9999990265378249,0,1,1
1055.0,1055.0,0.0,0.0,0.0,0.0,1055.0,1,1,0.9990530303030303,1,1,1
152314.49,152314.49,0.0,144953.35,297267.84,0.0,-5.820766091346741e-11,0,1,0.9999934346795588,0,1,1
759257.55,759257.55,0.0,36297.01,795554.56,0.0,0.0,0,1,0.9999986829255989,0,1,1
7363709.23,7363709.23,0.0,0.0,7363709.23,0.0,0.0,0,1,0.9999998641988931,0,1,1
6646879.72,6646879.72,0.0,1290212.82,7937092.54,0.0,0.0,0,1,0.999999849553491,0,1,1
122816.67,122816.67,0.0,807810.34,930627.01,0.0,0.0,0,1,0.9999918578491189,0,1,1
938288.58,938288.58,0.0,0.0,938288.58,0.0,0.0,0,1,0.9999989342309439,0,1,1
1445166.74,1445166.74,0.0,11066539.39,12511706.13,0.0,0.0,0,1,0.9999993080388024,0,1,1
342309.91,342309.91,0.0,0.0,342309.91,0.0,0.0,0,1,0.9999970786791458,0,1,1
140807.76,140807.76,0.0,0.0,0.0,0.0,140807.76,1,1,0.9999928981691196,1,1,1
219275.19,219275.19,0.0,0.0,0.0,0.0,219275.19,1,1,0.9999954395413383,1,1,1
18887.22,18887.22,0.0,0.0,0.0,0.0,18887.22,1,1,0.9999470569487225,1,1,1
3912252.81,3912252.81,0.0,0.0,3912252.81,0.0,0.0,0,1,0.9999997443928619,0,1,1
865948.49,865948.49,0.0,0.0,0.0,0.0,865948.49,1,1,0.9999988451982343,1,1,1
1090527.71,1090527.71,0.0,0.0,1090527.71,0.0,0.0,0,1,0.9999990830135962,0,1,1
99139.27,99139.27,0.0,0.0,0.0,0.0,99139.27,1,1,0.9999899132814547,1,1,1
501496.31,501496.31,0.0,0.0,0.0,0.0,501496.31,1,1,0.999998005971358,1,1,1
7482670.24,7482670.24,0.0,2097169.4,9579839.64,0.0,0.0,0,1,0.9999998663578864,0,1,1
929787.24,929787.24,0.0,8148960.26,9078747.5,0.0,0.0,0,1,0.9999989244862895,0,1,1
364715.24,364715.24,0.0,547144.76,911860.0,0.0,0.0,0,1,0.9999972581423849,0,1,1
4993938.87,4993938.87,0.0,743498.25,5737437.12,0.0,0.0,0,1,0.9999997997573007,0,1,1
24424.67,24424.67,0.0,0.0,24424.67,0.0,0.0,0,1,0.999959059464899,0,1,1
703882.14,703882.14,0.0,0.0,0.0,0.0,703882.14,1,1,0.999998579309628,1,1,1
304472.46,304472.46,0.0,0.0,0.0,0.0,304472.46,1,1,0.9999967156414881,1,1,1
143500.62,143500.62,0.0,0.0,143500.62,0.0,0.0,0,1,0.9999930314375545,0,1,1
1532281.61,1532281.61,0.0,0.0,1532281.61,0.0,0.0,0,1,0.9999993473788755,0,1,1
634911.47,634911.47,0.0,0.0,0.0,0.0,634911.47,1,1,0.9999984249797457,1,1,1
344886.44,344886.44,0.0,0.0,0.0,0.0,344886.44,1,1,0.999997100503283,1,1,1
1016081.0,1016081.0,0.0,0.0,1016081.0,0.0,0.0,0,1,0.9999990158274628,0,1,1
2747.85,2747.85,0.0,0.0,0.0,0.0,2747.85,1,1,0.9996362115066301,1,1,1
330218.85,330218.85,0.0,3257136.04,3587354.89,0.0,0.0,0,1,0.9999969717144502,0,1,1
353783.79,0.0,0.0,0.0,353783.79,-353783.79,0.0,0,1,353783.79,0,0,1
201247.25,201247.25,0.0,0.0,0.0,0.0,201247.25,1,1,0.999995031012692,1,1,1
387123.3,0.0,0.0,0.0,387123.3,-387123.3,0.0,0,1,387123.3,0,0,1
55247.48,55247.48,0.0,11215285.22,11270532.7,0.0,1.862645149230957e-09,0,1,0.9999818999545327,0,1,1
4243468.19,4243468.19,0.0,0.0,0.0,0.0,4243468.19,1,1,0.9999997643437586,1,1,1
155854.37,155854.37,0.0,0.0,0.0,0.0,155854.37,1,1,0.9999935837950275,1,1,1
739584.33,739584.33,0.0,0.0,0.0,0.0,739584.33,1,1,0.9999986478909743,1,1,1
173782.59,173782.59,0.0,3272453.63,3446236.22,0.0,-4.656612873077393e-10,0,1,0.9999942457167561,0,1,1
204721.27,204721.27,0.0,0.0,204721.27,0.0,0.0,0,1,0.9999951153335688,0,1,1
496128.26,496128.26,0.0,0.0,0.0,0.0,496128.26,1,1,0.9999979843962439,1,1,1
1464160.5,1464160.5,0.0,462739.95,1926900.44,0.0,0.010000000009313226,0,1,0.9999993170152336,0,1,1
1276300.86,1276300.86,0.0,0.0,1276300.86,0.0,0.0,0,1,0.9999992164862942,0,1,1
31574.65,31574.65,0.0,0.0,0.0,0.0,31574.65,1,1,0.9999683300264602,1,1,1
768520.15,768520.15,0.0,0.0,0.0,0.0,768520.15,1,1,0.9999986987996362,1,1,1
1191399.72,1191399.72,0.0,2447080.16,3638479.89,0.0,-0.01000000024214387,0,1,0.9999991606518418,0,1,1
710385.55,710385.55,0.0,664259.42,1374644.97,0.0,2.3283064365386963e-10,0,1,0.9999985923156907,0,1,1
456360.87,456360.87,0.0,0.0,0.0,0.0,456360.87,1,1,0.9999978087564589,1,1,1
85303.24,85303.24,0.0,0.0,0.0,0.0,85303.24,1,1,0.999988277253276,1,1,1
20842.92,20842.92,0.0,0.0,0.0,0.0,20842.92,1,1,0.9999520243792914,1,1,1
983417.49,983417.49,0.0,0.0,983417.49,0.0,0.0,0,1,0.9999989831389077,0,1,1
338364.14,338364.14,0.0,724300.82,1062664.96,0.0,0.0,0,1,0.9999970446128109,0,1,1
2241630.36,2241630.36,0.0,0.0,0.0,0.0,2241630.36,1,1,0.9999995538963196,1,1,1
2709729.22,2709729.22,0.0,411422.93,3121152.15,0.0,4.656612873077393e-10,0,1,0.999999630959572,0,1,1
321465.0,321465.0,0.0,0.0,0.0,0.0,321465.0,1,1,0.9999968892511183,1,1,1
2763025.35,2763025.35,0.0,0.0,0.0,0.0,2763025.35,1,1,0.9999996380780082,1,1,1
5618179.9,5618179.9,0.0,0.0,5618179.9,0.0,0.0,0,1,0.9999998220064434,0,1,1
1954854.24,1954854.24,0.0,467323.58,2422177.82,0.0,0.0,0,1,0.9999994884531705,0,1,1
766151.45,766151.45,0.0,0.0,766151.45,0.0,0.0,0,1,0.999998694776738,0,1,1
5087422.03,5087422.03,0.0,16628.06,5104050.09,0.0,0.0,0,1,0.9999998034368296,0,1,1
1282731.68,1282731.68,0.0,0.0,0.0,0.0,1282731.68,1,1,0.9999992204143423,1,1,1
1627389.26,1627389.26,0.0,327368.64,2039219.38,0.0,-84461.47999999998,0,1,0.9999993855192423,0,1,1
422261.63,422261.63,0.0,872573.61,1294835.24,0.0,0.0,0,1,0.9999976318055898,0,1,1
14206.82,14206.82,0.0,0.0,0.0,0.0,14206.82,1,1,0.9999296162254308,1,1,1
5039827.29,5039827.29,0.0,13002.46,5052829.75,0.0,0.0,0,1,0.9999998015805416,0,1,1
138993.63,138993.63,0.0,0.0,138993.63,0.0,0.0,0,1,0.9999928054774491,0,1,1
1240717.75,1240717.75,0.0,0.0,0.0,0.0,1240717.75,1,1,0.9999991940155656,1,1,1
2031464.82,2031464.82,0.0,1475675.96,3507140.78,0.0,4.656612873077393e-10,0,1,0.9999995077446098,0,1,1
10000000.0,10000000.0,0.0,0.0,10000000.0,0.0,0.0,0,1,0.99999990000001,0,1,1
5245375.3,5245375.3,0.0,0.0,5245375.3,0.0,0.0,0,1,0.9999998093559084,0,1,1
23912.2,23912.2,0.0,0.0,0.0,0.0,23912.2,1,1,0.999958182091899,1,1,1
10000000.0,27670038.08,17670038.08,0.0,0.0,0.0,10000000.0,1,0,0.36140173026456024,1,1,1
2479940.21,2479940.21,0.0,0.0,2479940.21,0.0,0.0,0,1,0.9999995967646346,0,1,1
196561.69,196561.69,0.0,4186.45,200748.14,0.0,0.0,0,1,0.999994912564536,0,1,1
3572736.74,3572736.74,0.0,0.0,0.0,0.0,3572736.74,1,1,0.9999997201026012,1,1,1
17484.29,17484.29,0.0,0.0,0.0,0.0,17484.29,1,1,0.9999428090697953,1,1,1
1674146.06,1674146.06,0.0,0.0,0.0,0.0,1674146.06,1,1,0.999999402680909,1,1,1
128572.96,128572.96,0.0,0.0,0.0,0.0,128572.96,1,1,0.999992222375355,1,1,1
902483.91,902483.91,0.0,0.0,0.0,0.0,902483.91,1,1,0.9999988919482321,1,1,1
2050727.81,2050727.81,0.0,0.0,0.0,0.0,2050727.81,1,1,0.9999995123684833,1,1,1
443682.96,443682.96,0.0,587076.1,1030759.06,0.0,0.0,0,1,0.9999977461434486,0,1,1
76200.04,76200.04,0.0,0.0,0.0,0.0,76200.04,1,1,0.999986876819529,1,1,1
10000000.0,11812161.42,1812161.42,0.0,0.0,0.0,10000000.0,1,0,0.846585040438345,1,1,1
225991.4,0.0,0.0,72.0,226063.4,-225991.4,0.0,0,1,225991.4,0,0,1
10000000.0,23924102.18,13924102.18,0.0,0.0,0.0,10000000.0,1,0,0.417988499914169,1,1,1
1301090.39,1301090.39,0.0,3049015.55,4350105.94,0.0,-9.313225746154785e-10,0,1,0.999999231414482,0,1,1
10000000.0,23441041.46,13441041.46,0.0,0.0,0.0,10000000.0,1,0,0.4266021878960412,1,1,1
2693520.61,2693520.61,0.0,2505748.79,5199269.41,0.0,-0.009999999776482582,0,1,0.9999996287388242,0,1,1
1106295.77,1106295.77,0.0,0.0,0.0,0.0,1106295.77,1,1,0.9999990960834135,1,1,1
799797.88,799797.88,0.0,4381942.46,5181740.34,0.0,0.0,0,1,0.9999987496856709,0,1,1
210525.95,210525.95,0.0,0.0,0.0,0.0,210525.95,1,1,0.9999952500143093,1,1,1
155002.83,155002.83,0.0,0.0,0.0,0.0,155002.83,1,1,0.9999935485465101,1,1,1
20364.0,20364.0,0.0,0.0,0.0,0.0,20364.0,1,1,0.9999508961453474,1,1,1
214760.72,214760.72,0.0,151605.62,366366.35,0.0,-0.010000000009313226,0,1,0.9999953436767036,0,1,1
927620.44,927620.44,0.0,0.0,927620.44,0.0,0.0,0,1,0.9999989219740328,0,1,1
254947.37,254947.37,0.0,0.0,254947.37,0.0,0.0,0,1,0.9999960776372094,0,1,1
2908264.69,2908264.69,0.0,2786059.72,5694324.4,0.0,0.009999999776482582,0,1,0.9999996561524611,0,1,1
37100.29,37100.29,0.0,433212.41,470312.7,0.0,-5.820766091346741e-11,0,1,0.9999730467592906,0,1,1
158214.43,158214.43,0.0,1341496.75,1499711.18,0.0,0.0,0,1,0.9999936795039523,0,1,1
285382.07,285382.07,0.0,0.0,285382.07,0.0,0.0,0,1,0.9999964959378985,0,1,1
116977.16,116977.16,0.0,0.0,0.0,0.0,116977.16,1,1,0.9999914513957135,1,1,1
10000000.0,25614246.07,15614246.07,0.0,0.0,0.0,10000000.0,1,0,0.39040772788173156,1,1,1
522465.43,522465.43,0.0,0.0,0.0,0.0,522465.43,1,1,0.9999980860014298,1,1,1
2305939.38,2305939.38,0.0,0.0,0.0,0.0,2305939.38,1,1,0.9999995663374437,1,1,1
35016.23,35016.23,0.0,65435.34,100451.57,0.0,0.0,0,1,0.999971442629814,0,1,1
815297.9,815297.9,0.0,0.0,0.0,0.0,815297.9,1,1,0.9999987734559681,1,1,1
122090.79,122090.79,0.0,0.0,0.0,0.0,122090.79,1,1,0.9999918094410771,1,1,1
701168.78,701168.78,0.0,0.0,0.0,0.0,701168.78,1,1,0.9999985738118947,1,1,1
31374.02,31374.02,0.0,0.0,0.0,0.0,31374.02,1,1,0.999968127510357,1,1,1
461509.86,461509.86,0.0,302583.81,764093.67,0.0,-1.1641532182693481e-10,0,1,0.9999978332037517,0,1,1
1946687.34,1946687.34,0.0,0.0,1946687.34,0.0,0.0,0,1,0.9999994863070891,0,1,1
881187.51,881187.51,0.0,35321.01,916508.52,0.0,0.0,0,1,0.9999988651690431,0,1,1
2949339.09,2949339.09,0.0,167663.32,3117002.41,0.0,-4.656612873077393e-10,0,1,0.9999996609411023,0,1,1
338229.88,338229.88,0.0,0.0,0.0,0.0,338229.88,1,1,0.9999970434396764,1,1,1
3653274.35,3653274.35,0.0,0.0,0.0,0.0,3653274.35,1,1,0.9999997262730278,1,1,1
5469910.99,5469910.99,0.0,0.0,0.0,0.0,5469910.99,1,1,0.999999817181702,1,1,1
319034.25,0.0,0.0,0.0,319034.25,-319034.25,0.0,0,1,319034.25,0,0,1
2701644.17,2701644.17,0.0,0.0,0.0,0.0,2701644.17,1,1,0.9999996298551671,1,1,1
978362.97,978362.97,0.0,0.0,0.0,0.0,978362.97,1,1,0.9999989778855,1,1,1
362631.05,362631.05,0.0,0.0,0.0,0.0,362631.05,1,1,0.9999972423838434,1,1,1
797235.09,797235.09,0.0,0.0,0.0,0.0,797235.09,1,1,0.9999987456664186,1,1,1
696575.46,696575.46,0.0,0.0,0.0,0.0,696575.46,1,1,0.9999985644074162,1,1,1
5349.74,5349.74,0.0,0.0,0.0,0.0,5349.74,1,1,0.9998131099623604,1,1,1
353785.26,353785.26,0.0,0.0,0.0,0.0,353785.26,1,1,0.9999971734346043,1,1,1
1388774.78,1388774.78,0.0,0.0,0.0,0.0,1388774.78,1,1,0.9999992799413596,1,1,1
4257337.62,4257337.62,0.0,0.0,0.0,0.0,4257337.62,1,1,0.9999997651114724,1,1,1
966389.93,966389.93,0.0,0.0,0.0,0.0,966389.93,1,1,0.9999989652220763,1,1,1
3116833.75,3116833.75,0.0,456298.06,3573131.82,0.0,-0.009999999776482582,0,1,0.999999679161688,0,1,1
401529.35,401529.35,0.0,4162.42,405691.77,0.0,-5.820766091346741e-11,0,1,0.9999975095282336,0,1,1
167743.93,167743.93,0.0,0.0,0.0,0.0,167743.93,1,1,0.9999940385679615,1,1,1
1548376.44,1548376.44,0.0,0.0,0.0,0.0,1548376.44,1,1,0.9999993541626387,1,1,1
636.0,636.0,0.0,0.0,0.0,0.0,636.0,1,1,0.9984301412872841,1,1,1
2540410.33,2540410.33,0.0,0.0,0.0,0.0,2540410.33,1,1,0.9999996063629586,1,1,1
265680.73,265680.73,0.0,0.0,0.0,0.0,265680.73,1,1,0.9999962360979808,1,1,1
222213.27,222213.27,0.0,93400.12,315613.39,0.0,0.0,0,1,0.9999954998389617,0,1,1
40458.0,40458.0,0.0,561393.36,331179.02,0.0,270672.33999999997,0,1,0.9999752836204553,0,1,1
24853.41,24853.41,0.0,11435.22,36288.63,0.0,0.0,0,1,0.9999597656914809,0,1,1
371771.44,371771.44,0.0,4665671.71,5037443.15,0.0,0.0,0,1,0.9999973101825407,0,1,1
1431634.93,1431634.93,0.0,0.0,1431634.93,0.0,0.0,0,1,0.9999993014983914,0,1,1
495773.64,495773.64,0.0,269095.07,764868.71,0.0,0.0,0,1,0.9999979829545134,0,1,1
2085019.56,2085019.56,0.0,152830.87,2237850.44,0.0,-0.009999999776482582,0,1,0.9999995203884224,0,1,1
1195842.37,1195842.37,0.0,0.0,1195842.37,0.0,0.0,0,1,0.9999991637700847,0,1,1
81216.23,81216.23,0.0,917796.81,999013.04,0.0,0.0,0,1,0.9999876873417131,0,1,1
3354200.39,3354200.39,0.0,0.0,0.0,0.0,3354200.39,1,1,0.9999997018664404,1,1,1
455014.69,455014.69,0.0,700724.17,1155738.85,0.0,0.010000000009313226,0,1,0.9999978022735876,0,1,1
4241.44,4241.44,0.0,0.0,0.0,0.0,4241.44,1,1,0.9997642865897927,1,1,1
2184556.65,2184556.65,0.0,734500.25,2919056.89,0.0,0.009999999776482582,0,1,0.9999995422414236,0,1,1
4530.71,4530.71,0.0,0.0,0.0,0.0,4530.71,1,1,0.9997793327463584,1,1,1
1059347.56,1059347.56,0.0,234543.3,1293890.85,0.0,0.010000000009313226,0,1,0.9999990560236378,0,1,1
1844357.26,1844357.26,0.0,0.0,0.0,0.0,1844357.26,1,1,0.9999994578059904,1,1,1
4589441.44,4589441.44,0.0,0.0,0.0,0.0,4589441.44,1,1,0.9999997821086084,1,1,1
407320.01,407320.01,0.0,0.0,407320.01,0.0,0.0,0,1,0.9999975449339085,0,1,1
1232239.39,1232239.39,0.0,30479.19,1262718.58,0.0,-2.3283064365386963e-10,0,1,0.9999991884700354,0,1,1
202952.03,202952.03,0.0,0.0,0.0,0.0,202952.03,1,1,0.9999950727515623,1,1,1
506867.52,506867.52,0.0,0.0,458682.99,0.0,48184.53000000003,0,1,0.9999980271017818,0,1,1
158299.34,158299.34,0.0,36152.54,271369.74,0.0,-76917.85999999999,0,1,0.9999936828941745,0,1,1
268366.47,268366.47,0.0,0.0,0.0,0.0,268366.47,1,1,0.9999962737659672,1,1,1
19692.68,19692.68,0.0,0.0,19692.68,0.0,0.0,0,1,0.9999492222885717,0,1,1
2674794.22,2674794.22,0.0,0.0,0.0,0.0,2674794.22,1,1,0.999999626139604,1,1,1
21741.36,21741.36,0.0,0.0,0.0,0.0,21741.36,1,1,0.9999540068327449,1,1,1
298384.21,298384.21,0.0,77405.99,375790.2,0.0,0.0,0,1,0.9999966486274571,0,1,1
26776.98,26776.98,0.0,0.0,0.0,0.0,26776.98,1,1,0.9999626558836776,1,1,1
1649039.58,1649039.58,0.0,1970152.93,3619192.51,0.0,0.0,0,1,0.9999993935867849,0,1,1
1116508.49,1116508.49,0.0,4052464.84,5168973.32,0.0,0.009999999776482582,0,1,0.9999991043515447,0,1,1
2728625.68,2728625.68,0.0,0.0,0.0,0.0,2728625.68,1,1,0.9999996335152744,1,1,1
160186.79,160186.79,0.0,0.0,0.0,0.0,160186.79,1,1,0.9999937573269473,1,1,1
4716.08,4716.08,0.0,551191.68,555907.76,0.0,0.0,0,1,0.9997880044434269,0,1,1
19226.25,19226.25,0.0,0.0,19226.25,0.0,0.0,0,1,0.9999479904822582,0,1,1
1486052.97,1486052.97,0.0,775543.29,2261596.26,0.0,0.0,0,1,0.9999993270769297,0,1,1
224570.45,224570.45,0.0,7449938.25,7674508.7,0.0,0.0,0,1,0.9999955470742162,0,1,1
461369.99,461369.99,0.0,2572575.13,3033945.11,0.0,0.01000000024214387,0,1,0.9999978325468621,0,1,1
571163.03,571163.03,0.0,45861.48,617024.51,0.0,0.0,0,1,0.9999982491894667,0,1,1
451663.55,451663.55,0.0,95658.45,547322.01,0.0,-0.010000000009313226,0,1,0.999997785967484,0,1,1
879321.88,879321.88,0.0,0.0,879321.88,0.0,0.0,0,1,0.9999988627613101,0,1,1
1684039.12,1684039.12,0.0,32961658.25,34645697.37,0.0,0.0,0,1,0.999999406189919,0,1,1
2149976.69,2149976.69,0.0,0.0,0.0,0.0,2149976.69,1,1,0.9999995348788945,1,1,1
17428.0,17428.0,0.0,93625.57,285154.96,0.0,-174101.39,0,1,0.999942624361696,0,1,1
540154.62,540154.62,0.0,0.0,0.0,0.0,540154.62,1,1,0.9999981486816707,1,1,1
394388.09,394388.09,0.0,1260564.49,1654952.58,0.0,0.0,0,1,0.999997464432903,0,1,1
226402.77,226402.77,0.0,0.0,0.0,0.0,226402.77,1,1,0.999995583112419,1,1,1
74804.24,74804.24,0.0,0.0,74804.24,0.0,0.0,0,1,0.999986631952521,0,1,1
103056.0,103056.0,0.0,0.0,0.0,0.0,103056.0,1,1,0.9999902966319609,1,1,1
1162155.11,1162155.11,0.0,2402312.87,3564467.98,0.0,4.656612873077393e-10,0,1,0.9999991395304026,0,1,1
491517.77,491517.77,0.0,518777.34,1010295.11,0.0,1.1641532182693481e-10,0,1,0.9999979654897004,0,1,1
62091.44,62091.44,0.0,6296058.91,6358150.35,0.0,9.313225746154785e-10,0,1,0.9999838949798076,0,1,1
219275.19,219275.19,0.0,743229.99,962505.19,0.0,-0.010000000009313226,0,1,0.9999954395413383,0,1,1
143592.89,143592.89,0.0,0.0,143592.89,0.0,0.0,0,1,0.9999930359153861,0,1,1
154052.34,154052.34,0.0,182065.24,336117.58,0.0,-5.820766091346741e-11,0,1,0.9999935087418422,0,1,1
520500.14,520500.14,0.0,0.0,0.0,0.0,520500.14,1,1,0.999998078774621,1,1,1
344886.44,344886.44,0.0,99583.8,444470.25,0.0,-0.010000000009313226,0,1,0.999997100503283,0,1,1
1980800.05,1980800.05,0.0,0.0,0.0,0.0,1980800.05,1,1,0.999999495153741,1,1,1
128440.4,128440.4,0.0,1424377.87,1552818.27,0.0,0.0,0,1,0.9999922143483332,0,1,1
1486052.97,1486052.97,0.0,0.0,0.0,0.0,1486052.97,1,1,0.9999993270769297,1,1,1
219278.81,219278.81,0.0,22127.85,241406.66,0.0,0.0,0,1,0.999995439616625,0,1,1
4339822.23,4339822.23,0.0,0.0,4339822.23,0.0,0.0,0,1,0.9999997695758682,0,1,1
3285475.4,3285475.4,0.0,746119.83,4031595.23,0.0,0.0,0,1,0.9999996956301376,0,1,1
1159831.33,1159831.33,0.0,0.0,0.0,0.0,1159831.33,1,1,0.9999991378064104,1,1,1
59829.03,59829.03,0.0,0.0,59829.03,0.0,0.0,0,1,0.9999832859853154,0,1,1
597411.76,597411.76,0.0,0.0,0.0,0.0,597411.76,1,1,0.9999983261154315,1,1,1
142791.28,142791.28,0.0,724053.13,866844.41,0.0,0.0,0,1,0.9999929968202763,0,1,1
130987.75,130987.75,0.0,0.0,0.0,0.0,130987.75,1,1,0.9999923657566012,1,1,1
171880.67,171880.67,0.0,2893198.81,3086348.25,0.0,-21268.77000000002,0,1,0.9999941820439608,0,1,1
188473.09,188473.09,0.0,209686.58,398159.67,0.0,0.0,0,1,0.9999946942309152,0,1,1
165547.54,165547.54,0.0,0.0,0.0,0.0,165547.54,1,1,0.9999939594755713,1,1,1
934590.45,934590.45,0.0,0.0,0.0,0.0,934590.45,1,1,0.999998930013751,1,1,1
320977.49,320977.49,0.0,0.0,0.0,0.0,320977.49,1,1,0.9999968845264366,1,1,1
1201681.76,1201681.76,0.0,1069475.01,2271156.77,0.0,0.0,0,1,0.9999991678336136,0,1,1
59996.12,59996.12,0.0,0.0,59996.12,0.0,0.0,0,1,0.999983332533295,0,1,1
75113.49,75113.49,0.0,2401380.3,2476493.79,0.0,0.0,0,1,0.9999866869894211,0,1,1
142715.07,142715.07,0.0,1012855.59,1155570.66,0.0,0.0,0,1,0.999992993080597,0,1,1
74447.11,74447.11,0.0,0.0,0.0,0.0,74447.11,1,1,0.9999865678255634,1,1,1
148714.54,148714.54,0.0,0.0,0.0,0.0,148714.54,1,1,0.9999932757531593,1,1,1
1262207.3,1262207.3,0.0,6623072.35,7885279.65,0.0,-9.313225746154785e-10,0,1,0.9999992077377403,0,1,1
8589704.49,8589704.49,0.0,0.0,0.0,0.0,8589704.49,1,1,0.9999998835815732,1,1,1
3011102.29,3011102.29,0.0,0.0,0.0,0.0,3011102.29,1,1,0.9999996678958164,1,1,1
143175.23,143175.23,0.0,695647.18,838822.41,0.0,0.0,0,1,0.9999930156004248,0,1,1
3080973.39,3080973.39,0.0,0.0,0.0,0.0,3080973.39,1,1,0.9999996754273572,1,1,1
623152.72,623152.72,0.0,847223.26,1470375.97,0.0,0.010000000009313226,0,1,0.9999983952595196,0,1,1
1264551.38,1264551.38,0.0,0.0,0.0,0.0,1264551.38,1,1,0.9999992092063438,1,1,1
259820.39,259820.39,0.0,32888.78,292709.17,0.0,5.820766091346741e-11,0,1,0.9999961512021778,0,1,1
850530.59,850530.59,0.0,0.0,0.0,0.0,850530.59,1,1,0.9999988242647166,1,1,1
1167816.02,1167816.02,0.0,0.0,0.0,0.0,1167816.02,1,1,0.9999991437014679,1,1,1
1171751.17,1171751.17,0.0,0.0,0.0,0.0,1171751.17,1,1,0.9999991465772152,1,1,1
2740879.15,2740879.15,0.0,1137372.51,3878251.66,0.0,0.0,0,1,0.9999996351536933,0,1,1
414973.48,414973.48,0.0,0.0,0.0,0.0,414973.48,1,1,0.9999975902132584,1,1,1
1170213.18,1170213.18,0.0,0.0,0.0,0.0,1170213.18,1,1,0.9999991454555781,1,1,1
917014.64,917014.64,0.0,0.0,0.0,0.0,917014.64,1,1,0.9999989095060582,1,1,1
2308798.26,2308798.26,0.0,771002.6,3079800.87,0.0,-0.01000000024214387,0,1,0.999999566874428,0,1,1
561149.9,561149.9,0.0,0.0,0.0,0.0,561149.9,1,1,0.999998217948149,1,1,1
32733.43,32733.43,0.0,0.0,32733.43,0.0,0.0,0,1,0.9999694511253137,0,1,1
247877.03,247877.03,0.0,283820.59,531697.62,0.0,0.0,0,1,0.9999959657578367,0,1,1
6545346.16,6545346.16,0.0,272331.73,6817677.89,0.0,9.313225746154785e-10,0,1,0.9999998472197157,0,1,1
10000000.0,10185510.21,185510.21,0.0,0.0,9.022187441587448e-10,10000000.0,1,0,0.9817867551097613,1,1,1
210.92,210.92,0.0,0.0,0.0,0.0,210.92,1,1,0.9952812382030956,1,1,1
160296.55,160296.55,0.0,0.0,0.0,0.0,160296.55,1,1,0.9999937616014718,1,1,1
6339.42,6339.42,0.0,0.0,0.0,0.0,6339.42,1,1,0.9998422817415881,1,1,1
1028326.5,1028326.5,0.0,0.0,0.0,0.0,1028326.5,1,1,0.9999990275471579,1,1,1
3354200.39,3354200.39,0.0,0.0,3491865.72,0.0,-137665.33000000007,0,1,0.9999997018664404,0,1,1
87438.83,87438.83,0.0,69617.57,157056.4,0.0,2.9103830456733704e-11,0,1,0.9999885635642247,0,1,1
70696.74,70696.74,0.0,0.0,0.0,0.0,70696.74,1,1,0.999985855276279,1,1,1
940957.88,940957.88,0.0,0.0,0.0,0.0,940957.88,1,1,0.9999989372543038,1,1,1
335071.5,335071.5,0.0,0.0,0.0,0.0,335071.5,1,1,0.999997015571257,1,1,1
34498.05,34498.05,0.0,0.0,34498.05,0.0,0.0,0,1,0.99997101369458,0,1,1
95348.33,95348.33,0.0,616913.51,712261.84,0.0,0.0,0,1,0.9999895122493258,0,1,1
204721.27,204721.27,0.0,0.0,0.0,0.0,204721.27,1,1,0.9999951153335688,1,1,1
227154.77,0.0,0.0,0.0,227154.77,-227154.77,0.0,0,1,227154.77,0,0,1
48340.79,48340.79,0.0,3532298.75,3580639.54,0.0,0.0,0,1,0.9999793139641705,0,1,1
171788.82,171788.82,0.0,0.0,0.0,0.0,171788.82,1,1,0.9999941789333034,1,1,1
1232239.39,1232239.39,0.0,0.0,0.0,0.0,1232239.39,1,1,0.9999991884700354,1,1,1
95348.33,95348.33,0.0,0.0,0.0,0.0,95348.33,1,1,0.9999895122493258,1,1,1
282018.0,282018.0,0.0,2255136.89,2537154.89,0.0,0.0,0,1,0.9999964541396147,0,1,1
8931550.69,8931550.69,0.0,0.0,0.0,0.0,8931550.69,1,1,0.9999998880373719,1,1,1
217255.97,217255.97,0.0,2115234.86,2332490.82,0.0,0.01000000024214387,0,1,0.9999953971557276,0,1,1
1205760.86,1205760.86,0.0,0.0,0.0,0.0,1205760.86,1,1,0.9999991706488377,1,1,1
176007.37,176007.37,0.0,0.0,176007.37,0.0,0.0,0,1,0.9999943184520145,0,1,1
20842.92,20842.92,0.0,118111.75,138954.67,0.0,-2.9103830456733704e-11,0,1,0.9999520243792914,0,1,1
34162.97,34162.97,0.0,0.0,0.0,0.0,34162.97,1,1,0.9999707293970812,1,1,1
4961093.21,4961093.21,0.0,0.0,0.0,0.0,4961093.21,1,1,0.9999997984315642,1,1,1
1465173.76,1465173.76,0.0,0.0,0.0,0.0,1465173.76,1,1,0.9999993174875603,1,1,1
62134.33,62134.33,0.0,509204.33,571338.66,0.0,0.0,0,1,0.9999839060965798,0,1,1
10000000.0,10000000.0,0.0,131207.41,10131207.41,0.0,0.0,0,1,0.99999990000001,0,1,1
4631432.03,4631432.03,0.0,0.0,0.0,0.0,4631432.03,1,1,0.9999997840841067,1,1,1
10000000.0,10000000.0,0.0,158643.25,10158643.25,0.0,0.0,0,1,0.99999990000001,0,1,1
614145.31,614145.31,0.0,0.0,614145.31,0.0,0.0,0,1,0.9999983717235067,0,1,1
10000000.0,10000000.0,0.0,0.0,10000000.0,0.0,0.0,0,1,0.99999990000001,0,1,1
1442075.9,1442075.9,0.0,0.0,0.0,0.0,1442075.9,1,1,0.9999993065557045,1,1,1
48078.85,48078.85,0.0,288760.9,336839.74,0.0,0.010000000009313226,0,1,0.9999792012662269,0,1,1
252189.32,252189.32,0.0,310145.69,562335.01,0.0,0.0,0,1,0.9999960347407466,0,1,1
990857.53,990857.53,0.0,0.0,0.0,0.0,990857.53,1,1,0.9999989907741925,1,1,1
113309.55,113309.55,0.0,0.0,113309.55,0.0,0.0,0,1,0.9999911746964426,0,1,1
2624422.62,2624422.62,0.0,0.0,0.0,0.0,2624422.62,1,1,0.9999996189639537,1,1,1
102660.35,102660.35,0.0,0.0,102660.35,0.0,0.0,0,1,0.9999902592358273,0,1,1
60633.76,60633.76,0.0,164662.14,225295.9,0.0,2.9103830456733704e-11,0,1,0.9999835078097118,0,1,1
66066.73,66066.73,0.0,0.0,66066.73,0.0,0.0,0,1,0.9999848640175771,0,1,1
960196.16,960196.16,0.0,0.0,0.0,0.0,960196.16,1,1,0.9999989585472217,1,1,1
67692.41,67692.41,0.0,25595.6,93288.0,0.0,0.010000000009313226,0,1,0.9999852275132838,0,1,1
9301213.46,9301213.46,0.0,0.0,0.0,0.0,9301213.46,1,1,0.999999892487158,1,1,1
107188.41,107188.41,0.0,696135.43,803323.83,0.0,0.010000000125728548,0,1,0.9999906707201766,0,1,1
10119.47,10119.47,0.0,0.0,0.0,0.0,10119.47,1,1,0.9999011903597362,1,1,1
711932.67,711932.67,0.0,20563.09,732495.77,0.0,-0.010000000009313226,0,1,0.9999985953747629,0,1,1
146729.67,146729.67,0.0,0.0,0.0,0.0,146729.67,1,1,0.9999931847922455,1,1,1
3733104.07,3733104.07,0.0,452523.69,4185627.77,0.0,-0.01000000024214387,0,1,0.9999997321264789,0,1,1
171623.1,171623.1,0.0,0.0,0.0,0.0,171623.1,1,1,0.9999941733124893,1,1,1
245106.78,245106.78,0.0,2622766.27,2867873.04,0.0,0.009999999776482582,0,1,0.9999959201621426,0,1,1
1766811.07,1766811.07,0.0,618077.7,2384888.77,0.0,0.0,0,1,0.9999994340088474,0,1,1
1540624.7,1540624.7,0.0,0.0,0.0,0.0,1540624.7,1,1,0.9999993509130738,1,1,1
554501.15,554501.15,0.0,225415.81,779916.96,0.0,0.0,0,1,0.9999981965804822,0,1,1
4017972.88,4017972.88,0.0,0.0,4017972.88,0.0,0.0,0,1,0.9999997511183423,0,1,1
204951.37,204951.37,0.0,0.0,0.0,0.0,204951.37,1,1,0.9999951208175831,1,1,1
87167.88,87167.88,0.0,0.0,0.0,0.0,87167.88,1,1,0.9999885280159616,1,1,1
704328.29,704328.29,0.0,0.0,704328.29,0.0,0.0,0,1,0.9999985802095495,0,1,1
113360.8,113360.8,0.0,175345.9,288706.71,0.0,-0.010000000009313226,0,1,0.9999911786862947,0,1,1
1343002.08,1343002.08,1343002.08,0.0,0.0,-1343002.08,1343002.08,1,0,0.9999992554000695,1,1,1
194521.28,194521.28,0.0,7203373.74,7397895.02,0.0,9.313225746154785e-10,0,1,0.9999948592007044,0,1,1
178616.12,178616.12,0.0,0.0,0.0,0.0,178616.12,1,1,0.9999944014325166,1,1,1
540530.08,540530.08,0.0,0.0,0.0,0.0,540530.08,1,1,0.9999981499676207,1,1,1
2173367.35,2173367.35,0.0,476131.89,2649499.24,0.0,0.0,0,1,0.999999539884714,0,1,1
295963.6,0.0,0.0,0.0,295963.6,-295963.6,0.0,0,1,295963.6,0,0,1
331829.94,331829.94,0.0,792855.99,1124685.94,0.0,-0.010000000009313226,0,1,0.9999969864172401,0,1,1
953529.64,953529.64,0.0,0.0,953529.64,0.0,0.0,0,1,0.9999989512660024,0,1,1
326250.51,326250.51,0.0,83999.86,410250.38,0.0,-0.010000000009313226,0,1,0.9999969348800868,0,1,1
2232257.71,2232257.71,0.0,819923.42,3052181.14,0.0,-0.01000000024214387,0,1,0.999999552023251,0,1,1
1722892.9,1722892.9,0.0,91562.28,1814455.18,0.0,0.0,0,1,0.9999994195812058,0,1,1
72547.29,72547.29,0.0,0.0,0.0,0.0,72547.29,1,1,0.9999862160775946,1,1,1
164502.06,164502.06,0.0,0.0,0.0,0.0,164502.06,1,1,0.9999939210857233,1,1,1
151.0,151.0,0.0,386163.34,386314.34,0.0,0.0,0,1,0.993421052631579,0,1,1
2898.09,2898.09,0.0,741450.85,744348.94,0.0,0.0,0,1,0.9996550641753101,0,1,1
1586479.66,1586479.66,0.0,0.0,0.0,0.0,1586479.66,1,1,0.9999993696740054,1,1,1
1743864.1,1743864.1,0.0,145959.55,1889823.65,0.0,2.3283064365386963e-10,0,1,0.9999994265611486,0,1,1
8055.06,8055.06,0.0,0.0,0.0,0.0,8055.06,1,1,0.9998758698420817,1,1,1
39525.63,39525.63,0.0,61266.78,100792.41,0.0,0.0,0,1,0.9999747006005825,0,1,1
19472.0,19472.0,0.0,0.0,19472.0,0.0,0.0,0,1,0.9999486468443486,0,1,1
401575.19,401575.19,0.0,0.0,401575.19,0.0,0.0,0,1,0.9999975098125216,0,1,1
47061.52,47061.52,0.0,0.0,0.0,0.0,47061.52,1,1,0.9999787516690564,1,1,1
2392482.86,2392482.86,0.0,2414558.13,4807040.99,0.0,0.0,0,1,0.9999995820243486,0,1,1
170.0,170.0,0.0,413421.36,345764.15,0.0,67827.20999999996,0,1,0.9941520467836257,0,1,1
132973.41,132973.41,0.0,0.0,132973.41,0.0,0.0,0,1,0.9999924797560673,0,1,1
1195842.37,1195842.37,0.0,0.0,0.0,0.0,1195842.37,1,1,0.9999991637700847,1,1,1
12461.0,12461.0,0.0,27964.11,40425.11,0.0,0.0,0,1,0.9999197560584175,0,1,1
3964129.99,3964129.99,0.0,0.0,0.0,0.0,3964129.99,1,1,0.9999997477379021,1,1,1
4294676.05,4294676.05,0.0,1061317.39,5355993.45,0.0,-0.010000000707805157,0,1,0.999999767153621,0,1,1
92057.19,92057.19,0.0,0.0,0.0,0.0,92057.19,1,1,0.9999891373054369,1,1,1
95064.86,95064.86,0.0,0.0,0.0,0.0,95064.86,1,1,0.9999894809766618,1,1,1
3892156.3,3892156.3,0.0,0.0,0.0,0.0,3892156.3,1,1,0.9999997430730767,1,1,1
3080973.39,3080973.39,0.0,201833.93,3282807.32,0.0,4.656612873077393e-10,0,1,0.9999996754273572,0,1,1
167907.12,167907.12,0.0,0.0,0.0,0.0,167907.12,1,1,0.9999940443618808,1,1,1
367263.47,367263.47,0.0,2275172.08,2642435.54,0.0,0.009999999776482582,0,1,0.9999972771665062,0,1,1
19421.77,19421.77,0.0,663000.64,682422.4,0.0,0.010000000009313226,0,1,0.999948514037905,0,1,1
2745923.02,2745923.02,0.0,0.0,0.0,0.0,2745923.02,1,1,0.9999996358238638,1,1,1
8380.79,8380.79,0.0,0.0,0.0,0.0,8380.79,1,1,0.9998806937420288,1,1,1
0.0,0.0,0.0,538547.63,538547.63,0.0,0.0,0,1,0.0,0,1,1
2341474.44,2341474.44,0.0,0.0,0.0,0.0,2341474.44,1,1,0.9999995729188601,1,1,1
63624.08,63624.08,0.0,0.0,0.0,0.0,63624.08,1,1,0.9999842829274243,1,1,1
376367.26,376367.26,0.0,0.0,0.0,0.0,376367.26,1,1,0.9999973430278101,1,1,1
365325.29,0.0,0.0,0.0,365325.29,-365325.29,0.0,0,1,365325.29,0,0,1
2395.29,2395.29,0.0,0.0,0.0,0.0,2395.29,1,1,0.9995826882389026,1,1,1
157610.11,157610.11,0.0,0.0,0.0,0.0,157610.11,1,1,0.9999936552696063,1,1,1
1298609.73,1298609.73,0.0,0.0,1298609.73,0.0,0.0,0,1,0.9999992299462981,0,1,1
13707.11,13707.11,0.0,0.0,13707.11,0.0,0.0,0,1,0.999927050483254,0,1,1
1857935.57,1857935.57,0.0,0.0,0.0,0.0,1857935.57,1,1,0.999999461768493,1,1,1
147186.94,147186.94,0.0,0.0,0.0,0.0,147186.94,1,1,0.9999932059651083,1,1,1
4602636.68,4602636.68,0.0,0.0,0.0,0.0,4602636.68,1,1,0.9999997827332783,1,1,1
1061353.33,1061353.33,0.0,0.0,0.0,0.0,1061353.33,1,1,0.9999990578075844,1,1,1
28308.97,28308.97,0.0,0.0,28308.97,0.0,0.0,0,1,0.9999646767552208,0,1,1
585396.14,585396.14,0.0,0.0,0.0,0.0,585396.14,1,1,0.999998291757968,1,1,1
1021129.67,1021129.67,0.0,0.0,0.0,0.0,1021129.67,1,1,0.9999990206934045,1,1,1
5624.02,5624.02,0.0,0.0,0.0,0.0,5624.02,1,1,0.9998222228543188,1,1,1
5388834.64,5388834.64,0.0,218151.69,5606986.33,0.0,0.0,0,1,0.999999814431156,0,1,1
21990.52,21990.52,0.0,0.0,21990.52,0.0,0.0,0,1,0.9999545279271282,0,1,1
1736804.93,1736804.93,0.0,4429087.44,6165892.37,0.0,0.0,0,1,0.999999424230432,0,1,1
286670.9,286670.9,0.0,1028298.11,1314969.01,0.0,0.0,0,1,0.9999965116915889,0,1,1
56125.55,56125.55,0.0,157761.5,213887.05,0.0,0.0,0,1,0.9999821831201098,0,1,1
219407.52,219407.52,0.0,0.0,0.0,0.0,219407.52,1,1,0.999995442291849,1,1,1
8267760.5,8267760.5,0.0,0.0,0.0,0.0,8267760.5,1,1,0.9999998790482768,1,1,1
2068118.36,2068118.36,0.0,3054285.45,5122403.81,0.0,9.313225746154785e-10,0,1,0.999999516468914,0,1,1
889.76,889.76,0.0,29138.76,30028.51,0.0,0.00999999999839929,0,1,0.9988773631505681,0,1,1
1398946.33,1398946.33,0.0,0.0,0.0,0.0,1398946.33,1,1,0.999999285176805,1,1,1
230430.65,0.0,0.0,0.0,230430.65,-230430.65,0.0,0,1,230430.65,0,0,1
8177.04,8177.04,0.0,842143.06,850320.1,0.0,1.1641532182693481e-10,0,1,0.9998777213121971,0,1,1
1764326.19,1764326.19,0.0,0.0,0.0,0.0,1764326.19,1,1,0.9999994332117049,1,1,1
3139423.35,3139423.35,0.0,2593641.94,5733065.29,0.0,0.0,0,1,0.999999681470267,0,1,1
847383.45,847383.45,0.0,1465042.43,2312425.88,0.0,0.0,0,1,0.9999988198980994,0,1,1
10000000.0,10000000.0,0.0,817443.72,10817443.72,0.0,0.0,0,1,0.99999990000001,0,1,1
841052.98,841052.98,0.0,0.0,0.0,0.0,841052.98,1,1,0.9999988110156734,1,1,1
1742012.06,1742012.06,0.0,0.0,0.0,0.0,1742012.06,1,1,0.9999994259514908,1,1,1
585511.14,585511.14,0.0,0.0,0.0,0.0,585511.14,1,1,0.9999982920934825,1,1,1
54583.71,54583.71,0.0,0.0,0.0,0.0,54583.71,1,1,0.9999816798513723,1,1,1
82504.16,82504.16,0.0,0.0,0.0,0.0,82504.16,1,1,0.9999878795459581,1,1,1
3490916.0,3490916.0,0.0,0.0,0.0,0.0,3490916.0,1,1,0.9999997135423156,1,1,1
152724.32,152724.32,0.0,0.0,152724.32,0.0,0.0,0,1,0.9999934522972354,0,1,1
511259.05,511259.05,0.0,0.0,0.0,0.0,511259.05,1,1,0.9999980440482295,1,1,1
58737.53,58737.53,0.0,887496.11,946233.64,0.0,0.0,0,1,0.9999829753996227,0,1,1
6515.64,6515.64,0.0,0.0,0.0,0.0,6515.64,1,1,0.9998465466866361,1,1,1
2984434.36,2984434.36,0.0,5498919.48,8483353.84,0.0,0.0,0,1,0.9999996649282429,0,1,1
252667.75,252667.75,0.0,0.0,0.0,0.0,252667.75,1,1,0.999996042248992,1,1,1
329424.14,329424.14,0.0,0.0,0.0,0.0,329424.14,1,1,0.9999969644089701,1,1,1
640648.06,640648.06,0.0,1714269.39,2354917.45,0.0,0.0,0,1,0.9999984390830137,0,1,1
333158.75,0.0,0.0,0.0,333158.75,-333158.75,0.0,0,1,333158.75,0,0,1
3178881.71,3178881.71,0.0,0.0,0.0,0.0,3178881.71,1,1,0.9999996854240653,1,1,1
219934.26,219934.26,0.0,0.0,0.0,0.0,219934.26,1,1,0.9999954532074575,1,1,1
254773.22,254773.22,0.0,0.0,0.0,0.0,254773.22,1,1,0.9999960749560926,1,1,1
456360.87,456360.87,0.0,17610403.76,18066764.63,0.0,3.725290298461914e-09,0,1,0.9999978087564589,0,1,1
125146.75,125146.75,0.0,0.0,0.0,0.0,125146.75,1,1,0.9999920094448362,1,1,1
200008.33,200008.33,0.0,0.0,0.0,0.0,200008.33,1,1,0.9999950002332392,1,1,1
174725.11,174725.11,0.0,4415446.47,4590171.58,0.0,0.0,0,1,0.9999942767569198,0,1,1
10000000.0,33441041.46,23441041.46,0.0,0.0,0.0,10000000.0,1,0,0.2990337401102657,1,1,1
396741.54,0.0,0.0,0.0,396741.54,-396741.54,0.0,0,1,396741.54,0,0,1
471906.6,471906.6,0.0,0.0,0.0,0.0,471906.6,1,1,0.9999978809410995,1,1,1
91655.26,91655.26,0.0,133662.97,225318.23,0.0,-2.9103830456733704e-11,0,1,0.999989089670471,0,1,1
530124.99,530124.99,0.0,0.0,0.0,0.0,530124.99,1,1,0.9999981136559631,1,1,1
77773.14,77773.14,0.0,0.0,0.0,0.0,77773.14,1,1,0.9999871422557678,1,1,1
84771.55,84771.55,0.0,0.0,0.0,0.0,84771.55,1,1,0.9999882037286834,1,1,1
1766811.07,1766811.07,0.0,0.0,0.0,0.0,1766811.07,1,1,0.9999994340088474,1,1,1
1595587.46,1595587.46,0.0,7519338.35,9114925.81,0.0,-1.862645149230957e-09,0,1,0.9999993732719776,0,1,1
619502.08,619502.08,0.0,4755457.2,5374959.28,0.0,0.0,0,1,0.9999983858030214,0,1,1
65365.11,65365.11,0.0,0.0,0.0,0.0,65365.11,1,1,0.9999847015525324,1,1,1
76960.91,76960.91,0.0,651807.74,728768.66,0.0,-0.010000000009313226,0,1,0.9999870065594786,0,1,1
3019699.77,3019699.77,0.0,523626.59,3543326.36,0.0,0.0,0,1,0.99999966884136,0,1,1
428685.51,0.0,0.0,0.0,428685.51,-428685.51,0.0,0,1,428685.51,0,0,1
5363795.31,5363795.31,0.0,0.0,0.0,0.0,5363795.31,1,1,0.9999998135648817,1,1,1
378527.71,378527.71,0.0,0.0,0.0,0.0,378527.71,1,1,0.9999973581924605,1,1,1
141586.27,141586.27,0.0,0.0,141586.27,0.0,0.0,0,1,0.9999929372181553,0,1,1
244814.12,244814.12,0.0,7106855.47,7351669.59,0.0,0.0,0,1,0.999995915284971,0,1,1
142336.65,142336.65,0.0,267803.17,410139.82,0.0,-5.820766091346741e-11,0,1,0.9999929744519458,0,1,1
407833.62,407833.62,0.0,0.0,0.0,0.0,407833.62,1,1,0.9999975480257169,1,1,1
732198.35,732198.35,0.0,673285.12,1405483.47,0.0,0.0,0,1,0.999998634251724,0,1,1
199414.45,199414.45,0.0,0.0,0.0,0.0,199414.45,1,1,0.9999949853434125,1,1,1
4120.14,4120.14,0.0,0.0,4120.14,0.0,0.0,0,1,0.9997573486947786,0,1,1
232565.37,232565.37,0.0,0.0,0.0,0.0,232565.37,1,1,0.9999957001521759,1,1,1
781.93,781.93,0.0,0.0,0.0,0.0,781.93,1,1,0.9987227466056992,1,1,1
167067.78,167067.78,0.0,0.0,0.0,0.0,167067.78,1,1,0.9999940144412379,1,1,1
10000000.0,37418265.31,27418265.31,0.0,0.0,3.725290298461914e-09,10000000.0,1,0,0.2672491535859188,1,1,1
98099.07,98099.07,0.0,0.0,98099.07,0.0,0.0,0,1,0.9999898063273553,0,1,1
29707.86,29707.86,0.0,0.0,0.0,0.0,29707.86,1,1,0.999966340007661,1,1,1
3712.11,3712.11,0.0,0.0,0.0,0.0,3712.11,1,1,0.9997306839818912,1,1,1
3285475.4,3285475.4,0.0,0.0,0.0,0.0,3285475.4,1,1,0.9999996956301376,1,1,1
1246169.57,1246169.57,0.0,4197204.09,5443373.66,0.0,0.0,0,1,0.9999991975416335,0,1,1
298754.96,298754.96,0.0,1865811.93,2164566.89,0.0,0.0,0,1,0.9999966527864415,0,1,1
1132311.86,1132311.86,0.0,0.0,0.0,0.0,1132311.86,1,1,0.9999991168518566,1,1,1
2581549.92,2581549.92,0.0,0.0,0.0,0.0,2581549.92,1,1,0.9999996126359576,1,1,1
179997.78,179997.78,0.0,0.0,0.0,0.0,179997.78,1,1,0.9999944444067899,1,1,1
1499869.54,1499869.54,0.0,0.0,0.0,0.0,1499869.54,1,1,0.9999993332757906,1,1,1
567729.52,567729.52,0.0,365798.0,933527.51,0.0,0.010000000009313226,0,1,0.9999982386009475,0,1,1
4160888.06,4160888.06,0.0,0.0,0.0,0.0,4160888.06,1,1,0.9999997596667478,1,1,1
967954.01,967954.01,0.0,0.0,0.0,0.0,967954.01,1,1,0.9999989668941328,1,1,1
297846.16,297846.16,0.0,0.0,0.0,0.0,297846.16,1,1,0.9999966425733252,1,1,1
81814.51,81814.51,0.0,203160.15,284974.66,0.0,0.0,0,1,0.9999877773786413,0,1,1
10000000.0,10000000.0,0.0,332983.03,10332983.03,0.0,0.0,0,1,0.99999990000001,0,1,1
2815.61,2815.61,0.0,64348.28,67163.9,0.0,-0.00999999999476131,0,1,0.9996449632714505,0,1,1
28636.24,28636.24,0.0,24561.4,53197.64,0.0,0.0,0,1,0.999965080433729,0,1,1
69039.64,69039.64,0.0,983882.79,1052922.43,0.0,0.0,0,1,0.999985515777374,0,1,1
457359.64,457359.64,0.0,0.0,0.0,0.0,457359.64,1,1,0.9999978135416288,1,1,1
372703.48,372703.48,0.0,0.0,0.0,0.0,372703.48,1,1,0.9999973169090964,1,1,1
633384.46,633384.46,0.0,0.0,633384.46,0.0,0.0,0,1,0.9999984211825765,0,1,1
79594.91,79594.91,0.0,0.0,0.0,0.0,79594.91,1,1,0.9999874365403951,1,1,1
206985.26,206985.26,0.0,0.0,0.0,0.0,206985.26,1,1,0.9999951687614433,1,1,1
19016.22,19016.22,0.0,9347999.52,9367015.74,0.0,0.0,0,1,0.9999474160786908,0,1,1
1258818.82,1258818.82,0.0,0.0,0.0,0.0,1258818.82,1,1,0.9999992056051358,1,1,1
418871.89,418871.89,0.0,134286.38,553158.26,0.0,0.010000000009313226,0,1,0.9999976126409136,0,1,1
4525901.25,4525901.25,0.0,0.0,0.0,0.0,4525901.25,1,1,0.9999997790495807,1,1,1
1621056.88,1621056.88,0.0,511091.84,2132148.72,0.0,-4.656612873077393e-10,0,1,0.9999993831188804,0,1,1
30674.98,30674.98,0.0,326371.7,357046.68,0.0,0.0,0,1,0.9999674012044603,0,1,1
2231.46,2231.46,0.0,0.0,2231.46,0.0,0.0,0,1,0.9995520636427976,0,1,1
79039.81,79039.81,0.0,0.0,0.0,0.0,79039.81,1,1,0.9999873483077919,1,1,1
822361.52,822361.52,0.0,0.0,0.0,0.0,822361.52,1,1,0.9999987839912743,1,1,1
5658123.36,5658123.36,0.0,1094471.2,6752594.56,0.0,9.313225746154785e-10,0,1,0.9999998232629868,0,1,1
107351.33,107351.33,0.0,0.0,0.0,0.0,107351.33,1,1,0.9999906848784744,1,1,1
667257.72,667257.72,0.0,0.0,0.0,0.0,667257.72,1,1,0.999998501330938,1,1,1
48442.88,48442.88,0.0,0.0,0.0,0.0,48442.88,1,1,0.9999793575576523,1,1,1
340936.99,340936.99,0.0,0.0,0.0,0.0,340936.99,1,1,0.9999970669153062,1,1,1
3043141.07,3043141.07,0.0,112602.16,3155743.23,0.0,0.0,0,1,0.9999996713922725,0,1,1
133632.24,133632.24,0.0,71836828.02,71970460.27,0.0,-0.01000000536441803,0,1,0.99999251683189,0,1,1
658637.38,658637.38,0.0,0.0,658637.38,0.0,0.0,0,1,0.9999984817161733,0,1,1
227955.85,227955.85,0.0,0.0,0.0,0.0,227955.85,1,1,0.9999956132048675,1,1,1
8186519.17,8186519.17,0.0,0.0,0.0,0.0,8186519.17,1,1,0.9999998778479771,1,1,1
100433.21,100433.21,0.0,1935472.98,2035906.19,0.0,0.0,0,1,0.9999900432332768,0,1,1
2216703.82,2216703.82,0.0,643300.2,2860004.01,0.0,0.009999999776482582,0,1,0.9999995488799451,0,1,1
75659.33,75659.33,0.0,0.0,0.0,0.0,75659.33,1,1,0.999986783034121,1,1,1
1262207.3,1262207.3,0.0,0.0,0.0,0.0,1262207.3,1,1,0.9999992077377403,1,1,1
203874.62,203874.62,0.0,472690.19,676564.81,0.0,0.0,0,1,0.999995095048638,0,1,1
5963850.34,5963850.34,0.0,224597.16,6188447.5,0.0,0.0,0,1,0.9999998323231175,0,1,1
212028.15,212028.15,0.0,0.0,0.0,0.0,212028.15,1,1,0.9999952836673637,1,1,1
9977761.05,9977761.05,0.0,0.0,0.0,0.0,9977761.05,1,1,0.9999998997771249,1,1,1
653151.55,653151.55,0.0,47452.25,700603.81,0.0,-0.010000000009313226,0,1,0.9999984689641034,0,1,1
20278.62,20278.62,0.0,0.0,0.0,0.0,20278.62,1,1,0.99995068941134,1,1,1
107320.81,107320.81,0.0,0.0,0.0,0.0,107320.81,1,1,0.9999906822294555,1,1,1
196385.55,196385.55,0.0,0.0,0.0,0.0,196385.55,1,1,0.9999949080015917,1,1,1
601222.02,601222.02,0.0,0.0,0.0,0.0,601222.02,1,1,0.9999983367237003,1,1,1
915672.67,915672.67,0.0,999821.05,1915493.72,0.0,2.3283064365386963e-10,0,1,0.9999989079078795,0,1,1
1306690.61,1306690.61,0.0,108351.28,1415041.89,0.0,2.3283064365386963e-10,0,1,0.9999992347084864,0,1,1
181588.3,181588.3,0.0,0.0,0.0,0.0,181588.3,1,1,0.9999944930675981,1,1,1
3567795.25,3567795.25,0.0,0.0,0.0,0.0,3567795.25,1,1,0.9999997197149361,1,1,1
819503.92,819503.92,0.0,0.0,0.0,0.0,819503.92,1,1,0.9999987797510721,1,1,1
2911505.23,2911505.23,0.0,0.0,0.0,0.0,2911505.23,1,1,0.9999996565351673,1,1,1
1649818.97,1649818.97,0.0,0.0,0.0,0.0,1649818.97,1,1,0.99999939387326,1,1,1
1240717.75,1240717.75,0.0,144986.76,1385704.52,0.0,-0.010000000009313226,0,1,0.9999991940155656,0,1,1
166271.16,166271.16,0.0,0.0,0.0,0.0,166271.16,1,1,0.999993985764063,1,1,1
296349.8,296349.8,0.0,0.0,296349.8,0.0,0.0,0,1,0.9999966256207171,0,1,1
387952.42,387952.42,0.0,0.0,0.0,0.0,387952.42,1,1,0.999997422370964,1,1,1
36359.57,36359.57,0.0,0.0,0.0,0.0,36359.57,1,1,0.9999724976808669,1,1,1
1812161.42,1812161.42,0.0,0.0,1812161.42,0.0,0.0,0,1,0.9999994481730837,0,1,1
835770.84,835770.84,0.0,1490979.17,2326750.01,0.0,0.0,0,1,0.9999988035012044,0,1,1
5807351.83,5807351.83,0.0,0.0,0.0,0.0,5807351.83,1,1,0.9999998278045041,1,1,1
10000000.0,10000000.0,0.0,339202.58,10339202.58,0.0,0.0,0,1,0.99999990000001,0,1,1
127905.82,127905.82,0.0,0.0,127905.82,0.0,0.0,0,1,0.9999921818086009,0,1,1
177137.79,177137.79,0.0,496799.27,673937.06,0.0,0.0,0,1,0.9999943547090956,0,1,1
492896.75,492896.75,0.0,10420895.1,10913791.86,0.0,-0.009999999776482582,0,1,0.9999979711816498,0,1,1
14343.03,14343.03,0.0,2842416.71,2856759.75,0.0,-0.01000000024214387,0,1,0.9999302845852943,0,1,1
366084.76,0.0,0.0,0.0,366084.76,-366084.76,0.0,0,1,366084.76,0,0,1
904338.88,904338.88,0.0,0.0,0.0,0.0,904338.88,1,1,0.9999988942210533,1,1,1
1411271.23,1411271.23,0.0,0.0,0.0,0.0,1411271.23,1,1,0.9999992914194875,1,1,1
329937.88,329937.88,0.0,0.0,0.0,0.0,329937.88,1,1,0.9999969691356169,1,1,1
1218165.88,1218165.88,0.0,742564.27,1960730.15,0.0,0.0,0,1,0.999999179094411,0,1,1
321241.84,321241.84,0.0,0.0,321241.84,0.0,0.0,0,1,0.9999968870901528,0,1,1
115085.31,115085.31,0.0,0.0,0.0,0.0,115085.31,1,1,0.9999913108692077,1,1,1
1275236.3,1275236.3,0.0,10656.62,1285892.92,0.0,2.3283064365386963e-10,0,1,0.999999215832222,0,1,1
824841.09,824841.09,0.0,0.0,0.0,0.0,824841.09,1,1,0.9999987876467361,1,1,1
676913.69,676913.69,0.0,0.0,0.0,0.0,676913.69,1,1,0.9999985227089694,1,1,1
286835.21,286835.21,0.0,1678767.02,1965602.23,0.0,0.0,0,1,0.9999965136898162,0,1,1
2625132.51,2625132.51,0.0,0.0,0.0,0.0,2625132.51,1,1,0.9999996190669936,1,1,1
174296.71,174296.71,0.0,0.0,0.0,0.0,174296.71,1,1,0.9999942626899688,1,1,1
219300.76,219300.76,0.0,0.0,0.0,0.0,219300.76,1,1,0.9999954400730756,1,1,1
65488.05,65488.05,0.0,0.0,0.0,0.0,65488.05,1,1,0.9999847302717019,1,1,1
164502.06,164502.06,0.0,252850.62,417352.68,0.0,0.0,0,1,0.9999939210857233,0,1,1
61856.83,61856.83,0.0,0.0,61856.83,0.0,0.0,0,1,0.9999838338978266,0,1,1
10000000.0,10000000.0,0.0,316753.92,10316753.92,0.0,0.0,0,1,0.99999990000001,0,1,1
306675.37,306675.37,0.0,0.0,0.0,0.0,306675.37,1,1,0.9999967392336097,1,1,1
362152.77,362152.77,0.0,282809.47,644962.23,0.0,0.010000000009313226,0,1,0.9999972387419852,0,1,1
10000000.0,11912961.16,1912961.16,0.0,0.0,2.3283064365386963e-10,10000000.0,1,0,0.839421788275033,1,1,1
6501303.14,6501303.14,0.0,0.0,0.0,0.0,6501303.14,1,1,0.9999998461847072,1,1,1
594229.77,594229.77,0.0,0.0,0.0,0.0,594229.77,1,1,0.9999983171521057,1,1,1
1097309.24,1097309.24,0.0,0.0,0.0,0.0,1097309.24,1,1,0.9999990886806999,1,1,1
5049594.33,5049594.33,0.0,0.0,0.0,0.0,5049594.33,1,1,0.9999998019643289,1,1,1
1540624.7,1540624.7,0.0,78012.35,1618637.05,0.0,0.0,0,1,0.9999993509130738,0,1,1
455014.69,455014.69,0.0,0.0,0.0,0.0,455014.69,1,1,0.9999978022735876,1,1,1
3425386.69,3425386.69,0.0,0.0,3425386.69,0.0,0.0,0,1,0.9999997080622427,0,1,1
51725.86,51725.86,0.0,0.0,0.0,0.0,51725.86,1,1,0.999980667684062,1,1,1
351843.08,351843.08,0.0,0.0,0.0,0.0,351843.08,1,1,0.9999971578319579,1,1,1
182666.85,182666.85,0.0,51743.92,234410.77,0.0,2.9103830456733704e-11,0,1,0.9999945255829091,0,1,1
25819.42,25819.42,0.0,0.0,0.0,0.0,25819.42,1,1,0.9999612709630594,1,1,1
74177.92,74177.92,0.0,79018.51,153196.43,0.0,0.0,0,1,0.9999865190811621,0,1,1
290090.57,290090.57,0.0,2000395.18,2290485.75,0.0,0.0,0,1,0.999996552812617,0,1,1
21418.86,21418.86,0.0,0.0,0.0,0.0,21418.86,1,1,0.9999533143540621,1,1,1
37065.55,37065.55,0.0,1396327.66,1433393.21,0.0,0.0,0,1,0.9999730214978194,0,1,1
545780.7,545780.7,0.0,0.0,545780.7,0.0,0.0,0,1,0.9999981677656103,0,1,1
615954.92,615954.92,0.0,3271323.95,3887278.88,0.0,-0.009999999776482582,0,1,0.999998376507202,0,1,1
871745.76,871745.76,0.0,0.0,0.0,0.0,871745.76,1,1,0.9999988528778702,1,1,1
72782.82,72782.82,0.0,0.0,0.0,0.0,72782.82,1,1,0.9999862606826627,1,1,1
50722.16,50722.16,0.0,0.0,0.0,0.0,50722.16,1,1,0.9999802851399637,1,1,1
967153.5,967153.5,0.0,0.0,0.0,0.0,967153.5,1,1,0.9999989660390352,1,1,1
203119.08,203119.08,0.0,0.0,0.0,0.0,203119.08,1,1,0.9999950768038295,1,1,1
262678.53,262678.53,0.0,577129.04,839807.57,0.0,1.1641532182693481e-10,0,1,0.9999961930798338,0,1,1
10000000.0,10000000.0,0.0,0.0,10000000.0,0.0,0.0,0,1,0.99999990000001,0,1,1
667257.72,667257.72,0.0,0.0,667257.72,0.0,0.0,0,1,0.999998501330938,0,1,1
99804.21,99804.21,0.0,77105.84,176910.05,0.0,0.0,0,1,0.9999899804829828,0,1,1
74854.93,74854.93,0.0,0.0,0.0,0.0,74854.93,1,1,0.9999866410049277,1,1,1
123259.24,123259.24,0.0,0.0,0.0,0.0,123259.24,1,1,0.9999918870837831,1,1,1
7240965.96,7240965.96,0.0,0.0,7240965.96,0.0,0.0,0,1,0.9999998618968978,0,1,1
1390048.67,1390048.67,0.0,167999.27,1558047.94,0.0,0.0,0,1,0.9999992806012464,0,1,1
1961426.59,1961426.59,0.0,0.0,0.0,0.0,1961426.59,1,1,0.9999994901672613,1,1,1
2000718.2,2000718.2,0.0,10984451.39,12985169.59,0.0,0.0,0,1,0.9999995001797354,0,1,1
423660.73,423660.73,0.0,0.0,423660.73,0.0,0.0,0,1,0.9999976396263123,0,1,1
239095.53,239095.53,0.0,0.0,0.0,0.0,239095.53,1,1,0.9999958175888207,1,1,1
266836.35,266836.35,0.0,0.0,0.0,0.0,266836.35,1,1,0.999996252398699,1,1,1
3178881.71,3178881.71,0.0,0.0,3178881.71,0.0,0.0,0,1,0.9999996854240653,0,1,1
548161.93,548161.93,0.0,443736.12,991898.05,0.0,0.0,0,1,0.9999981757248707,0,1,1
152372.18,152372.18,0.0,285322.83,437695.01,0.0,0.0,0,1,0.9999934371652545,0,1,1
37357.32,37357.32,0.0,0.0,37357.32,0.0,0.0,0,1,0.9999732322010197,0,1,1
6498297.7,6498297.7,0.0,103810.91,6602108.61,0.0,0.0,0,1,0.9999998461135682,0,1,1
1277212.77,1277212.77,0.0,0.0,2444985.19,0.0,-1167772.42,0,1,0.9999992170457104,0,1,1
256705.68,256705.68,0.0,0.0,256705.68,0.0,0.0,0,1,0.9999961045033966,0,1,1
241337.83,241337.83,0.0,0.0,0.0,0.0,241337.83,1,1,0.9999958564479657,1,1,1
1030417.74,1030417.74,0.0,0.0,0.0,0.0,1030417.74,1,1,0.9999990295207558,1,1,1
310712.71,310712.71,0.0,0.0,0.0,0.0,310712.71,1,1,0.9999967816032321,1,1,1
64344.59,64344.59,0.0,0.0,64344.59,0.0,0.0,0,1,0.9999844589194069,0,1,1
10000000.0,10000000.0,0.0,0.0,10000000.0,0.0,0.0,0,1,0.99999990000001,0,1,1
59835.0,59835.0,0.0,0.0,0.0,0.0,59835.0,1,1,0.999983287652918,1,1,1
705647.68,705647.68,0.0,0.0,705647.68,0.0,0.0,0,1,0.9999985828642094,0,1,1
89657.36,89657.36,0.0,4157080.36,4246737.72,0.0,0.0,0,1,0.9999888465503942,0,1,1
785323.0,785323.0,0.0,0.0,0.0,0.0,785323.0,1,1,0.9999987266402147,1,1,1
1798215.73,1798215.73,0.0,404840.02,2203055.75,0.0,0.0,0,1,0.9999994438935067,0,1,1
5979556.06,5979556.06,0.0,0.0,5979556.06,0.0,0.0,0,1,0.9999998327635324,0,1,1
9168747.51,9168747.51,0.0,0.0,0.0,0.0,9168747.51,1,1,0.999999890933861,1,1,1
284502.95,0.0,0.0,0.0,284502.95,-284502.95,0.0,0,1,284502.95,0,0,1
1398633.34,1398633.34,0.0,0.0,0.0,0.0,1398633.34,1,1,0.9999992850168401,1,1,1
175597.64,175597.64,0.0,376762.66,552360.3,0.0,0.0,0,1,0.9999943051950744,0,1,1
75708.87,75708.87,0.0,4816.38,80525.25,0.0,0.0,0,1,0.9999867916825111,0,1,1
96989.06,96989.06,0.0,1112486.16,1209475.22,0.0,0.0,0,1,0.9999896896651059,0,1,1
262434.54,262434.54,0.0,0.0,0.0,0.0,262434.54,1,1,0.9999961895404867,1,1,1
167060.63,167060.63,0.0,890774.84,1057835.47,0.0,0.0,0,1,0.9999940141850645,0,1,1
385556.82,385556.82,0.0,0.0,0.0,0.0,385556.82,1,1,0.9999974063552907,1,1,1
1810044.85,1810044.85,0.0,0.0,0.0,0.0,1810044.85,1,1,0.9999994475278071,1,1,1
1253358.42,1253358.42,0.0,8398499.24,9651857.66,0.0,0.0,0,1,0.999999202144266,0,1,1
239095.53,239095.53,0.0,65367.32,304462.85,0.0,0.0,0,1,0.9999958175888207,0,1,1
28308.97,28308.97,0.0,0.0,0.0,0.0,28308.97,1,1,0.9999646767552208,1,1,1
3671853.86,3671853.86,0.0,0.0,0.0,0.0,3671853.86,1,1,0.9999997276580807,1,1,1
131597.73,131597.73,0.0,0.0,0.0,0.0,131597.73,1,1,0.999992401142473,0,1,1
2806.0,2806.0,0.0,0.0,0.0,0.0,2806.0,1,1,0.9996437477734236,1,1,1
360688.3,360688.3,0.0,0.0,360688.3,0.0,0.0,0,1,0.9999972275307307,0,1,1
72878.02,72878.02,0.0,0.0,0.0,0.0,72878.02,1,1,0.9999862786299816,1,1,1
1651948.79,1651948.79,0.0,1014365.76,2666314.55,0.0,0.0,0,1,0.999999394654725,0,1,1
432254.84,432254.84,0.0,1300115.81,1732370.65,0.0,2.3283064365386963e-10,0,1,0.9999976865552586,0,1,1
1272493.9,1272493.9,0.0,0.0,0.0,0.0,1272493.9,1,1,0.9999992141422335,1,1,1
2925859.58,2925859.58,0.0,148038.26,3073897.84,0.0,0.0,0,1,0.999999658220215,0,1,1
24773.86,24773.86,0.0,11003181.73,11027955.59,0.0,0.0,0,1,0.9999596365024868,0,1,1
115881.21,115881.21,0.0,4774288.04,4890169.26,0.0,-0.009999999776482582,0,1,0.9999913705477311,0,1,1
248242.32,248242.32,0.0,0.0,0.0,0.0,248242.32,1,1,0.9999959716942233,1,1,1
148305.3,148305.3,0.0,0.0,0.0,0.0,148305.3,1,1,0.9999932571981096,1,1,1
45271.85,45271.85,0.0,0.0,0.0,0.0,45271.85,1,1,0.9999779117064642,1,1,1
98692.72,98692.72,0.0,67599.16,166291.88,0.0,0.0,0,1,0.9999898676430476,0,1,1
9345700.07,9345700.07,0.0,0.0,0.0,0.0,9345700.07,1,1,0.9999998929989315,1,1,1
93708.08,93708.08,0.0,0.0,0.0,0.0,93708.08,1,1,0.9999893286755136,1,1,1
7435751.59,7435751.59,0.0,0.0,0.0,0.0,7435751.59,1,1,0.9999998655146217,1,1,1
1129884.18,1129884.18,0.0,510421.5,1640305.68,0.0,0.0,0,1,0.9999991149543177,0,1,1
167806.93,167806.93,0.0,0.0,167806.93,0.0,0.0,0,1,0.9999940408060572,0,1,1
10000000.0,10000000.0,0.0,358443.32,10358443.32,0.0,0.0,0,1,0.99999990000001,0,1,1
428174.7,428174.7,0.0,63746.81,491921.52,0.0,-0.010000000009313226,0,1,0.9999976645101532,0,1,1
642364.74,642364.74,0.0,0.0,0.0,0.0,642364.74,1,1,0.9999984432544612,1,1,1
1732090.28,1732090.28,0.0,0.0,0.0,0.0,1732090.28,1,1,0.9999994226632213,1,1,1
114889.61,114889.61,0.0,668801.8,783691.4,0.0,0.010000000009313226,0,1,0.999991296068495,0,1,1
1263340.66,1263340.66,0.0,4780628.29,6043968.95,0.0,0.0,0,1,0.9999992084484889,0,1,1
10000000.0,10000000.0,0.0,2160858.93,12160858.93,0.0,0.0,0,1,0.99999990000001,0,1,1
1693962.01,1693962.01,0.0,0.0,0.0,0.0,1693962.01,1,1,0.9999994096683374,1,1,1
918087.96,918087.96,0.0,0.0,0.0,0.0,918087.96,1,1,0.9999989107809335,1,1,1
492896.75,492896.75,0.0,0.0,0.0,0.0,492896.75,1,1,0.9999979711816498,1,1,1
217231.0,217231.0,0.0,0.0,0.0,0.0,217231.0,1,1,0.999995396626648,1,1,1
1989311.31,1989311.31,0.0,0.0,0.0,0.0,1989311.31,1,1,0.9999994973137224,1,1,1
1424002.7,1424002.7,0.0,0.0,0.0,0.0,1424002.7,1,1,0.9999992977546337,1,1,1
1650168.9,1650168.9,0.0,3023206.41,4673375.3,0.0,0.010000000707805157,0,1,0.9999993940017934,0,1,1
10000000.0,50399045.08,40399045.08,0.0,0.0,0.0,10000000.0,1,0,0.19841645383777073,1,1,1
172344.3,172344.3,0.0,0.0,172344.3,0.0,0.0,0,1,0.9999941976949763,0,1,1
448025.06,448025.06,0.0,71679.93,519704.99,0.0,0.0,0,1,0.9999977679869783,0,1,1
362631.05,362631.05,0.0,31491.56,394122.61,0.0,0.0,0,1,0.9999972423838434,0,1,1
1468304.35,1468304.35,0.0,0.0,1468304.35,0.0,0.0,0,1,0.9999993189427526,0,1,1
39379.45,39379.45,0.0,0.0,0.0,0.0,39379.45,1,1,0.9999746066893598,1,1,1
299016.86,299016.86,0.0,0.0,0.0,0.0,299016.86,1,1,0.9999966557181568,1,1,1
44571.94,44571.94,0.0,11984.0,0.0,0.0,56555.94,0,1,0.9999775648633453,0,1,1
797710.8,797710.8,0.0,0.0,0.0,0.0,797710.8,1,1,0.9999987464144319,1,1,1
1827209.07,1827209.07,0.0,944687.45,2771896.52,0.0,0.0,0,1,0.9999994527175521,0,1,1
98086.09,98086.09,0.0,0.0,0.0,0.0,98086.09,1,1,0.9999898049784125,1,1,1
59127.34,59127.34,0.0,17207.02,76334.36,0.0,0.0,0,1,0.9999830876361487,0,1,1
10000000.0,10000000.0,0.0,211048.11,10211048.11,0.0,0.0,0,1,0.99999990000001,0,1,1
172915.56,172915.56,0.0,0.0,0.0,0.0,172915.56,1,1,0.9999942168639024,1,1,1
6250438.78,6250438.78,0.0,0.0,0.0,0.0,6250438.78,1,1,0.9999998400112575,1,1,1
4672401.04,4672401.04,0.0,0.0,0.0,0.0,4672401.04,1,1,0.9999997859773214,1,1,1
135845.3,135845.3,0.0,448088.56,583933.86,0.0,0.0,0,1,0.9999926387395166,0,1,1
834592.4,834592.4,0.0,0.0,0.0,0.0,834592.4,1,1,0.9999988018117565,1,1,1
4364760.42,4364760.42,0.0,91395.98,4456156.41,0.0,-0.009999999776482582,0,1,0.9999997708924031,0,1,1
185510.21,185510.21,0.0,0.0,185510.21,0.0,0.0,0,1,0.9999946094901758,0,1,1
306691.05,306691.05,0.0,0.0,0.0,0.0,306691.05,1,1,0.9999967394003203,1,1,1
261742.96,261742.96,0.0,202735.19,464478.14,0.0,0.010000000009313226,0,1,0.9999961794724891,0,1,1
50523.78,50523.78,0.0,0.0,0.0,0.0,50523.78,1,1,0.9999802077317308,1,1,1
1023189.9,1023189.9,0.0,66259.25,1089449.14,0.0,0.010000000009313226,0,1,0.999999022665272,0,1,1
63624.08,63624.08,0.0,0.0,63624.08,0.0,0.0,0,1,0.9999842829274243,0,1,1
99168.97,99168.97,0.0,0.0,0.0,0.0,99168.97,1,1,0.9999899163022838,1,1,1
799123.57,799123.57,0.0,5474293.01,6273416.58,0.0,0.0,0,1,0.9999987486306422,0,1,1
122235.11,122235.11,0.0,0.0,0.0,0.0,122235.11,1,1,0.9999918191113902,1,1,1
1266752.6,1266752.6,0.0,0.0,0.0,0.0,1266752.6,1,1,0.9999992105804949,1,1,1
405062.33,405062.33,0.0,0.0,0.0,0.0,405062.33,1,1,0.9999975312502368,1,1,1
455709.8,455709.8,0.0,46498.39,502208.18,0.0,0.010000000009313226,0,1,0.9999978056258487,0,1,1
413132.18,0.0,0.0,0.0,413132.18,-413132.18,0.0,0,1,413132.18,0,0,1
1892137.66,1892137.66,0.0,200578.99,2092716.65,0.0,0.0,0,1,0.9999994714975065,0,1,1
1425062.97,1425062.97,0.0,0.0,0.0,0.0,1425062.97,1,1,0.9999992982771152,1,1,1
7696836.35,7696836.35,0.0,180993.45,7877829.8,0.0,0.0,0,1,0.9999998700765061,0,1,1
4672401.04,4672401.04,0.0,13043.09,4685444.13,0.0,0.0,0,1,0.9999997859773214,0,1,1
9207.38,9207.38,0.0,0.0,9207.38,0.0,0.0,0,1,0.9998914032652866,0,1,1
230652.43,230652.43,0.0,55063.86,285716.3,0.0,-0.010000000009313226,0,1,0.9999956644910939,0,1,1
1842.0,1842.0,0.0,0.0,0.0,0.0,1842.0,1,1,0.9994574064026045,1,1,1
3138.25,3138.25,0.0,249297.18,252435.43,0.0,0.0,0,1,0.9996814525762523,0,1,1
3879669.76,3879669.76,0.0,621931.51,4501601.27,0.0,0.0,0,1,0.9999997422461694,0,1,1
766631.82,766631.82,0.0,0.0,0.0,0.0,766631.82,1,1,0.9999986955945872,1,1,1
781988.85,781988.85,0.0,0.0,0.0,0.0,781988.85,1,1,0.9999987212110234,1,1,1
49199.2,49199.2,0.0,0.0,49199.2,0.0,0.0,0,1,0.9999796748793705,0,1,1
46073.56,46073.56,0.0,1962.98,48036.54,0.0,0.0,0,1,0.9999782960488391,0,1,1
400758.85,400758.85,0.0,2210854.46,4090444.07,0.0,-1478830.7599999998,0,1,0.9999975047400582,0,1,1
25529.76,25529.76,0.0,9798.98,35328.74,0.0,0.0,0,1,0.9999608315616143,0,1,1
830495.23,830495.23,0.0,4314942.61,5145437.83,0.0,0.009999999776482582,0,1,0.9999987959006147,0,1,1
277655.1,0.0,0.0,0.0,277655.1,-277655.1,0.0,0,1,277655.1,0,0,1
29174.8,29174.8,0.0,4093.57,33268.36,0.0,0.010000000002037268,0,1,0.9999657250186799,0,1,1
7983958.34,7983958.34,0.0,0.0,0.0,0.0,7983958.34,1,1,0.9999998747488611,1,1,1
1350574.58,1350574.58,0.0,2925591.98,4276166.57,0.0,-0.009999999776482582,0,1,0.9999992595749436,0,1,1
1232013.7,1232013.7,0.0,0.0,1232013.7,0.0,0.0,0,1,0.9999991883213731,0,1,1
633384.46,633384.46,0.0,0.0,0.0,0.0,633384.46,1,1,0.9999984211825765,1,1,1
1177100.83,1177100.83,0.0,0.0,1177100.83,0.0,0.0,0,1,0.9999991504558275,0,1,1
443893.69,443893.69,0.0,3118325.8,3562219.49,0.0,-4.656612873077393e-10,0,1,0.9999977472134213,0,1,1
222694.08,222694.08,0.0,0.0,222694.08,0.0,0.0,0,1,0.9999955095550382,0,1,1
1498296.47,1498296.47,0.0,13349963.73,14848260.19,0.0,0.010000001639127731,0,1,0.9999993325757935,0,1,1
262960.23,262960.23,0.0,0.0,0.0,0.0,262960.23,1,1,0.9999961971580373,1,1,1
21738.98,21738.98,0.0,0.0,21738.98,0.0,0.0,0,1,0.9999540017976097,0,1,1
16182.7,16182.7,0.0,0.0,16182.7,0.0,0.0,0,1,0.999938209432948,0,1,1
4309298.47,4309298.47,0.0,0.0,0.0,0.0,4309298.47,1,1,0.999999767943721,1,1,1
9585040.37,19585040.37,19585040.37,0.0,0.0,-9585040.37,9585040.37,1,0,0.4894061844915061,1,1,1
267564.83,267564.83,0.0,0.0,0.0,0.0,267564.83,1,1,0.9999962626019921,1,1,1
1070031.6,1070031.6,0.0,8950696.17,10020727.77,0.0,0.0,0,1,0.9999990654490339,0,1,1
6199009.0,6199009.0,0.0,0.0,0.0,0.0,6199009.0,1,1,0.9999998386839188,1,1,1
20278.62,20278.62,0.0,12454.77,32733.39,0.0,0.0,0,1,0.99995068941134,0,1,1
451663.55,451663.55,0.0,0.0,0.0,0.0,451663.55,1,1,0.999997785967484,1,1,1
2871898.5,2871898.5,0.0,0.0,0.0,0.0,2871898.5,1,1,0.9999996517984003,1,1,1
126715.84,126715.84,0.0,273157.93,399873.77,0.0,0.0,0,1,0.9999921083890665,0,1,1
6029387.26,6029387.26,0.0,662435.69,6691822.95,0.0,-9.313225746154785e-10,0,1,0.9999998341456949,0,1,1
106850.22,106850.22,0.0,225081.54,331931.76,0.0,0.0,0,1,0.9999906411924918,0,1,1
577301.73,577301.73,0.0,0.0,0.0,0.0,577301.73,1,1,0.9999982678065631,1,1,1
147649.37,147649.37,0.0,1276920.56,1424569.93,0.0,2.3283064365386963e-10,0,1,0.9999932272435214,0,1,1
112835.43,112835.43,0.0,857193.78,970029.21,0.0,0.0,0,1,0.9999911376139781,0,1,1
465498.74,465498.74,0.0,3709348.65,4174847.39,0.0,-4.656612873077393e-10,0,1,0.999997851771088,0,1,1
436317.49,436317.49,0.0,195948.3,632265.79,0.0,0.0,0,1,0.999997708096212,0,1,1
10000000.0,15999376.79,5999376.79,0.0,0.0,-9.313225746154785e-10,10000000.0,1,0,0.6250243060233407,1,1,1
854550.85,854550.85,0.0,186808.48,1041359.33,0.0,0.0,0,1,0.9999988297959919,0,1,1
1385945.61,1385945.61,0.0,0.0,0.0,0.0,1385945.61,1,1,0.9999992784714845,1,1,1
2477661.97,2477661.97,0.0,25166.02,2502828.0,0.0,-0.009999999776482582,0,1,0.9999995963938549,0,1,1
975389.94,975389.94,0.0,0.0,0.0,0.0,975389.94,1,1,0.9999989747700547,1,1,1
1028284.82,1028284.82,0.0,0.0,0.0,0.0,1028284.82,1,1,0.999999027507741,1,1,1
905919.58,905919.58,0.0,0.0,0.0,0.0,905919.58,1,1,0.9999988961504771,1,1,1
212130.67,212130.67,0.0,0.0,0.0,0.0,212130.67,1,1,0.9999952859466953,1,1,1
60274.87,60274.87,0.0,7246746.56,7307021.43,0.0,0.0,0,1,0.9999834096131669,0,1,1
264286.19,264286.19,0.0,714984.86,979271.04,0.0,0.010000000009313226,0,1,0.9999962162373439,0,1,1
355969.72,355969.72,0.0,0.0,0.0,0.0,355969.72,1,1,0.9999971907801856,1,1,1
636.0,636.0,0.0,0.0,636.0,0.0,0.0,0,1,0.9984301412872841,0,1,1
6174385.48,6174385.48,0.0,0.0,0.0,0.0,6174385.48,1,1,0.9999998380405886,1,1,1
187128.57,187128.57,0.0,0.0,0.0,0.0,187128.57,1,1,0.9999946561091334,1,1,1
444467.68,0.0,0.0,0.0,444467.68,-444467.68,0.0,0,1,444467.68,0,0,1
186227.75,186227.75,0.0,225566.47,411794.22,0.0,0.0,0,1,0.9999946302598283,0,1,1
2934820.94,2934820.94,0.0,0.0,0.0,0.0,2934820.94,1,1,0.9999996592638257,1,1,1
43928.31,43928.31,0.0,0.0,43928.31,0.0,0.0,0,1,0.9999772361550864,0,1,1
3864609.52,3864609.52,0.0,0.0,3864609.52,0.0,0.0,0,1,0.9999997412417125,0,1,1
73486.8,73486.8,0.0,0.0,0.0,0.0,73486.8,1,1,0.9999863922991299,1,1,1
73599.57,73599.57,0.0,0.0,0.0,0.0,73599.57,1,1,0.9999864131487025,1,1,1
4716.08,4716.08,0.0,0.0,0.0,0.0,4716.08,1,1,0.9997880044434269,1,1,1
1454592.61,1454592.61,0.0,264042.92,1718635.53,0.0,0.0,0,1,0.9999993125227602,0,1,1
10000000.0,10000000.0,0.0,302854.73,10302854.73,0.0,0.0,0,1,0.99999990000001,0,1,1
2046684.58,2046684.58,0.0,0.0,0.0,0.0,2046684.58,1,1,0.9999995114051666,1,1,1
2054631.55,2054631.55,0.0,0.0,2054631.55,0.0,0.0,0,1,0.9999995132949685,0,1,1
7677120.59,7677120.59,0.0,14712164.85,22389285.44,0.0,-3.725290298461914e-09,0,1,0.9999998697428472,0,1,1
37119.58,37119.58,0.0,0.0,37119.58,0.0,0.0,0,1,0.9999730607657531,0,1,1
163294.35,163294.35,0.0,234212.42,397506.77,0.0,0.0,0,1,0.9999938761269075,0,1,1
2772043.9,2772043.9,0.0,0.0,0.0,0.0,2772043.9,1,1,0.9999996392554825,1,1,1
6302888.93,6302888.93,0.0,0.0,0.0,0.0,6302888.93,1,1,0.9999998413426204,1,1,1
3641525.7,3641525.7,0.0,0.0,0.0,0.0,3641525.7,1,1,0.9999997253899031,1,1,1
19472.0,19472.0,0.0,0.0,0.0,0.0,19472.0,1,1,0.9999486468443486,1,1,1
2136099.59,2136099.59,0.0,0.0,0.0,0.0,2136099.59,1,1,0.9999995318572521,1,1,1
819048.34,819048.34,0.0,1104098.69,1923147.03,0.0,-2.3283064365386963e-10,0,1,0.9999987790723328,0,1,1
84007.22,84007.22,0.0,0.0,0.0,0.0,84007.22,1,1,0.9999880964029473,1,1,1
21960.02,21960.02,0.0,0.0,0.0,0.0,21960.02,1,1,0.9999544647744049,1,1,1
112958.85,112958.85,0.0,0.0,0.0,0.0,112958.85,1,1,0.9999911472970263,1,1,1
1397162.15,1397162.15,0.0,3145907.84,4543069.99,0.0,0.0,0,1,0.9999992842639744,0,1,1
119.0,119.0,0.0,4844060.13,4844179.13,0.0,0.0,0,1,0.9916666666666667,0,1,1
989954.57,989954.57,0.0,0.0,0.0,0.0,989954.57,1,1,0.9999989898536558,1,1,1
6512846.44,6512846.44,0.0,132217.8,6645064.24,0.0,0.0,0,1,0.9999998464573278,0,1,1
404394.04,404394.04,0.0,0.0,0.0,0.0,404394.04,1,1,0.9999975271704619,1,1,1
283415.1,283415.1,0.0,0.0,0.0,0.0,283415.1,1,1,0.9999964716189377,1,1,1
677563.22,677563.22,0.0,5725307.68,6402870.9,0.0,-9.313225746154785e-10,0,1,0.9999985241251376,0,1,1
2938833.22,2938833.22,0.0,0.0,2938833.22,0.0,0.0,0,1,0.99999965972902,0,1,1
88748.63,88748.63,0.0,664794.37,753543.0,0.0,0.0,0,1,0.9999887323473912,0,1,1
5652739.69,5652739.69,0.0,1662631.92,7315371.62,0.0,-0.009999999776482582,0,1,0.9999998230946624,0,1,1
1083860.21,1083860.21,0.0,0.0,0.0,0.0,1083860.21,1,1,0.9999990773726463,1,1,1
53325.6,53325.6,0.0,0.0,0.0,0.0,53325.6,1,1,0.9999812476325136,1,1,1
1996.17,1996.17,0.0,0.0,0.0,0.0,1996.17,1,1,0.999499291497469,1,1,1
634046.89,634046.89,0.0,0.0,0.0,0.0,634046.89,1,1,0.9999984228320672,1,1,1
269476.09,269476.09,0.0,0.0,0.0,0.0,269476.09,1,1,0.9999962891094007,1,1,1
776303.43,776303.43,0.0,0.0,0.0,0.0,776303.43,1,1,0.9999987118455578,1,1,1
136983.26,136983.26,0.0,0.0,0.0,0.0,136983.26,1,1,0.9999926998912138,1,1,1
2040374.55,2040374.55,0.0,50729.93,2091104.48,0.0,0.0,0,1,0.9999995098941467,0,1,1
8383.17,8383.17,0.0,0.0,0.0,0.0,8383.17,1,1,0.9998807276092923,1,1,1
59813.61,59813.61,0.0,0.0,0.0,0.0,59813.61,1,1,0.9999832816765001,1,1,1
57466.42,57466.42,0.0,0.0,0.0,0.0,57466.42,1,1,0.9999825988360014,1,1,1
374849.33,0.0,0.0,0.0,374849.33,-374849.33,0.0,0,1,374849.33,0,0,1
6311409.28,6311409.28,0.0,68488.84,6379898.11,0.0,0.009999999776482582,0,1,0.9999998415568065,0,1,1
643052.88,643052.88,0.0,0.0,643052.88,0.0,0.0,0,1,0.9999984449203541,0,1,1
377038.53,377038.53,0.0,0.0,0.0,0.0,377038.53,1,1,0.9999973477582046,1,1,1
72901.03,72901.03,0.0,0.0,0.0,0.0,72901.03,1,1,0.9999862829608448,1,1,1
256417.06,256417.06,0.0,0.0,0.0,0.0,256417.06,1,1,0.999996100118689,1,1,1
1372301.24,1372301.24,0.0,0.0,0.0,0.0,1372301.24,1,1,0.9999992712975532,1,1,1
312151.06,312151.06,0.0,0.0,0.0,0.0,312151.06,1,1,0.999996796433123,1,1,1
94613.12,94613.12,0.0,0.0,0.0,0.0,94613.12,1,1,0.9999894307530419,1,1,1
1027963.96,1027963.96,0.0,3216668.79,4244632.75,0.0,0.0,0,1,0.9999990272041958,0,1,1
20243.24,20243.24,0.0,1132460.42,1152703.66,0.0,0.0,0,1,0.9999506032333147,0,1,1
528149.74,528149.74,0.0,0.0,0.0,0.0,528149.74,1,1,0.9999981066011571,1,1,1
11481.0,11481.0,0.0,0.0,263492.28,0.0,-252011.28000000003,0,1,0.9999129071590315,1,1,1
3640271.29,3640271.29,0.0,0.0,0.0,0.0,3640271.29,1,1,0.9999997252952746,1,1,1
439893.35,0.0,0.0,0.0,439893.35,-439893.35,0.0,0,1,439893.35,0,0,1
3370781.65,3370781.65,0.0,1214442.64,4585224.29,0.0,0.0,0,1,0.999999703332993,0,1,1
13890.42,13890.42,0.0,0.0,0.0,0.0,13890.42,1,1,0.9999280131188892,1,1,1
6558087.93,6558087.93,0.0,0.0,6558087.93,0.0,0.0,0,1,0.9999998475165539,0,1,1
7513581.46,7513581.46,0.0,0.0,0.0,0.0,7513581.46,1,1,0.9999998669076962,1,1,1
186227.75,186227.75,0.0,0.0,0.0,0.0,186227.75,1,1,0.9999946302598283,1,1,1
150405.2,150405.2,0.0,170707.62,321112.82,0.0,0.0,0,1,0.9999933513379102,0,1,1
66516.2,66516.2,0.0,156834.4,223350.6,0.0,-2.9103830456733704e-11,0,1,0.9999849662944321,0,1,1
279776.54,279776.54,0.0,0.0,279776.54,0.0,0.0,0,1,0.9999964257316724,0,1,1
6468916.64,6468916.64,0.0,35684.9,6504601.55,0.0,-0.009999999776482582,0,1,0.9999998454146342,0,1,1
21990.52,21990.52,0.0,0.0,0.0,0.0,21990.52,1,1,0.9999545279271282,1,1,1
147267.01,147267.01,0.0,0.0,0.0,0.0,147267.01,1,1,0.9999932096590427,1,1,1
80336.26,80336.26,0.0,0.0,0.0,0.0,80336.26,1,1,0.9999875524756507,1,1,1
323726.61,323726.61,0.0,0.0,0.0,0.0,323726.61,1,1,0.99999691098328,1,1,1
346293.24,346293.24,0.0,0.0,0.0,0.0,346293.24,1,1,0.999997112282318,1,1,1
2291498.65,2291498.65,0.0,0.0,0.0,0.0,2291498.65,1,1,0.9999995636045591,1,1,1
156039.36,156039.36,0.0,0.0,156039.36,0.0,0.0,0,1,0.9999935914016091,0,1,1
470325.08,470325.08,0.0,0.0,0.0,0.0,470325.08,1,1,0.9999978738155452,1,1,1
10000000.0,13924102.18,3924102.18,0.0,0.0,-4.656612873077393e-10,10000000.0,1,0,0.7181791078913853,1,1,1
1150717.15,1150717.15,0.0,39045.89,1189763.04,0.0,-2.3283064365386963e-10,0,1,0.9999991309774683,0,1,1
11424.36,11424.36,0.0,155495.9,166920.26,0.0,0.0,0,1,0.9999124754055889,0,1,1
126061.45,126061.45,0.0,0.0,0.0,0.0,126061.45,1,1,0.9999920674237253,1,1,1
6370726.84,6370726.84,0.0,0.0,0.0,0.0,6370726.84,1,1,0.999999843032064,1,1,1
357226.8,357226.8,0.0,0.0,357226.8,0.0,0.0,0,1,0.9999972006657937,0,1,1
254167.15,254167.15,0.0,0.0,0.0,0.0,254167.15,1,1,0.9999960655967319,1,1,1
10000000.0,10000000.0,0.0,0.0,10000000.0,0.0,0.0,0,1,0.99999990000001,0,1,1
9593838.63,9593838.63,0.0,0.0,0.0,0.0,9593838.63,1,1,0.9999998957664461,1,1,1
1385945.61,1385945.61,0.0,446776.76,1832722.37,0.0,0.0,0,1,0.9999992784714845,0,1,1
27696.89,27696.89,0.0,0.0,0.0,0.0,27696.89,1,1,0.9999638961668199,1,1,1
10000000.0,10000000.0,0.0,0.0,10000000.0,0.0,0.0,0,1,0.99999990000001,0,1,1
374356.32,0.0,0.0,0.0,374356.32,-374356.32,0.0,0,1,374356.32,0,0,1
2254718.25,2254718.25,0.0,123702.38,2378420.62,0.0,0.009999999776482582,0,1,0.999999556485802,0,1,1
134725.66,134725.66,0.0,0.0,0.0,0.0,134725.66,1,1,0.9999925775640842,1,1,1
3263443.15,3263443.15,0.0,927721.34,4191164.5,0.0,-0.01000000024214387,0,1,0.9999996935752677,0,1,1
1048.63,1048.63,0.0,0.0,0.0,0.0,1048.63,1,1,0.999047283328411,1,1,1
124465.49,124465.49,0.0,0.0,124465.49,0.0,0.0,0,1,0.9999919657090033,0,1,1
329728.11,329728.11,0.0,0.0,0.0,0.0,329728.11,1,1,0.9999969672074146,1,1,1
53107.96,53107.96,0.0,9062662.62,9115770.58,0.0,0.0,0,1,0.9999811707854945,0,1,1
61487.67,61487.67,0.0,0.0,0.0,0.0,61487.67,1,1,0.999983736841275,1,1,1
723915.85,723915.85,0.0,0.0,0.0,0.0,723915.85,1,1,0.9999986186258822,1,1,1
6183238.55,6183238.55,0.0,0.0,0.0,0.0,6183238.55,1,1,0.9999998382724796,1,1,1
334890.91,334890.91,0.0,293880.5,628771.41,0.0,-1.1641532182693481e-10,0,1,0.9999970139619079,0,1,1
980310.0,980310.0,0.0,0.0,0.0,0.0,980310.0,1,1,0.9999989799155574,1,1,1
59127.34,59127.34,0.0,0.0,0.0,0.0,59127.34,1,1,0.9999830876361487,1,1,1
1017016.67,1017016.67,0.0,0.0,1017016.67,0.0,0.0,0,1,0.9999990167329148,0,1,1
249365.63,249365.63,0.0,0.0,249365.63,0.0,0.0,0,1,0.9999959898403407,0,1,1
12278.0,12278.0,0.0,0.0,0.0,0.0,12278.0,1,1,0.9999185601433341,1,1,1
10000000.0,10000000.0,0.0,0.0,10000000.0,0.0,0.0,0,1,0.99999990000001,0,1,1
222735.34,222735.34,0.0,0.0,222735.34,0.0,0.0,0,1,0.9999955103868547,0,1,1
511389.5,511389.5,0.0,0.0,511389.5,0.0,0.0,0,1,0.9999980445471709,0,1,1
143175.23,143175.23,0.0,0.0,0.0,0.0,143175.23,1,1,0.9999930156004248,1,1,1
476321.8,476321.8,0.0,0.0,476321.8,0.0,0.0,0,1,0.9999979005833859,0,1,1
346704.55,346704.55,0.0,513994.79,860699.34,0.0,0.0,0,1,0.9999971157081275,0,1,1
781183.07,781183.07,0.0,222966.53,1004149.6,0.0,0.0,0,1,0.9999987198919712,0,1,1
497526.17,497526.17,0.0,0.0,0.0,0.0,497526.17,1,1,0.9999979900595177,1,1,1
255028.93,255028.93,0.0,2684616.74,2939645.67,0.0,4.656612873077393e-10,0,1,0.999996078891603,0,1,1
102229.91,102229.91,0.0,0.0,102229.91,0.0,0.0,0,1,0.9999902182226491,0,1,1
157494.6,157494.6,0.0,0.0,0.0,0.0,157494.6,1,1,0.9999936506162712,1,1,1
188441.76,188441.76,0.0,0.0,0.0,0.0,188441.76,1,1,0.999994693348792,1,1,1
155799.82,155799.82,0.0,1605951.92,1761751.74,0.0,0.0,0,1,0.9999935815485438,0,1,1
40075.02,40075.02,0.0,0.0,0.0,0.0,40075.02,1,1,0.9999750474223738,1,1,1
31945.44,31945.44,0.0,95415.09,127360.53,0.0,0.0,0,1,0.9999686976076207,0,1,1
74709.4,74709.4,0.0,0.0,0.0,0.0,74709.4,1,1,0.9999866149826531,1,1,1
205170.29,205170.29,0.0,12555586.13,12760756.42,0.0,0.0,0,1,0.9999951260237239,0,1,1
328427.77,328427.77,0.0,49762.33,378190.1,0.0,5.820766091346741e-11,0,1,0.9999969551997531,0,1,1
70753.9,70753.9,0.0,0.0,0.0,0.0,70753.9,1,1,0.9999858667032248,1,1,1
432958.83,432958.83,0.0,0.0,432958.83,0.0,0.0,0,1,0.9999976903169053,0,1,1
119306.06,119306.06,0.0,4040.44,123346.5,0.0,0.0,0,1,0.9999916182663456,0,1,1
14017.38,14017.38,0.0,0.0,14017.38,0.0,0.0,0,1,0.9999286650811292,0,1,1
19646.09,19646.09,0.0,0.0,19646.09,0.0,0.0,0,1,0.9999491018771737,0,1,1
177429.18,177429.18,0.0,0.0,0.0,0.0,177429.18,1,1,0.9999943639802428,1,1,1
435166.65,435166.65,0.0,0.0,0.0,0.0,435166.65,1,1,0.9999977020350662,1,1,1
57543.34,57543.34,0.0,0.0,57543.34,0.0,0.0,0,1,0.9999826220962826,0,1,1
9060955.18,9060955.18,0.0,0.0,0.0,0.0,9060955.18,1,1,0.9999998896363717,1,1,1
1409248.64,1409248.64,0.0,0.0,0.0,0.0,1409248.64,1,1,0.9999992904025152,1,1,1
56888.23,56888.23,0.0,0.0,0.0,0.0,56888.23,1,1,0.9999824219803994,1,1,1
253261.36,253261.36,0.0,0.0,253261.36,0.0,0.0,0,1,0.9999960515253826,0,1,1
3424092.39,3424092.39,0.0,0.0,3424092.39,0.0,0.0,0,1,0.9999997079518909,0,1,1
9811104.49,9811104.49,0.0,0.0,0.0,0.0,9811104.49,1,1,0.9999998980746868,1,1,1
478078.24,478078.24,0.0,0.0,0.0,0.0,478078.24,1,1,0.999997908296541,1,1,1
11630.38,11630.38,0.0,36945.1,48575.48,0.0,-7.275957614183426e-12,0,1,0.9999140256788103,0,1,1
6262505.91,6262505.91,0.0,150228.21,6412734.11,0.0,0.009999999776482582,0,1,0.9999998403195375,0,1,1
1054244.29,1054244.29,0.0,944153.97,1998398.26,0.0,0.0,0,1,0.999999051454145,0,1,1
345425.57,345425.57,0.0,0.0,0.0,0.0,345425.57,1,1,0.9999971050287185,1,1,1
10000000.0,13171085.59,3171085.59,0.0,0.0,0.0,10000000.0,1,0,0.7592388017244066,1,1,1
271731.05,271731.05,0.0,0.0,0.0,0.0,271731.05,1,1,0.9999963199041114,1,1,1
346093.52,0.0,0.0,0.0,346093.52,-346093.52,0.0,0,1,346093.52,0,0,1
3718503.37,3718503.37,0.0,4365225.42,8083728.79,0.0,0.0,0,1,0.999999731074674,0,1,1
90026.9,90026.9,0.0,339171.02,429197.92,0.0,5.820766091346741e-11,0,1,0.9999888923322658,0,1,1
503620.99,503620.99,0.0,0.0,0.0,0.0,503620.99,1,1,0.9999980143837643,1,1,1
48375.02,48375.02,0.0,0.0,0.0,0.0,48375.02,1,1,0.9999793286012367,1,1,1
10000000.0,23752520.6,13752520.6,0.0,0.0,1.862645149230957e-09,10000000.0,1,0,0.42100793205888504,1,1,1
14949.84,14949.84,0.0,18161.79,33111.63,0.0,7.275957614183426e-12,0,1,0.999933114126029,0,1,1
143501.7,143501.7,0.0,0.0,0.0,0.0,143501.7,1,1,0.9999930314899999,1,1,1
9228514.1,9228514.1,0.0,0.0,0.0,0.0,9228514.1,1,1,0.9999998916402055,1,1,1
161024.8,161024.8,0.0,0.0,0.0,0.0,161024.8,1,1,0.9999937898150483,1,1,1
127091.33,127091.33,0.0,0.0,0.0,0.0,127091.33,1,1,0.9999921317045647,1,1,1
134861.82,134861.82,0.0,0.0,0.0,0.0,134861.82,1,1,0.9999925850579129,1,1,1
389214.05,389214.05,0.0,0.0,0.0,0.0,389214.05,1,1,0.9999974307262784,1,1,1
6273660.45,6273660.45,0.0,0.0,0.0,0.0,6273660.45,1,1,0.9999998406034486,1,1,1
226558.58,0.0,0.0,0.0,226558.58,-226558.58,0.0,0,1,226558.58,0,0,1
754874.26,754874.26,0.0,0.0,0.0,0.0,754874.26,1,1,0.99999867527782,1,1,1
71693.42,71693.42,0.0,0.0,0.0,0.0,71693.42,1,1,0.9999860519131056,1,1,1
24412.07,24412.07,0.0,0.0,0.0,0.0,24412.07,1,1,0.9999590383347936,1,1,1
834203.65,834203.65,0.0,0.0,834203.65,0.0,0.0,0,1,0.9999988012533855,0,1,1
6703831.4,6703831.4,0.0,0.0,0.0,0.0,6703831.4,1,1,0.999999850831593,1,1,1
62372.43,62372.43,0.0,0.0,0.0,0.0,62372.43,1,1,0.9999839675323291,1,1,1
2926854.05,2926854.05,0.0,0.0,2926854.05,0.0,0.0,0,1,0.999999658336343,0,1,1
10000000.0,10000000.0,0.0,141403.34,10141403.34,0.0,0.0,0,1,0.99999990000001,0,1,1
3118811.65,3118811.65,0.0,0.0,0.0,0.0,3118811.65,1,1,0.9999996793651584,1,1,1
46661.03,46661.03,0.0,587237.65,633898.68,0.0,0.0,0,1,0.9999785692992782,0,1,1
112656.24,112656.24,0.0,0.0,0.0,0.0,112656.24,1,1,0.9999911235176718,1,1,1
2219475.13,2219475.13,0.0,589145.32,2808620.45,0.0,-4.656612873077393e-10,0,1,0.9999995494432283,0,1,1
28871.9,28871.9,0.0,500205.51,529077.41,0.0,0.0,0,1,0.9999653654464914,0,1,1
37720.99,37720.99,0.0,288804.07,326525.06,0.0,0.0,0,1,0.9999734902639018,0,1,1
176776.55,176776.55,0.0,0.0,0.0,0.0,176776.55,1,1,0.9999943431731009,1,1,1
8950011.46,8950011.46,0.0,0.0,0.0,0.0,8950011.46,1,1,0.999999888268312,1,1,1
219110.27,219110.27,0.0,402986.55,622096.82,0.0,0.0,0,1,0.9999954361087862,0,1,1
2075328.73,2075328.73,0.0,0.0,0.0,0.0,2075328.73,1,1,0.9999995181488582,1,1,1
368951.94,368951.94,0.0,0.0,0.0,0.0,368951.94,1,1,0.9999972896272354,1,1,1
671406.79,671406.79,0.0,102024.04,773430.83,0.0,1.1641532182693481e-10,0,1,0.9999985105921991,0,1,1
3890627.92,3890627.92,0.0,0.0,3890627.92,0.0,0.0,0,1,0.9999997429721466,0,1,1
244814.12,244814.12,0.0,0.0,0.0,0.0,244814.12,1,1,0.999995915284971,1,1,1
403975.39,403975.39,0.0,0.0,403975.39,0.0,0.0,0,1,0.9999975246078119,0,1,1
2341474.44,2341474.44,0.0,18780.15,2360254.6,0.0,-0.01000000024214387,0,1,0.9999995729188601,0,1,1
1515291.19,1515291.19,0.0,234869.29,1750160.47,0.0,0.010000000009313226,0,1,0.9999993400612722,0,1,1
2274566.61,2274566.61,0.0,0.0,0.0,0.0,2274566.61,1,1,0.999999560356001,1,1,1
64202.85,64202.85,0.0,0.0,0.0,0.0,64202.85,1,1,0.9999844246100507,1,1,1
352179.76,352179.76,0.0,0.0,0.0,0.0,352179.76,1,1,0.9999971605490316,1,1,1
335859.86,335859.86,0.0,0.0,335859.86,0.0,0.0,0,1,0.9999970225765515,0,1,1
49434.25,49434.25,0.0,0.0,49434.25,0.0,0.0,0,1,0.9999797715193106,0,1,1
396757.22,396757.22,0.0,0.0,0.0,0.0,396757.22,1,1,0.9999974795733281,1,1,1
293470.64,293470.64,0.0,7670124.43,7963595.07,0.0,-9.313225746154785e-10,0,1,0.9999965925157197,0,1,1
20111.45,20111.45,0.0,0.0,0.0,0.0,20111.45,1,1,0.999950279553212,1,1,1
5096946.74,5096946.74,0.0,10804.71,5107751.46,0.0,-0.009999999776482582,0,1,0.9999998038041489,0,1,1
723782.37,723782.37,0.0,0.0,0.0,0.0,723782.37,1,1,0.9999986183711295,1,1,1
149656.36,149656.36,0.0,42797.0,192453.36,0.0,0.0,0,1,0.9999933180700235,0,1,1
1299860.86,1299860.86,0.0,0.0,1299860.86,0.0,0.0,0,1,0.9999992306874824,0,1,1
71277.45,71277.45,0.0,2698147.17,2769424.62,0.0,0.0,0,1,0.9999859705142298,0,1,1
1517771.48,1517771.48,0.0,0.0,0.0,0.0,1517771.48,1,1,0.9999993411397208,1,1,1
43996.54,43996.54,0.0,808284.11,852280.66,0.0,-0.010000000009313226,0,1,0.9999772714565405,0,1,1
3832058.34,3832058.34,0.0,0.0,0.0,0.0,3832058.34,1,1,0.999999739043707,1,1,1
3642569.29,3642569.29,0.0,1907850.52,5550419.81,0.0,9.313225746154785e-10,0,1,0.9999997254685784,0,1,1
5239429.19,5239429.19,0.0,0.0,0.0,0.0,5239429.19,1,1,0.9999998091395508,1,1,1
164500.81,164500.81,0.0,685636.21,850137.02,0.0,0.0,0,1,0.9999939210395314,0,1,1
4644693.12,4644693.12,0.0,0.0,4644693.12,0.0,0.0,0,1,0.9999997847005693,0,1,1
113338.99,113338.99,0.0,3290608.15,3403947.14,0.0,0.0,0,1,0.9999911769888103,0,1,1
146095.73,146095.73,0.0,0.0,146095.73,0.0,0.0,0,1,0.9999931552198328,0,1,1
343999.8,343999.8,0.0,33423.37,377423.17,0.0,0.0,0,1,0.9999970930300162,0,1,1
594577.22,594577.22,0.0,685106.85,1279684.07,0.0,-2.3283064365386963e-10,0,1,0.9999983181355011,0,1,1
158879.1,158879.1,0.0,751402.72,910281.82,0.0,0.0,0,1,0.9999937059455527,0,1,1
336917.97,336917.97,0.0,0.0,0.0,0.0,336917.97,1,1,0.9999970319272911,1,1,1
772379.36,772379.36,0.0,0.0,0.0,0.0,772379.36,1,1,0.9999987053011032,1,1,1
1396824.94,1396824.94,0.0,25923.43,1422748.37,0.0,-2.3283064365386963e-10,0,1,0.9999992840911874,0,1,1
228706.19,228706.19,0.0,0.0,0.0,0.0,228706.19,1,1,0.9999956275970161,1,1,1
116489.77,116489.77,0.0,0.0,0.0,0.0,116489.77,1,1,0.9999914156288949,1,1,1
575082.97,575082.97,0.0,0.0,575082.97,0.0,0.0,0,1,0.9999982611235017,0,1,1
1137603.28,1137603.28,0.0,0.0,0.0,0.0,1137603.28,1,1,0.9999991209597067,1,1,1
10000000.0,17041719.54,7041719.54,0.0,0.0,-9.313225746154785e-10,10000000.0,1,0,0.5867952109957555,1,1,1
10000000.0,10000000.0,0.0,0.0,10000000.0,0.0,0.0,0,1,0.99999990000001,0,1,1
814689.88,814689.88,0.0,0.0,0.0,0.0,814689.88,1,1,0.9999987725405739,1,1,1
440581.15,440581.15,0.0,0.0,0.0,0.0,440581.15,1,1,0.9999977302757272,1,1,1
2874626.02,2874626.02,0.0,0.0,0.0,0.0,2874626.02,1,1,0.999999652128783,1,1,1
188658.45,188658.45,0.0,0.0,0.0,0.0,188658.45,1,1,0.9999946994438922,1,1,1
10000000.0,15618179.9,5618179.9,0.0,0.0,0.0,10000000.0,1,0,0.6402794322865091,1,1,1
25071.46,25071.46,0.0,0.0,0.0,0.0,25071.46,1,1,0.9999601156009422,1,1,1
182739.36,182739.36,0.0,2520763.27,2703502.63,0.0,0.0,0,1,0.9999945277551167,0,1,1
71921.7,71921.7,0.0,42131.23,114052.93,0.0,0.0,0,1,0.9999860961838196,0,1,1
59841.44,59841.44,0.0,0.0,0.0,0.0,59841.44,1,1,0.9999832894514328,1,1,1
564263.94,564263.94,0.0,0.0,0.0,0.0,564263.94,1,1,0.9999982277828567,1,1,1
10000000.0,14892193.09,4892193.09,0.0,0.0,0.0,10000000.0,1,0,0.6714927256229442,1,1,1
444766.43,444766.43,0.0,0.0,0.0,0.0,444766.43,1,1,0.999997751633927,1,1,1
156011.24,156011.24,0.0,152239.96,308251.2,0.0,-5.820766091346741e-11,0,1,0.9999935902465089,0,1,1
25040.78,25040.78,0.0,0.0,0.0,0.0,25040.78,1,1,0.99996006673647,1,1,1
2246118.53,2246118.53,0.0,0.0,2246118.53,0.0,0.0,0,1,0.9999995547877187,0,1,1
7363709.23,7363709.23,0.0,0.0,0.0,0.0,7363709.23,1,1,0.9999998641988931,1,1,1
76960.91,76960.91,0.0,0.0,0.0,0.0,76960.91,1,1,0.9999870065594786,1,1,1
21332.46,21332.46,0.0,0.0,0.0,0.0,21332.46,1,1,0.9999531252783187,1,1,1
5591647.96,5591647.96,0.0,952338.2,6543986.15,0.0,0.009999999776482582,0,1,0.9999998211618778,0,1,1
61505.06,61505.06,0.0,287479.07,348984.13,0.0,0.0,0,1,0.9999837414394614,0,1,1
198383.8,198383.8,0.0,2367972.08,2566355.88,0.0,0.0,0,1,0.999994959291236,0,1,1
3887853.15,3887853.15,0.0,0.0,0.0,0.0,3887853.15,1,1,0.9999997427887052,1,1,1
4690769.98,4690769.98,0.0,0.0,4690769.98,0.0,0.0,0,1,0.9999997868154288,0,1,1
116940.32,116940.32,0.0,491820.33,608760.65,0.0,0.0,0,1,0.9999914487026484,0,1,1
2040374.55,2040374.55,0.0,0.0,0.0,0.0,2040374.55,1,1,0.9999995098941467,1,1,1
240427.17,240427.17,0.0,0.0,0.0,0.0,240427.17,1,1,0.9999958407536023,1,1,1
2115503.99,2115503.99,0.0,0.0,0.0,0.0,2115503.99,1,1,0.9999995272996259,1,1,1
175313.96,175313.96,0.0,2911229.9,3086543.86,0.0,0.0,0,1,0.9999942959802175,0,1,1
254564.81,254564.81,0.0,0.0,0.0,0.0,254564.81,1,1,0.9999960717427058,1,1,1
10000000.0,10000000.0,0.0,0.0,9941904.21,0.0,58095.789999999106,0,1,0.99999990000001,0,1,1
377038.53,377038.53,0.0,105508.48,482547.01,0.0,0.0,0,1,0.9999973477582046,0,1,1
645104.5,645104.5,0.0,0.0,0.0,0.0,645104.5,1,1,0.9999984498659522,1,1,1
959018.79,959018.79,0.0,0.0,959018.79,0.0,0.0,0,1,0.9999989572686503,0,1,1
6391.6,6391.6,0.0,0.0,0.0,0.0,6391.6,1,1,0.9998435691268028,1,1,1
1128131.99,1128131.99,0.0,0.0,0.0,0.0,1128131.99,1,1,0.9999991135796853,1,1,1
628697.26,628697.26,0.0,0.0,628697.26,0.0,0.0,0,1,0.9999984094118536,0,1,1
196561.69,196561.69,0.0,0.0,0.0,0.0,196561.69,1,1,0.999994912564536,1,1,1
131842.85,131842.85,0.0,3479.07,135321.92,0.0,0.0,0,1,0.9999924152700335,0,1,1
3653274.35,3653274.35,0.0,637138.07,4290412.42,0.0,0.0,0,1,0.9999997262730278,0,1,1
656118.37,656118.37,0.0,0.0,0.0,0.0,656118.37,1,1,0.9999984758870936,1,1,1
2135320.18,2135320.18,0.0,333330.67,2468650.85,0.0,0.0,0,1,0.9999995316863761,0,1,1
1016302.6,1016302.6,0.0,1149447.1,2165749.7,0.0,0.0,0,1,0.9999990160420568,0,1,1
1835523.44,1835523.44,0.0,50844.44,1886367.88,0.0,0.0,0,1,0.9999994551965758,0,1,1
207261.07,207261.07,0.0,0.0,0.0,0.0,207261.07,1,1,0.9999951751905208,1,1,1
6669495.34,6669495.34,0.0,0.0,0.0,0.0,6669495.34,1,1,0.9999998500636407,1,1,1
771024.82,771024.82,0.0,0.0,0.0,0.0,771024.82,1,1,0.9999987030265731,1,1,1
1564952.45,1564952.45,0.0,0.0,1564952.45,0.0,0.0,0,1,0.9999993610033576,0,1,1
10000000.0,10000000.0,0.0,110409.52,10110409.52,0.0,0.0,0,1,0.99999990000001,0,1,1
188097.08,188097.08,0.0,164930.19,353027.27,0.0,0.0,0,1,0.9999946836246282,0,1,1
118499.44,118499.44,0.0,0.0,0.0,0.0,118499.44,1,1,0.9999915612127684,1,1,1
2540410.33,2540410.33,0.0,0.0,2301330.2,0.0,239080.1299999999,0,1,0.9999996063629586,0,1,1
338293.14,338293.14,0.0,4293922.64,4632215.78,0.0,-9.313225746154785e-10,0,1,0.9999970439925445,0,1,1
521986.29,521986.29,0.0,3392896.17,3914882.45,0.0,0.009999999776482582,0,1,0.9999980842445416,0,1,1
221077.97,221077.97,0.0,0.0,221077.97,0.0,0.0,0,1,0.9999954767294239,0,1,1
503420.67,503420.67,0.0,417119.41,920540.09,0.0,-0.010000000009313226,0,1,0.999998013593654,0,1,1
175328.85,175328.85,0.0,0.0,0.0,0.0,175328.85,1,1,0.9999942964646351,1,1,1
116419.58,116419.58,0.0,177874.9,294294.48,0.0,0.0,0,1,0.9999914104533751,0,1,1
1576531.53,1576531.53,0.0,0.0,0.0,0.0,1576531.53,1,1,0.9999993656965644,1,1,1
897427.17,897427.17,0.0,75092.82,972520.0,0.0,-0.010000000009313226,0,1,0.999998885704691,0,1,1
398219.08,398219.08,0.0,0.0,398219.08,0.0,0.0,0,1,0.999997488825777,0,1,1
248409.56,248409.56,0.0,2156174.28,2404583.85,0.0,-0.01000000024214387,0,1,0.999995974406241,0,1,1
62134.33,62134.33,0.0,0.0,0.0,0.0,62134.33,1,1,0.9999839060965798,1,1,1
445612.49,0.0,0.0,0.0,445612.49,-445612.49,0.0,0,1,445612.49,0,0,1
98050.29,98050.29,0.0,0.0,0.0,0.0,98050.29,1,1,0.9999898012560569,1,1,1
681007.64,681007.64,0.0,0.0,0.0,0.0,681007.64,1,1,0.9999985315898489,1,1,1
38513.19,38513.19,0.0,0.0,0.0,0.0,38513.19,1,1,0.9999740355437827,1,1,1
655676.97,655676.97,0.0,53614.28,709291.25,0.0,0.0,0,1,0.9999984748610663,0,1,1
407347.84,407347.84,0.0,0.0,0.0,0.0,407347.84,1,1,0.9999975451016382,1,1,1
2173367.35,2173367.35,0.0,0.0,0.0,0.0,2173367.35,1,1,0.999999539884714,1,1,1
474195.1,474195.1,0.0,0.0,0.0,0.0,474195.1,1,1,0.9999978911678101,1,1,1
548677.33,548677.33,0.0,0.0,0.0,0.0,548677.33,1,1,0.9999981774385003,1,1,1
358440.67,358440.67,0.0,0.0,0.0,0.0,358440.67,1,1,0.9999972101457958,1,1,1
82665.47,82665.47,0.0,0.0,0.0,0.0,82665.47,1,1,0.9999879031970278,1,1,1
1128131.99,1128131.99,0.0,164146.1,1292278.09,0.0,0.0,0,1,0.9999991135796853,0,1,1
587031.2,587031.2,0.0,338247.75,925278.94,0.0,0.010000000009313226,0,1,0.9999982965159322,0,1,1
141508.56,141508.56,0.0,340906.08,482414.64,0.0,0.0,0,1,0.9999929333396274,0,1,1
287040.14,287040.14,0.0,2153682.82,2440722.97,0.0,-0.01000000024214387,0,1,0.9999965161788307,0,1,1
351912.04,351912.04,0.0,196753.09,548665.13,0.0,0.0,0,1,0.999997158388902,0,1,1
120598.96,120598.96,0.0,1284199.46,1404798.42,0.0,0.0,0,1,0.9999917081232863,0,1,1
2109967.47,2109967.47,0.0,1830441.07,3940408.54,0.0,0.0,0,1,0.9999995260592686,0,1,1
227994.78,227994.78,0.0,0.0,0.0,0.0,227994.78,1,1,0.9999956139539073,1,1,1
1241118.86,1241118.86,0.0,0.0,0.0,0.0,1241118.86,1,1,0.9999991942760468,1,1,1
2331777.94,2331777.94,0.0,0.0,2331777.94,0.0,0.0,0,1,0.9999995711428803,0,1,1
53782.87,53782.87,0.0,0.0,0.0,0.0,53782.87,1,1,0.9999814070649806,1,1,1
401575.19,401575.19,0.0,0.0,0.0,0.0,401575.19,1,1,0.9999975098125216,1,1,1
3424092.39,3424092.39,0.0,0.0,0.0,0.0,3424092.39,1,1,0.9999997079518909,1,1,1
17822.02,17822.02,0.0,2619609.53,2637431.55,0.0,0.0,0,1,0.9999438927858466,0,1,1
1634229.02,1634229.02,0.0,0.0,1634229.02,0.0,0.0,0,1,0.9999993880910351,0,1,1
609239.75,609239.75,0.0,0.0,0.0,0.0,609239.75,1,1,0.9999983586127488,1,1,1
692984.55,692984.55,0.0,758852.8,1451837.35,0.0,0.0,0,1,0.9999985569684678,0,1,1
739584.33,739584.33,0.0,76425.35,903164.02,0.0,-87154.34000000008,0,1,0.9999986478909743,0,1,1
227231.78,227231.78,0.0,1606681.0,1833912.79,0.0,-0.010000000009313226,0,1,0.9999955992264848,0,1,1
56847.17,56847.17,0.0,0.0,0.0,0.0,56847.17,1,1,0.9999824092842391,1,1,1
963532.14,963532.14,0.0,0.0,0.0,0.0,963532.14,1,1,0.9999989621529779,1,1,1
157705.36,157705.36,0.0,0.0,0.0,0.0,157705.36,1,1,0.9999936591016367,1,1,1
219489.62,219489.62,0.0,0.0,219489.62,0.0,0.0,0,1,0.9999954439966501,0,1,1
1152538.9,1152538.9,0.0,0.0,0.0,0.0,1152538.9,1,1,0.9999991323510795,1,1,1
101408.84,101408.84,0.0,0.0,101408.84,0.0,0.0,0,1,0.9999901390239843,0,1,1
414973.48,414973.48,0.0,331305.86,746279.34,0.0,0.0,0,1,0.9999975902132584,0,1,1
6844.73,6844.73,0.0,0.0,0.0,0.0,6844.73,1,1,0.9998539235406596,1,1,1
540914.12,540914.12,0.0,36447.52,577361.64,0.0,0.0,0,1,0.9999981512811105,0,1,1
138048.52,138048.52,0.0,0.0,138048.52,0.0,0.0,0,1,0.9999927562225497,0,1,1
1398946.33,1398946.33,0.0,0.0,1398946.33,0.0,0.0,0,1,0.999999285176805,0,1,1
73599.57,73599.57,0.0,0.0,73599.57,0.0,0.0,0,1,0.9999864131487025,0,1,1
513082.74,513082.74,0.0,32452.79,545535.53,0.0,0.0,0,1,0.9999980510004078,0,1,1
375141.86,375141.86,0.0,124753.19,252008.88,0.0,247886.16999999998,0,1,0.9999973343488398,0,1,1
87219.11,87219.11,0.0,0.0,0.0,0.0,87219.11,1,1,0.9999885347541984,1,1,1
103078.52,103078.52,0.0,0.0,103078.52,0.0,0.0,0,1,0.9999902987518762,0,1,1
582571.87,582571.87,0.0,0.0,582571.87,0.0,0.0,0,1,0.9999982834765374,0,1,1
228416.57,228416.57,0.0,42676.83,271093.4,0.0,0.0,0,1,0.9999956220530671,0,1,1
780687.45,780687.45,0.0,0.0,0.0,0.0,780687.45,1,1,0.9999987190792947,1,1,1
1065787.82,1065787.82,0.0,0.0,0.0,0.0,1065787.82,1,1,0.9999990617278196,1,1,1
978103.4,978103.4,0.0,0.0,978103.4,0.0,0.0,0,1,0.9999989776142506,0,1,1
6972164.97,6972164.97,0.0,0.0,0.0,0.0,6972164.97,1,1,0.999999856572548,1,1,1
385567.18,385567.18,0.0,0.0,385567.18,0.0,0.0,0,1,0.9999974064249804,0,1,1
2598276.05,2598276.05,0.0,5368346.27,7966622.32,0.0,-9.313225746154785e-10,0,1,0.9999996151295721,0,1,1
2093951.47,2093951.47,0.0,0.0,0.0,0.0,2093951.47,1,1,0.9999995224342413,1,1,1
16671.29,16671.29,0.0,0.0,0.0,0.0,16671.29,1,1,0.999940020237172,1,1,1
3092085.39,3092085.39,0.0,0.0,0.0,0.0,3092085.39,1,1,0.9999996765937708,1,1,1
2634032.61,2634032.61,0.0,0.0,0.0,0.0,2634032.61,1,1,0.9999996203541229,1,1,1
732198.35,732198.35,0.0,0.0,0.0,0.0,732198.35,1,1,0.999998634251724,1,1,1
559565.82,559565.82,0.0,0.0,0.0,0.0,559565.82,1,1,0.9999982129033312,1,1,1
4262592.28,4262592.28,0.0,237422.88,4500015.17,0.0,-0.009999999776482582,0,1,0.9999997654010283,0,1,1
697226.2,697226.2,0.0,0.0,0.0,0.0,697226.2,1,1,0.9999985657472915,1,1,1
144065.75,144065.75,0.0,0.0,0.0,0.0,144065.75,1,1,0.9999930587731034,1,1,1
7576324.61,7576324.61,0.0,0.0,0.0,0.0,7576324.61,1,1,0.9999998680098967,1,1,1
235750.53,235750.53,0.0,0.0,0.0,0.0,235750.53,1,1,0.9999957582459804,1,1,1
21829.31,21829.31,0.0,0.0,0.0,0.0,21829.31,1,1,0.9999541921301164,1,1,1
10000000.0,10175597.64,175597.64,0.0,0.0,5.820766091346741e-10,10000000.0,1,0,0.9827431636985241,1,1,1
380214.33,380214.33,0.0,53710.43,433924.76,0.0,0.0,0,1,0.9999973699114131,0,1,1
5141769.94,5141769.94,0.0,0.0,0.0,0.0,5141769.94,1,1,0.999999805514479,1,1,1
371669.59,371669.59,0.0,0.0,0.0,0.0,371669.59,1,1,0.999997309445442,1,1,1
430722.59,430722.59,0.0,0.0,0.0,0.0,430722.59,1,1,0.999997678325443,1,1,1
70072.66,70072.66,0.0,519712.34,589784.99,0.0,0.010000000009313226,0,1,0.9999857293025654,0,1,1
1096187.24,1096187.24,0.0,0.0,0.0,0.0,1096187.24,1,1,0.9999990877479218,1,1,1
127018.14,127018.14,0.0,0.0,127018.14,0.0,0.0,0,1,0.9999921271707555,0,1,1
555328.55,555328.55,0.0,0.0,0.0,0.0,555328.55,1,1,0.999998199267444,1,1,1
57466.42,57466.42,0.0,1001258.8,1058725.22,0.0,0.0,0,1,0.9999825988360014,0,1,1
10000000.0,10000000.0,0.0,0.0,10000000.0,0.0,0.0,0,1,0.99999990000001,0,1,1
114149.44,114149.44,0.0,0.0,0.0,0.0,114149.44,1,1,0.999991239630789,1,1,1
2571605.04,2571605.04,0.0,7177484.07,9749089.11,0.0,0.0,0,1,0.9999996111379487,0,1,1
586718.88,586718.88,0.0,0.0,0.0,0.0,586718.88,1,1,0.9999982956091414,1,1,1
218350.42,218350.42,0.0,143135.63,361486.05,0.0,5.820766091346741e-11,0,1,0.9999954202267153,0,1,1
498747.55,498747.55,0.0,0.0,0.0,0.0,498747.55,1,1,0.9999979949816395,1,1,1
85113.85,85113.85,0.0,0.0,0.0,0.0,85113.85,1,1,0.9999882511688618,1,1,1
6392800.85,6392800.85,0.0,0.0,0.0,0.0,6392800.85,1,1,0.999999843574066,1,1,1
96640.12,96640.12,0.0,0.0,0.0,0.0,96640.12,1,1,0.9999896524378029,1,1,1
1265656.44,1265656.44,0.0,0.0,0.0,0.0,1265656.44,1,1,0.9999992098967948,1,1,1
2019508.99,2019508.99,0.0,15973.05,2035482.04,0.0,0.0,0,1,0.9999995048303771,0,1,1
16274.51,16274.51,0.0,44245.22,60519.73,0.0,0.0,0,1,0.9999385579929599,0,1,1
140333.35,140333.35,0.0,132894.81,273228.16,0.0,5.820766091346741e-11,0,1,0.9999928741608879,0,1,1
98634.75,98634.75,0.0,0.0,0.0,0.0,98634.75,1,1,0.9999898616880796,1,1,1
240899.12,240899.12,0.0,0.0,0.0,0.0,240899.12,1,1,0.9999958489020263,1,1,1
32382.96,32382.96,0.0,0.0,32382.96,0.0,0.0,0,1,0.999969120515218,0,1,1
460689.45,460689.45,0.0,0.0,0.0,0.0,460689.45,1,1,0.9999978293450624,1,1,1
251199.91,251199.91,0.0,0.0,251199.91,0.0,0.0,0,1,0.9999960191227014,0,1,1
1675153.28,1675153.28,0.0,0.0,0.0,0.0,1675153.28,1,1,0.9999994030400591,1,1,1
1123639.01,1123639.01,0.0,0.0,1123639.01,0.0,0.0,0,1,0.9999991100352505,0,1,1
522343.83,522343.83,0.0,0.0,0.0,0.0,522343.83,1,1,0.9999980855558578,1,1,1
575082.97,575082.97,0.0,0.0,0.0,0.0,575082.97,1,1,0.9999982611235017,1,1,1
3302492.95,3302492.95,0.0,0.0,0.0,0.0,3302492.95,1,1,0.9999996971985369,1,1,1
9366.63,9366.63,0.0,51153.4,60520.03,0.0,0.0,0,1,0.9998932494131386,0,1,1
606501.57,606501.57,0.0,0.0,0.0,0.0,606501.57,1,1,0.99999835120237,1,1,1
215299.28,215299.28,0.0,0.0,0.0,0.0,215299.28,1,1,0.9999953553242011,1,1,1
59893.41,59893.41,0.0,2411666.65,2471560.05,0.0,0.01000000024214387,0,1,0.9999833039510699,0,1,1
144065.75,144065.75,0.0,203138.85,347204.6,0.0,0.0,0,1,0.9999930587731034,0,1,1
111033.79,111033.79,0.0,0.0,0.0,0.0,111033.79,1,1,0.9999909938137407,1,1,1
174725.11,174725.11,0.0,0.0,0.0,0.0,174725.11,1,1,0.9999942767569198,1,1,1
92057.19,92057.19,0.0,173314.92,265372.1,0.0,0.010000000009313226,0,1,0.9999891373054369,0,1,1
320977.49,320977.49,0.0,0.0,320977.49,0.0,0.0,0,1,0.9999968845264366,0,1,1
2391612.36,2391612.36,0.0,0.0,0.0,0.0,2391612.36,1,1,0.9999995818722136,1,1,1
806850.06,806850.06,0.0,0.0,0.0,0.0,806850.06,1,1,0.9999987606138858,1,1,1
5464727.14,5464727.14,0.0,9012.39,5473739.54,0.0,-0.010000000707805157,0,1,0.9999998170082803,0,1,1
7240965.96,7240965.96,0.0,0.0,0.0,0.0,7240965.96,1,1,0.9999998618968978,1,1,1
450060.37,450060.37,0.0,100205.45,550265.82,0.0,0.0,0,1,0.9999977780807981,0,1,1
40013.19,40013.19,0.0,0.0,40013.19,0.0,0.0,0,1,0.999975008865605,0,1,1
326052.83,326052.83,0.0,0.0,0.0,0.0,326052.83,1,1,0.9999969330217652,1,1,1
178344.25,178344.25,0.0,0.0,0.0,0.0,178344.25,1,1,0.9999943928980447,1,1,1
317787.12,317787.12,0.0,0.0,372227.52,0.0,-54440.40000000002,0,1,0.9999968532492656,1,1,1
21708.13,21708.13,0.0,0.0,0.0,0.0,21708.13,1,1,0.999953936431354,1,1,1
271229.8,271229.8,0.0,566471.82,837701.62,0.0,-1.1641532182693481e-10,0,1,0.9999963131030841,0,1,1
2485467.28,2485467.28,0.0,0.0,0.0,0.0,2485467.28,1,1,0.9999995976613308,1,1,1
310712.71,310712.71,0.0,0.0,310712.71,0.0,0.0,0,1,0.9999967816032321,0,1,1
114169.66,114169.66,0.0,80478.74,194648.4,0.0,2.9103830456733704e-11,0,1,0.9999912411822792,0,1,1
10000000.0,10000000.0,0.0,2423749.18,12423749.18,0.0,0.0,0,1,0.99999990000001,0,1,1
35496.47,35496.47,0.0,0.0,0.0,0.0,35496.47,1,1,0.9999718289782342,1,1,1
2600970.32,2600970.32,0.0,0.0,0.0,0.0,2600970.32,1,1,0.9999996155282481,1,1,1
134515.36,134515.36,0.0,29488.06,164003.41,0.0,0.009999999980209395,0,1,0.9999925659600066,0,1,1
179700.14,179700.14,0.0,0.0,0.0,0.0,179700.14,1,1,0.9999944352050298,1,1,1
684796.16,684796.16,0.0,0.0,0.0,0.0,684796.16,1,1,0.9999985397135701,1,1,1
1893451.73,1893451.73,0.0,0.0,0.0,0.0,1893451.73,1,1,0.9999994718642911,1,1,1
21580.37,21580.37,0.0,0.0,0.0,0.0,21580.37,1,1,0.9999536637386783,1,1,1
30548.46,30548.46,0.0,804314.46,834862.92,0.0,-1.1641532182693481e-10,0,1,0.9999672661971767,0,1,1
8274020.94,8274020.94,0.0,0.0,0.0,0.0,8274020.94,1,1,0.9999998791397935,1,1,1
292815.44,292815.44,0.0,0.0,292815.44,0.0,0.0,0,1,0.9999965848912035,0,1,1
3606943.31,3606943.31,0.0,0.0,3606943.31,0.0,0.0,0,1,0.999999722757017,0,1,1
4152435.91,4152435.91,0.0,0.0,4152435.91,0.0,0.0,0,1,0.9999997591775572,0,1,1
204030.2,204030.2,0.0,0.0,0.0,0.0,204030.2,1,1,0.9999950987888127,1,1,1
258103.59,258103.59,0.0,244362.91,502466.5,0.0,0.0,0,1,0.9999961256016408,0,1,1
124057.58,124057.58,0.0,1594382.92,1718440.5,0.0,0.0,0,1,0.9999919392919054,0,1,1
122235.11,122235.11,0.0,0.0,122235.11,0.0,0.0,0,1,0.9999918191113902,0,1,1
31374.02,31374.02,0.0,0.0,31374.02,0.0,0.0,0,1,0.999968127510357,0,1,1
177022.52,177022.52,0.0,769094.97,946117.49,0.0,0.0,0,1,0.9999943510331283,0,1,1
269692.53,269692.53,0.0,0.0,0.0,0.0,269692.53,1,1,0.999996292087541,1,1,1
356925.36,0.0,0.0,0.0,356925.36,-356925.36,0.0,0,1,356925.36,0,0,1
1905476.22,1905476.22,0.0,0.0,1905476.22,0.0,0.0,0,1,0.9999994751970848,0,1,1
29473.67,29473.67,0.0,0.0,0.0,0.0,29473.67,1,1,0.999966072563323,1,1,1
1165187.89,1165187.89,0.0,0.0,1165187.89,0.0,0.0,0,1,0.9999991417700524,0,1,1
1685692.11,1685692.11,0.0,0.0,0.0,0.0,1685692.11,1,1,0.999999406772209,1,1,1
4892226.25,4892226.25,0.0,54435.33,4946661.58,0.0,0.0,0,1,0.9999997955941233,0,1,1
342564.81,0.0,0.0,0.0,342564.81,-342564.81,0.0,0,1,342564.81,0,0,1
460434.46,460434.46,0.0,0.0,0.0,0.0,460434.46,1,1,0.9999978281429497,1,1,1
9467.62,9467.62,0.0,92573.18,102040.81,0.0,-0.010000000009313226,0,1,0.9998943879889572,0,1,1
21819.57,21819.57,0.0,0.0,0.0,0.0,21819.57,1,1,0.9999541716829579,1,1,1
232565.37,232565.37,0.0,0.0,232565.37,0.0,0.0,0,1,0.9999957001521759,0,1,1
6322399.97,6322399.97,0.0,0.0,0.0,0.0,6322399.97,1,1,0.9999998418322399,1,1,1
7078157.11,7078157.11,0.0,6398391.47,13476548.58,0.0,0.0,0,1,0.9999998587203077,0,1,1
1644749.94,1644749.94,0.0,421619.2,2066369.14,0.0,0.0,0,1,0.9999993920052115,0,1,1
207517.2,207517.2,0.0,0.0,207517.2,0.0,0.0,0,1,0.9999951811455573,0,1,1
25819.42,25819.42,0.0,0.0,25819.42,0.0,0.0,0,1,0.9999612709630594,0,1,1
436906.22,436906.22,0.0,0.0,0.0,0.0,436906.22,1,1,0.9999977111845394,1,1,1
1144089.37,1144089.37,0.0,2502877.26,3879210.29,0.0,-232243.66000000015,0,1,0.9999991259431718,0,1,1
501101.41,501101.41,0.0,561058.61,1062160.03,0.0,-0.010000000009313226,0,1,0.9999980043999389,0,1,1
530733.43,530733.43,0.0,0.0,0.0,0.0,530733.43,1,1,0.9999981158184895,1,1,1
971133.63,971133.63,0.0,0.0,0.0,0.0,971133.63,1,1,0.9999989702766546,1,1,1
63416.99,63416.99,0.0,276433.18,339850.17,0.0,0.0,0,1,0.9999842316036822,0,1,1
311832.17,311832.17,0.0,0.0,311832.17,0.0,0.0,0,1,0.9999967931570589,0,1,1
10000000.0,14830219.15,4830219.15,0.0,0.0,0.0,10000000.0,1,0,0.6742988235410652,1,1,1
319974.69,319974.69,0.0,14890.19,334864.88,0.0,0.0,0,1,0.9999968747625796,0,1,1
2562459.56,2562459.56,0.0,0.0,0.0,0.0,2562459.56,1,1,0.9999996097500912,1,1,1
8317724.27,8317724.27,0.0,0.0,8317724.27,0.0,0.0,0,1,0.9999998797748222,0,1,1
4354175.33,4354175.33,0.0,0.0,0.0,0.0,4354175.33,1,1,0.999999770335438,1,1,1
111764.7,111764.7,0.0,0.0,0.0,0.0,111764.7,1,1,0.9999910527111627,1,1,1
60516.53,60516.53,0.0,0.0,0.0,0.0,60516.53,1,1,0.9999834758622832,1,1,1
323726.61,323726.61,0.0,561753.58,885480.19,0.0,0.0,0,1,0.99999691098328,0,1,1
1150561.97,1150561.97,0.0,497440.37,1648002.34,0.0,-2.3283064365386963e-10,0,1,0.9999991308602605,0,1,1
4480592.14,4480592.14,0.0,3244885.0,7725477.14,0.0,0.0,0,1,0.9999997768152633,0,1,1
68755.57,68755.57,0.0,1555552.28,1624307.85,0.0,0.0,0,1,0.9999854559353383,0,1,1
135428.39,135428.39,0.0,538415.4,673843.78,0.0,0.010000000009313226,0,1,0.999992616078386,0,1,1
72901.03,72901.03,0.0,0.0,72901.03,0.0,0.0,0,1,0.9999862829608448,0,1,1
489033.93,489033.93,0.0,0.0,0.0,0.0,489033.93,1,1,0.9999979551562912,1,1,1
6514.47,6514.47,0.0,0.0,0.0,0.0,6514.47,1,1,0.999846519130623,1,1,1
558136.45,558136.45,0.0,82549.61,640686.06,0.0,-1.1641532182693481e-10,0,1,0.9999982083266407,0,1,1
79031.41,79031.41,0.0,840743.33,919774.75,0.0,-0.010000000009313226,0,1,0.9999873469631003,0,1,1
244312.69,244312.69,0.0,0.0,0.0,0.0,244312.69,1,1,0.9999959069014921,1,1,1
400517.07,400517.07,0.0,0.0,0.0,0.0,400517.07,1,1,0.9999975032337493,1,1,1
10000000.0,57316255.05,47316255.05,0.0,0.0,0.0,10000000.0,1,0,0.1744705723848479,1,1,1
417217.89,417217.89,0.0,2468054.62,2885272.51,0.0,4.656612873077393e-10,0,1,0.9999976031765964,0,1,1
1028515.56,1028515.56,0.0,0.0,1028515.56,0.0,0.0,0,1,0.9999990277259123,0,1,1
1253358.42,1253358.42,0.0,0.0,0.0,0.0,1253358.42,1,1,0.999999202144266,1,1,1
1822754.86,1822754.86,0.0,1099.26,1823854.12,0.0,0.0,0,1,0.9999994513801755,0,1,1
116974.87,116974.87,0.0,0.0,0.0,0.0,116974.87,1,1,0.9999914512283602,1,1,1
5772.0,5772.0,0.0,0.0,0.0,0.0,5772.0,1,1,0.999826779837173,1,1,1
137508.01,137508.01,0.0,0.0,0.0,0.0,137508.01,1,1,0.9999927277492581,1,1,1
50577.26,50577.26,0.0,0.0,0.0,0.0,50577.26,1,1,0.9999802286595071,1,1,1
591766.42,591766.42,0.0,7334547.33,7926313.75,0.0,0.0,0,1,0.9999983101469155,0,1,1
85113.85,85113.85,0.0,0.0,85113.85,0.0,0.0,0,1,0.9999882511688618,0,1,1
45053.05,45053.05,0.0,202038.75,247091.8,0.0,0.0,0,1,0.9999778044371149,0,1,1
813133.35,813133.35,0.0,0.0,0.0,0.0,813133.35,1,1,0.9999987701909284,1,1,1
3097121.75,3097121.75,0.0,0.0,3097121.75,0.0,0.0,0,1,0.9999996771196751,0,1,1
47662.13,47662.13,0.0,0.0,0.0,0.0,47662.13,1,1,0.9999790194223501,1,1,1
3642569.29,3642569.29,0.0,0.0,0.0,0.0,3642569.29,1,1,0.9999997254685784,1,1,1
696575.46,696575.46,0.0,0.0,696575.46,0.0,0.0,0,1,0.9999985644074162,0,1,1
206985.26,206985.26,0.0,1372.42,208357.68,0.0,2.9103830456733704e-11,0,1,0.9999951687614433,0,1,1
236914.77,236914.77,0.0,0.0,0.0,0.0,236914.77,1,1,0.9999957790906026,1,1,1
10000000.0,14953893.08,4953893.08,0.0,0.0,0.0,10000000.0,1,0,0.6687221366222222,1,1,1
934590.45,934590.45,0.0,981576.29,1916166.73,0.0,0.010000000009313226,0,1,0.999998930013751,0,1,1
227668.22,227668.22,0.0,0.0,0.0,0.0,227668.22,1,1,0.999995607662731,1,1,1
18471.55,18471.55,0.0,0.0,18471.55,0.0,0.0,0,1,0.9999458656222341,0,1,1
7937954.2,7937954.2,0.0,2716480.56,10654434.76,0.0,0.0,0,1,0.9999998740229725,0,1,1
2479767.72,2479767.72,0.0,910534.24,3390301.96,0.0,0.0,0,1,0.999999596736586,0,1,1
2352524.18,2352524.18,0.0,0.0,0.0,0.0,2352524.18,1,1,0.9999995749248474,1,1,1
96286.54,96286.54,0.0,0.0,0.0,0.0,96286.54,1,1,0.9999896144402485,1,1,1
120406.39,120406.39,0.0,0.0,0.0,0.0,120406.39,1,1,0.9999916948619184,1,1,1
168033.36,168033.36,0.0,1007215.9,1175249.26,0.0,0.0,0,1,0.9999940488362024,0,1,1
85354.69,85354.69,0.0,11170.0,10612.55,0.0,85912.14,0,1,0.9999882843194168,0,1,1
112988.36,112988.36,0.0,0.0,0.0,0.0,112988.36,1,1,0.9999911496091314,1,1,1
921894.19,921894.19,0.0,523285.83,1445180.02,0.0,0.0,0,1,0.9999989152779938,0,1,1
72955.08,72955.08,0.0,0.0,72955.08,0.0,0.0,0,1,0.9999862931232051,0,1,1
10000000.0,13120690.98,3120690.98,0.0,0.0,4.656612873077393e-10,10000000.0,1,0,0.7621549240880815,1,1,1
931684.75,931684.75,0.0,3608144.66,4539829.41,0.0,0.0,0,1,0.9999989266767255,0,1,1
501101.41,501101.41,0.0,0.0,0.0,0.0,501101.41,1,1,0.9999980043999389,1,1,1
492003.04,492003.04,0.0,24292.72,516295.76,0.0,0.0,0,1,0.9999979674963645,0,1,1
735329.1,735329.1,0.0,0.0,0.0,0.0,735329.1,1,1,0.9999986400665497,1,1,1
229364.73,0.0,0.0,0.0,229364.73,-229364.73,0.0,0,1,229364.73,0,0,1
25040.78,25040.78,0.0,0.0,25040.78,0.0,0.0,0,1,0.99996006673647,0,1,1
105733.45,105733.45,0.0,934471.58,1040205.03,0.0,-1.1641532182693481e-10,0,1,0.9999905423445244,0,1,1
887941.44,887941.44,0.0,69603.07,957544.51,0.0,0.0,0,1,0.9999988738008738,0,1,1
164296.85,164296.85,0.0,1371866.69,1536163.54,0.0,0.0,0,1,0.9999939134930859,0,1,1
304085.48,304085.48,0.0,0.0,0.0,0.0,304085.48,1,1,0.9999967114618183,1,1,1
1123561.68,1123561.68,0.0,0.0,1123561.68,0.0,0.0,0,1,0.9999991099739981,0,1,1
208630.6,208630.6,0.0,337304.83,545935.44,0.0,-0.009999999892897904,0,1,0.9999952068622394,0,1,1
10000000.0,19593838.63,9593838.63,0.0,0.0,-1.862645149230957e-09,10000000.0,1,0,0.5103644915358533,1,1,1
788855.1,788855.1,0.0,32662.41,821517.51,0.0,0.0,0,1,0.999998732341678,0,1,1
2251225.38,2251225.38,0.0,23722.5,2274947.89,0.0,-0.01000000024214387,0,1,0.9999995557976715,0,1,1
2070814.27,2070814.27,0.0,0.0,0.0,0.0,2070814.27,1,1,0.9999995170984035,1,1,1
1911239.21,1911239.21,0.0,0.0,0.0,0.0,1911239.21,1,1,0.9999994767795305,1,1,1
460635.82,460635.82,0.0,0.0,0.0,0.0,460635.82,1,1,0.9999978290923422,1,1,1
387773.97,387773.97,0.0,0.0,0.0,0.0,387773.97,1,1,0.999997421184766,1,1,1
382960.64,382960.64,0.0,1639101.01,2022061.64,0.0,0.010000000009313226,0,1,0.9999973887724107,0,1,1
530124.99,530124.99,0.0,0.0,530124.99,0.0,0.0,0,1,0.9999981136559631,0,1,1
351268.75,351268.75,0.0,767889.35,1119158.1,0.0,0.0,0,1,0.9999971531849811,0,1,1
22402.21,22402.21,0.0,0.0,0.0,0.0,22402.21,1,1,0.9999553635394214,1,1,1
1155128.91,1155128.91,0.0,0.0,1155128.91,0.0,0.0,0,1,0.9999991342965052,0,1,1
6311409.28,6311409.28,0.0,0.0,0.0,0.0,6311409.28,1,1,0.9999998415568065,1,1,1
842554.02,842554.02,0.0,510821.19,1353375.21,0.0,0.0,0,1,0.9999988131338888,0,1,1
52557.21,52557.21,0.0,0.0,52557.21,0.0,0.0,0,1,0.9999809734768365,0,1,1
7041719.54,7041719.54,0.0,0.0,0.0,0.0,7041719.54,1,1,0.9999998579892522,1,1,1
3200818.85,3200818.85,0.0,1537906.56,4738725.41,0.0,0.0,0,1,0.999999687580043,0,1,1
46190.9,46190.9,0.0,0.0,0.0,0.0,46190.9,1,1,0.9999783511827831,1,1,1
10000000.0,12626957.79,2626957.79,0.0,0.0,-9.313225746154785e-10,10000000.0,1,0,0.7919563345624889,1,1,1
729078.34,729078.34,0.0,0.0,0.0,0.0,729078.34,1,1,0.9999986284071635,1,1,1
33332.86,33332.86,0.0,0.0,0.0,0.0,33332.86,1,1,0.9999700004739925,1,1,1
512922.65,512922.65,0.0,217101.75,730024.39,0.0,0.010000000009313226,0,1,0.9999980503921002,0,1,1
802417.45,802417.45,0.0,0.0,0.0,0.0,802417.45,1,1,0.999998753767439,1,1,1
2674794.22,2674794.22,0.0,1380829.87,4055624.09,0.0,4.656612873077393e-10,0,1,0.999999626139604,0,1,1
581421.85,581421.85,0.0,407848.96,989270.81,0.0,0.0,0,1,0.9999982800813556,0,1,1
1043934.97,1043934.97,0.0,0.0,0.0,0.0,1043934.97,1,1,0.9999990420868436,1,1,1
591159.5,591159.5,0.0,0.0,591159.5,0.0,0.0,0,1,0.9999983084120133,0,1,1
298365.86,298365.86,0.0,0.0,298365.86,0.0,0.0,0,1,0.9999966484213427,0,1,1
10000000.0,10000000.0,0.0,235170.07,10235170.07,0.0,0.0,0,1,0.99999990000001,0,1,1
457789.14,457789.14,0.0,0.0,0.0,0.0,457789.14,1,1,0.9999978155929702,1,1,1
5101855.95,5101855.95,0.0,0.0,0.0,0.0,5101855.95,1,1,0.9999998039929363,1,1,1
4623764.68,4623764.68,0.0,0.0,4623764.68,0.0,0.0,0,1,0.9999997837260646,0,1,1
841052.98,841052.98,0.0,0.0,841052.98,0.0,0.0,0,1,0.9999988110156734,0,1,1
382960.64,382960.64,0.0,0.0,0.0,0.0,382960.64,1,1,0.9999973887724107,1,1,1
10000000.0,30399045.08,20399045.08,0.0,0.0,0.0,10000000.0,1,0,0.32895769076711767,1,1,1
49871.73,49871.73,0.0,0.0,0.0,0.0,49871.73,1,1,0.9999799489620881,1,1,1
119443.3,119443.3,0.0,890204.05,1009647.35,0.0,1.1641532182693481e-10,0,1,0.9999916278968524,0,1,1
10000000.0,10000000.0,0.0,0.0,10000000.0,0.0,0.0,0,1,0.99999990000001,0,1,1
2222544.0,2222544.0,0.0,134545.99,2357089.98,0.0,0.01000000024214387,0,1,0.999999550065353,0,1,1
1179162.08,1179162.08,0.0,0.0,0.0,0.0,1179162.08,1,1,0.9999991519408834,1,1,1
5521483.54,5521483.54,0.0,5527212.34,11048695.88,0.0,-1.862645149230957e-09,0,1,0.9999998188892874,0,1,1
156220.74,156220.74,0.0,0.0,0.0,0.0,156220.74,1,1,0.999993598842261,1,1,1
3608191.52,3608191.52,0.0,0.0,0.0,0.0,3608191.52,1,1,0.9999997228529258,1,1,1
810039.19,810039.19,0.0,409035.12,1219074.31,0.0,0.0,0,1,0.9999987654933516,0,1,1
266546.68,266546.68,0.0,0.0,266546.68,0.0,0.0,0,1,0.9999962483260031,0,1,1
249984.75,249984.75,0.0,0.0,249984.75,0.0,0.0,0,1,0.999995999771987,0,1,1
55062.46,55062.46,0.0,0.0,55062.46,0.0,0.0,0,1,0.9999818391361531,0,1,1
376059.27,376059.27,0.0,0.0,376059.27,0.0,0.0,0,1,0.9999973408517736,0,1,1
339152.24,339152.24,0.0,0.0,0.0,0.0,339152.24,1,1,0.9999970514803279,1,1,1
340936.99,340936.99,0.0,777058.51,1117995.5,0.0,0.0,0,1,0.9999970669153062,0,1,1
556218.01,556218.01,0.0,0.0,582265.81,0.0,-26047.800000000047,0,1,0.9999982021470284,0,1,1
87698.36,87698.36,0.0,0.0,0.0,0.0,87698.36,1,1,0.9999885974082365,1,1,1
1822754.86,1822754.86,0.0,0.0,0.0,0.0,1822754.86,1,1,0.9999994513801755,1,1,1
130653.37,130653.37,0.0,89246.77,219900.14,0.0,0.0,0,1,0.9999923462185,0,1,1
1646181.09,1646181.09,0.0,220025.2,1866206.29,0.0,0.0,0,1,0.9999993925337871,0,1,1
2137134.15,2137134.15,0.0,237525.08,2374659.23,0.0,0.0,0,1,0.999999532083874,0,1,1
208868.36,208868.36,0.0,0.0,0.0,0.0,208868.36,1,1,0.9999952123183602,1,1,1
176059.16,176059.16,0.0,0.0,0.0,0.0,176059.16,1,1,0.9999943201233034,1,1,1
345116.0,345116.0,0.0,249636.76,594752.77,0.0,-0.010000000009313226,0,1,0.9999971024319289,0,1,1
19226.25,19226.25,0.0,0.0,0.0,0.0,19226.25,1,1,0.9999479904822582,1,1,1
0.0,0.0,0.0,0.0,0.0,0.0,0.0,0,1,0.0,0,1,1
573266.42,573266.42,0.0,0.0,573266.42,0.0,0.0,0,1,0.9999982556134099,0,1,1
9725837.08,9725837.08,0.0,0.0,0.0,0.0,9725837.08,1,1,0.9999998971810973,1,1,1
1270565.77,1270565.77,0.0,0.0,0.0,0.0,1270565.77,1,1,0.9999992129496665,1,1,1
106584.32,106584.32,0.0,5524872.71,5631457.03,0.0,0.0,0,1,0.999990617844934,0,1,1
10000000.0,18267760.5,8267760.5,0.0,0.0,0.0,10000000.0,1,0,0.5474124456901849,1,1,1
156220.74,156220.74,0.0,0.0,156220.74,0.0,0.0,0,1,0.999993598842261,0,1,1
75708.87,75708.87,0.0,0.0,0.0,0.0,75708.87,1,1,0.9999867916825111,1,1,1
264949.69,264949.69,0.0,0.0,264949.69,0.0,0.0,0,1,0.9999962257127921,0,1,1
26768.5,26768.5,0.0,0.0,0.0,0.0,26768.5,1,1,0.9999626440538673,1,1,1
8594065.09,8594065.09,0.0,5844.51,8599909.6,0.0,0.0,0,1,0.9999998836406435,0,1,1
425861.93,425861.93,0.0,0.0,0.0,0.0,425861.93,1,1,0.99999765182661,1,1,1
58521.53,58521.53,0.0,0.0,58521.53,0.0,0.0,0,1,0.9999829125637596,0,1,1
411566.7,411566.7,0.0,0.0,0.0,0.0,411566.7,1,1,0.9999975702660826,1,1,1
146095.73,146095.73,0.0,0.0,0.0,0.0,146095.73,1,1,0.9999931552198328,1,1,1
365099.76,365099.76,0.0,0.0,0.0,0.0,365099.76,1,1,0.9999972610300784,1,1,1
73946.79,73946.79,0.0,518296.65,592243.44,0.0,1.1641532182693481e-10,0,1,0.9999864769454232,0,1,1
134297.68,134297.68,0.0,419490.33,553788.01,0.0,0.0,0,1,0.9999925539104331,0,1,1
854065.31,854065.31,0.0,0.0,0.0,0.0,854065.31,1,1,0.9999988291307264,1,1,1
621080.67,621080.67,0.0,0.0,621080.67,0.0,0.0,0,1,0.9999983899057913,0,1,1
10000000.0,10000000.0,0.0,34082.32,10034082.32,0.0,0.0,0,1,0.99999990000001,0,1,1
3544.76,3544.76,0.0,0.0,0.0,0.0,3544.76,1,1,0.9997179730156581,1,1,1
2689633.8,2689633.8,0.0,0.0,2689633.8,0.0,0.0,0,1,0.999999628202312,0,1,1
237642.64,237642.64,0.0,0.0,0.0,0.0,237642.64,1,1,0.9999957920186713,1,1,1
1613281.82,1613281.82,0.0,0.0,0.0,0.0,1613281.82,1,1,0.9999993801458816,1,1,1
242296.17,242296.17,0.0,0.0,0.0,0.0,242296.17,1,1,0.9999958728366493,1,1,1
1506795.1,1506795.1,0.0,39851.76,1546646.86,0.0,0.0,0,1,0.9999993363401989,0,1,1
856386.66,856386.66,0.0,256445.98,1112832.65,0.0,-0.009999999776482582,0,1,0.9999988323045197,0,1,1
1259972.05,1259972.05,0.0,0.0,0.0,0.0,1259972.05,1,1,0.9999992063322307,1,1,1
234787.38,234787.38,0.0,3932349.43,4167136.82,0.0,-0.009999999776482582,0,1,0.9999957408454371,0,1,1
251140.96,251140.96,0.0,118975.87,370116.83,0.0,-5.820766091346741e-11,0,1,0.9999960181882789,0,1,1
727792.98,727792.98,0.0,0.0,0.0,0.0,727792.98,1,1,0.9999986259847876,1,1,1
35063.63,35063.63,0.0,31140.0,7550.03,0.0,58653.600000000006,0,1,0.9999714812333682,0,1,1
17051.69,17051.69,0.0,289129.2,306180.89,0.0,0.0,0,1,0.9999413582255937,0,1,1
457789.14,457789.14,0.0,0.0,457789.14,0.0,0.0,0,1,0.9999978155929702,0,1,1
37974.85,37974.85,0.0,0.0,0.0,0.0,37974.85,1,1,0.9999736674755141,1,1,1
11385.0,11385.0,0.0,0.0,0.0,0.0,11385.0,1,1,0.9999121728438433,1,1,1
67921.66,67921.66,0.0,338544.14,406465.81,0.0,-0.009999999951105565,0,1,0.9999852773728237,0,1,1
429257.45,429257.45,0.0,0.0,0.0,0.0,429257.45,1,1,0.9999976704011302,1,1,1
56231.05,56231.05,0.0,0.0,56231.05,0.0,0.0,0,1,0.9999822165473249,0,1,1
3592596.97,3592596.97,0.0,1512703.69,5105300.66,0.0,0.0,0,1,0.9999997216499011,0,1,1
2169679.91,2169679.91,0.0,0.0,0.0,0.0,2169679.91,1,1,0.9999995391027338,1,1,1
1122827.94,1122827.94,0.0,0.0,0.0,0.0,1122827.94,1,1,0.9999991093923888,1,1,1
212028.15,212028.15,0.0,3708381.73,3920409.88,0.0,0.0,0,1,0.9999952836673637,0,1,1
3283695.97,3283695.97,0.0,0.0,0.0,0.0,3283695.97,1,1,0.9999996954652,1,1,1
1290224.84,1290224.84,0.0,0.0,0.0,0.0,1290224.84,1,1,0.9999992249418908,1,1,1
53338.82,53338.82,0.0,982332.85,1035671.67,0.0,-1.1641532182693481e-10,0,1,0.9999812522801914,0,1,1
9511.69,9511.69,0.0,0.0,0.0,0.0,9511.69,1,1,0.9998948772639495,1,1,1
769619.59,769619.59,0.0,0.0,0.0,0.0,769619.59,1,1,0.9999987006584634,1,1,1
65365.11,65365.11,0.0,490135.89,604680.44,0.0,-49179.439999999944,0,1,0.9999847015525324,0,1,1
2131624.18,2131624.18,0.0,227891.76,2359515.95,0.0,-0.009999999776482582,0,1,0.9999995308743725,0,1,1
780687.45,780687.45,0.0,564595.45,1345282.89,0.0,0.010000000009313226,0,1,0.9999987190792947,0,1,1
3512572.72,3512572.72,0.0,111846.62,3624419.34,0.0,4.656612873077393e-10,0,1,0.9999997153084662,0,1,1
187128.57,187128.57,0.0,846965.44,1034094.01,0.0,0.0,0,1,0.9999946561091334,0,1,1
586801.3,586801.3,0.0,0.0,0.0,0.0,586801.3,1,1,0.9999982958485336,1,1,1
185238.61,185238.61,0.0,37287.36,222525.97,0.0,-2.9103830456733704e-11,0,1,0.9999946015865613,0,1,1
400157.86,400157.86,0.0,0.0,0.0,0.0,400157.86,1,1,0.9999975009924809,1,1,1
918087.96,918087.96,0.0,322224.88,1240312.84,0.0,-2.3283064365386963e-10,0,1,0.9999989107809335,0,1,1
7596886.83,7596886.83,0.0,0.0,0.0,0.0,7596886.83,1,1,0.9999998683671495,1,1,1
113336.41,113336.41,0.0,0.0,0.0,0.0,113336.41,1,1,0.9999911767879643,1,1,1
7927.06,7927.06,0.0,0.0,0.0,0.0,7927.06,1,1,0.9998738657376458,1,1,1
1379501.18,1379501.18,0.0,0.0,0.0,0.0,1379501.18,1,1,0.9999992751008193,1,1,1
149535.0,149535.0,0.0,711124.24,860659.24,0.0,0.0,0,1,0.9999933126471218,0,1,1
21511.22,21511.22,0.0,0.0,0.0,0.0,21511.22,1,1,0.9999535147929874,1,1,1
79323.25,79323.25,0.0,0.0,0.0,0.0,79323.25,1,1,0.9999873935145935,1,1,1
3592596.97,3592596.97,0.0,0.0,0.0,0.0,3592596.97,1,1,0.9999997216499011,1,1,1
1150413.99,1150413.99,0.0,0.0,0.0,0.0,1150413.99,1,1,0.9999991307484615,1,1,1
2221683.68,2221683.68,0.0,2110248.3,4331931.98,0.0,0.0,0,1,0.9999995498911214,0,1,1
531551.0,531551.0,0.0,0.0,531551.0,0.0,0.0,0,1,0.9999981187165131,0,1,1
633459.44,633459.44,0.0,0.0,633459.44,0.0,0.0,0,1,0.9999984213694544,0,1,1
1641792.79,1641792.79,0.0,536929.18,2178721.97,0.0,0.0,0,1,0.9999993909101094,0,1,1
591766.42,591766.42,0.0,0.0,0.0,0.0,591766.42,1,1,0.9999983101469155,1,1,1
408724.54,408724.54,0.0,0.0,0.0,0.0,408724.54,1,1,0.9999975533704109,1,1,1
4483868.79,4483868.79,0.0,1340132.06,5824000.85,0.0,0.0,0,1,0.9999997769783587,0,1,1
2254934.36,2254934.36,0.0,364128.61,2619062.97,0.0,-4.656612873077393e-10,0,1,0.9999995565283077,0,1,1
2424380.16,2424380.16,0.0,509474.11,2933854.27,0.0,0.0,0,1,0.9999995875236054,0,1,1
140523.4,140523.4,0.0,0.0,0.0,0.0,140523.4,1,1,0.9999928837981162,1,1,1
1254092.1,1254092.1,0.0,0.0,0.0,0.0,1254092.1,1,1,0.9999992026110343,1,1,1
1186725.39,1186725.39,0.0,571163.84,1757889.23,0.0,0.0,0,1,0.9999991573457805,0,1,1
682063.33,682063.33,0.0,0.0,0.0,0.0,682063.33,1,1,0.9999985338626344,1,1,1
568918.32,568918.32,0.0,0.0,0.0,0.0,568918.32,1,1,0.9999982422815242,1,1,1
19729.68,19729.68,0.0,0.0,19729.68,0.0,0.0,0,1,0.999949317509584,0,1,1
2684260.67,2684260.67,0.0,0.0,0.0,0.0,2684260.67,1,1,0.9999996274580786,1,1,1
59996.12,59996.12,0.0,0.0,0.0,0.0,59996.12,1,1,0.999983332533295,1,1,1
1226390.31,1226390.31,0.0,0.0,0.0,0.0,1226390.31,1,1,0.9999991845995713,1,1,1
1155819.58,1155819.58,0.0,0.0,0.0,0.0,1155819.58,1,1,0.9999991348138134,1,1,1
1270565.77,1270565.77,0.0,216005.04,1486570.81,0.0,0.0,0,1,0.9999992129496665,0,1,1
33676.59,33676.59,0.0,0.0,33676.59,0.0,0.0,0,1,0.9999703066638675,0,1,1
134725.66,134725.66,0.0,0.0,134725.66,0.0,0.0,0,1,0.9999925775640842,0,1,1
7670038.08,7670038.08,0.0,0.0,0.0,0.0,7670038.08,1,1,0.9999998696225678,1,1,1
1068952.42,1068952.42,0.0,0.0,0.0,0.0,1068952.42,1,1,0.9999990645055422,1,1,1
10000000.0,10000000.0,0.0,2145275.47,12145275.47,0.0,0.0,0,1,0.99999990000001,0,1,1
19527.35,19527.35,0.0,676072.2,695599.55,0.0,-1.1641532182693481e-10,0,1,0.9999487923966951,0,1,1
176626.77,176626.77,0.0,0.0,0.0,0.0,176626.77,1,1,0.9999943383761228,1,1,1
1994525.04,1994525.04,0.0,0.0,0.0,0.0,1994525.04,1,1,0.9999994986277542,1,1,1
194876.96,194876.96,0.0,148344.11,343221.07,0.0,-5.820766091346741e-11,0,1,0.9999948685833945,0,1,1
4830219.15,4830219.15,0.0,0.0,0.0,0.0,4830219.15,1,1,0.9999997929700989,1,1,1
124311.57,124311.57,0.0,116019.29,240330.86,0.0,0.0,0,1,0.9999919557611914,0,1,1
736370.54,736370.54,0.0,556478.62,1292849.15,0.0,0.01000000024214387,0,1,0.9999986419898846,0,1,1
178616.12,178616.12,0.0,0.0,178616.12,0.0,0.0,0,1,0.9999944014325166,0,1,1
110457.0,110457.0,0.0,4174451.61,4284908.61,0.0,-9.313225746154785e-10,0,1,0.9999909467852034,0,1,1
417620.07,417620.07,0.0,0.0,0.0,0.0,417620.07,1,1,0.9999976054847999,1,1,1
1832319.42,1832319.42,0.0,0.0,0.0,0.0,1832319.42,1,1,0.9999994542439253,1,1,1
86070.17,86070.17,0.0,0.0,0.0,0.0,86070.17,1,1,0.9999883817078355,1,1,1
198888.16,198888.16,0.0,359018.15,557906.31,0.0,0.0,0,1,0.9999949720738928,0,1,1
268230.43,268230.43,0.0,0.0,0.0,0.0,268230.43,1,1,0.9999962718761183,1,1,1
811459.21,811459.21,0.0,843227.0,1654686.21,0.0,0.0,0,1,0.9999987676536845,0,1,1
123146.28,123146.28,0.0,0.0,123146.28,0.0,0.0,0,1,0.9999918796420026,0,1,1
10000000.0,19110884.44,9110884.44,0.0,0.0,1.862645149230957e-09,10000000.0,1,0,0.5232619928258018,1,1,1
899782.7,899782.7,0.0,106863.62,1006646.32,0.0,0.0,0,1,0.9999988886217877,0,1,1
167679.27,167679.27,0.0,0.0,0.0,0.0,167679.27,1,1,0.9999940362691448,1,1,1
59677.48,59677.48,0.0,0.0,0.0,0.0,59677.48,1,1,0.9999832435410554,1,1,1
114490.39,114490.39,0.0,0.0,0.0,0.0,114490.39,1,1,0.9999912657187584,1,1,1
1489916.19,1489916.19,0.0,3239862.61,4729778.79,0.0,0.009999999776482582,0,1,0.9999993288217582,0,1,1
2394623.8,2394623.8,0.0,0.0,0.0,0.0,2394623.8,1,1,0.9999995823980442,1,1,1
232315.43,232315.43,0.0,20819035.38,21051350.81,0.0,0.0,0,1,0.9999956955261408,0,1,1
155534.95,155534.95,0.0,88096.9,243631.85,0.0,0.0,0,1,0.9999935706182397,0,1,1
200418.1,200418.1,0.0,902091.87,1102509.97,0.0,0.0,0,1,0.9999950104555904,0,1,1
1610110.66,1610110.66,0.0,17821.53,1627932.2,0.0,-0.010000000009313226,0,1,0.9999993789250616,0,1,1
1314897.11,1314897.11,0.0,0.0,1314897.11,0.0,0.0,0,1,0.9999992394847993,0,1,1
972142.03,972142.03,0.0,0.0,972142.03,0.0,0.0,0,1,0.9999989713447824,0,1,1
86070.17,86070.17,0.0,0.0,86070.17,0.0,0.0,0,1,0.9999883817078355,0,1,1
106654.67,106654.67,0.0,0.0,0.0,0.0,106654.67,1,1,0.9999906240333964,1,1,1
1143937.73,1143937.73,0.0,0.0,0.0,0.0,1143937.73,1,1,0.9999991258273072,1,1,1
534158.52,534158.52,0.0,5156.57,539315.09,0.0,0.0,0,1,0.99999812790007,0,1,1
53338.82,53338.82,0.0,0.0,0.0,0.0,53338.82,1,1,0.9999812522801914,1,1,1
334790.89,334790.89,0.0,0.0,0.0,0.0,334790.89,1,1,0.9999970130698208,1,1,1
157137.97,157137.97,0.0,0.0,0.0,0.0,157137.97,1,1,0.9999936362062193,1,1,1
4022667.54,4022667.54,0.0,80136.56,4057191.21,0.0,45612.89000000013,0,1,0.9999997514087999,0,1,1
145379.14,145379.14,0.0,0.0,0.0,0.0,145379.14,1,1,0.9999931214813798,1,1,1
136562.78,136562.78,0.0,0.0,0.0,0.0,136562.78,1,1,0.9999926774141723,1,1,1
884821.37,884821.37,0.0,0.0,0.0,0.0,884821.37,1,1,0.9999988698296586,1,1,1
453311.62,0.0,0.0,0.0,412488.99,-453311.62,40822.630000000005,0,1,453311.62,0,0,1
152331.26,152331.26,0.0,0.0,0.0,0.0,152331.26,1,1,0.9999934354023239,1,1,1
196254.03,196254.03,0.0,0.0,196254.03,0.0,0.0,0,1,0.999994904589197,0,1,1
115599.26,115599.26,0.0,0.0,0.0,0.0,115599.26,1,1,0.999991349500425,1,1,1
3846781.01,3846781.01,0.0,0.0,0.0,0.0,3846781.01,1,1,0.999999740042457,1,1,1
740124.95,740124.95,0.0,0.0,0.0,0.0,740124.95,1,1,0.9999986488786131,1,1,1
4480592.14,4480592.14,0.0,0.0,0.0,0.0,4480592.14,1,1,0.9999997768152633,1,1,1
45807.51,45807.51,0.0,267824.05,313631.56,0.0,0.0,0,1,0.9999781699950512,0,1,1
696763.08,696763.08,0.0,0.0,69861.26,0.0,626901.82,0,1,0.9999985647939831,1,1,1
76640.82,76640.82,0.0,0.0,76640.82,0.0,0.0,0,1,0.9999869522931475,0,1,1
1842.0,1842.0,0.0,0.0,1842.0,0.0,0.0,0,1,0.9994574064026045,0,1,1
42513.08,42513.08,0.0,0.0,42513.08,0.0,0.0,0,1,0.9999764783808094,0,1,1
479892.04,479892.04,0.0,1600079.29,2079971.33,0.0,0.0,0,1,0.999997916202327,0,1,1
89596.79,89596.79,0.0,0.0,0.0,0.0,89596.79,1,1,0.9999888390104265,1,1,1
8589704.49,8589704.49,0.0,2811300.49,11401004.98,0.0,0.0,0,1,0.9999998835815732,0,1,1
7535.58,7535.58,0.0,44609.54,52145.11,0.0,0.010000000002037268,0,1,0.9998673138213885,0,1,1
377096.39,377096.39,0.0,0.0,377096.39,0.0,0.0,0,1,0.9999973481651517,0,1,1
407275.43,407275.43,0.0,2202883.5,2610158.93,0.0,0.0,0,1,0.9999975446651799,0,1,1
743311.65,743311.65,0.0,0.0,743311.65,0.0,0.0,0,1,0.9999986546710863,0,1,1
879810.51,879810.51,0.0,0.0,0.0,0.0,879810.51,1,1,0.9999988633929101,1,1,1
1221900.21,1221900.21,0.0,0.0,0.0,0.0,1221900.21,1,1,0.9999991816032329,1,1,1
21662.5,21662.5,0.0,0.0,21662.5,0.0,0.0,0,1,0.999953839407298,0,1,1
209340.53,209340.53,0.0,0.0,0.0,0.0,209340.53,1,1,0.9999952231169802,1,1,1
42483.97,42483.97,0.0,0.0,0.0,0.0,42483.97,1,1,0.9999764622641842,1,1,1
1782737.6,1782737.6,0.0,0.0,0.0,0.0,1782737.6,1,1,0.9999994390652673,1,1,1
40413.81,40413.81,0.0,0.0,0.0,0.0,40413.81,1,1,0.9999752565952926,1,1,1
674541.55,674541.55,0.0,0.0,0.0,0.0,674541.55,1,1,0.9999985175138322,1,1,1
30245.46,30245.46,0.0,0.0,0.0,0.0,30245.46,1,1,0.9999669382797194,1,1,1
2828068.73,2828068.73,0.0,0.0,0.0,0.0,2828068.73,1,1,0.9999996464019294,1,1,1
305846.12,305846.12,0.0,0.0,0.0,0.0,305846.12,1,1,0.9999967303926223,1,1,1
489767.32,489767.32,0.0,0.0,489767.32,0.0,0.0,0,1,0.9999979582182857,0,1,1
1372301.24,1372301.24,0.0,0.0,1372301.24,0.0,0.0,0,1,0.9999992712975532,0,1,1
145035.4,145035.4,0.0,0.0,0.0,0.0,145035.4,1,1,0.9999931051791137,1,1,1
622235.32,622235.32,0.0,0.0,0.0,0.0,622235.32,1,1,0.9999983928935553,1,1,1
1530378.45,1530378.45,0.0,0.0,1530378.45,0.0,0.0,0,1,0.9999993465672844,0,1,1
1055.0,1055.0,0.0,75179.0,0.0,0.0,76234.0,0,1,0.9990530303030303,0,1,1
159106.12,159106.12,0.0,0.0,0.0,0.0,159106.12,1,1,0.9999937149261453,1,1,1
362988.52,362988.52,0.0,0.0,0.0,0.0,362988.52,1,1,0.9999972450995279,1,1,1
581889.94,581889.94,0.0,0.0,0.0,0.0,581889.94,1,1,0.9999982814649082,1,1,1
89631.24,89631.24,0.0,0.0,0.0,0.0,89631.24,1,1,0.9999888433001339,1,1,1
128133.0,128133.0,0.0,0.0,0.0,0.0,128133.0,1,1,0.9999921956701578,1,1,1
163353.64,163353.64,0.0,0.0,0.0,0.0,163353.64,1,1,0.9999938783495834,1,1,1
500905.62,500905.62,0.0,0.0,0.0,0.0,500905.62,1,1,0.9999980036199162,1,1,1
20986.02,20986.02,0.0,0.0,0.0,0.0,20986.02,1,1,0.9999523515010706,1,1,1
2740879.15,2740879.15,0.0,0.0,0.0,0.0,2740879.15,1,1,0.9999996351536933,1,1,1
113338.99,113338.99,0.0,0.0,0.0,0.0,113338.99,1,1,0.9999911769888103,1,1,1
1268931.21,1268931.21,0.0,10940338.7,12209269.9,0.0,0.009999999776482582,0,1,0.999999211935837,0,1,1
1641792.79,1641792.79,0.0,0.0,0.0,0.0,1641792.79,1,1,0.9999993909101094,1,1,1
43159.0,43159.0,0.0,0.0,43159.0,0.0,0.0,0,1,0.9999768303985171,0,1,1
966389.93,966389.93,0.0,0.0,966389.93,0.0,0.0,0,1,0.9999989652220763,0,1,1
865948.49,865948.49,0.0,0.0,865948.49,0.0,0.0,0,1,0.9999988451982343,0,1,1
48078.85,48078.85,0.0,0.0,0.0,0.0,48078.85,1,1,0.9999792012662269,1,1,1
299298.5,299298.5,0.0,30615.0,329913.5,0.0,0.0,0,1,0.9999966588651167,0,1,1
25529.76,25529.76,0.0,0.0,0.0,0.0,25529.76,1,1,0.9999608315616143,1,1,1
1465173.76,1465173.76,0.0,0.0,1465173.76,0.0,0.0,0,1,0.9999993174875603,0,1,1
196385.55,196385.55,0.0,0.0,196385.55,0.0,0.0,0,1,0.9999949080015917,0,1,1
311993.06,0.0,0.0,0.0,311993.06,-311993.06,0.0,0,1,311993.06,0,0,1
4075956.58,4075956.58,0.0,0.0,0.0,0.0,4075956.58,1,1,0.9999997546588795,1,1,1
701697.49,701697.49,0.0,0.0,0.0,0.0,701697.49,1,1,0.9999985748864872,1,1,1
843174.04,843174.04,0.0,0.0,0.0,0.0,843174.04,1,1,0.9999988140066385,1,1,1
156011.24,156011.24,0.0,0.0,0.0,0.0,156011.24,1,1,0.9999935902465089,1,1,1
7109453.78,7109453.78,0.0,0.0,0.0,0.0,7109453.78,1,1,0.9999998593422378,1,1,1
703833.48,703833.48,0.0,0.0,0.0,0.0,703833.48,1,1,0.9999985792114078,1,1,1
265836.1,265836.1,0.0,0.0,0.0,0.0,265836.1,1,1,0.9999962382978147,1,1,1
4241.44,4241.44,0.0,256363.03,260604.47,0.0,0.0,0,1,0.9997642865897927,0,1,1
7703574.71,7703574.71,0.0,0.0,7703574.71,0.0,0.0,0,1,0.9999998701901509,0,1,1
310726.29,310726.29,0.0,1270319.48,1581045.77,0.0,0.0,0,1,0.9999967817438886,0,1,1
18042.11,18042.11,0.0,0.0,0.0,0.0,18042.11,1,1,0.9999445771820933,1,1,1
3735525.0,3735525.0,0.0,0.0,0.0,0.0,3735525.0,1,1,0.999999732300083,1,1,1
23031.26,23031.26,0.0,0.0,0.0,0.0,23031.26,1,1,0.9999565826367017,1,1,1
594577.22,594577.22,0.0,0.0,0.0,0.0,594577.22,1,1,0.9999983181355011,1,1,1
2136099.59,2136099.59,0.0,466582.86,2602682.46,0.0,-0.01000000024214387,0,1,0.9999995318572521,0,1,1
351268.75,351268.75,0.0,0.0,0.0,0.0,351268.75,1,1,0.9999971531849811,1,1,1
1495203.8,1495203.8,0.0,0.0,1495203.8,0.0,0.0,0,1,0.9999993311952985,0,1,1
1938347.14,1938347.14,0.0,294911.92,2233259.06,0.0,0.0,0,1,0.9999994840968042,0,1,1
1974352.3,1974352.3,0.0,0.0,0.0,0.0,1974352.3,1,1,0.9999994935050378,1,1,1
1697655.62,1697655.62,0.0,0.0,1697655.62,0.0,0.0,0,1,0.9999994109527285,0,1,1
504362.34,504362.34,0.0,0.0,0.0,0.0,504362.34,1,1,0.9999980173023678,1,1,1
405062.33,405062.33,0.0,1844185.94,2249248.27,0.0,0.0,0,1,0.9999975312502368,0,1,1
79323.25,79323.25,0.0,194983.92,274307.16,0.0,0.010000000067520887,0,1,0.9999873935145935,0,1,1
102464.68,102464.68,0.0,0.0,0.0,0.0,102464.68,1,1,0.9999902406347179,1,1,1
10000000.0,10000000.0,0.0,2246.43,10002246.43,0.0,0.0,0,1,0.99999990000001,0,1,1
251832.96,251832.96,0.0,392591.73,644424.68,0.0,0.009999999892897904,0,1,0.9999960291296695,0,1,1
319974.69,319974.69,0.0,0.0,0.0,0.0,319974.69,1,1,0.9999968747625796,1,1,1
3738574.9,3738574.9,0.0,0.0,0.0,0.0,3738574.9,1,1,0.9999997325184705,1,1,1
7197532.27,7197532.27,0.0,0.0,0.0,0.0,7197532.27,1,1,0.9999998610635112,1,1,1
2799902.39,2799902.39,0.0,0.0,0.0,0.0,2799902.39,1,1,0.9999996428448197,1,1,1
1301090.39,1301090.39,0.0,0.0,0.0,0.0,1301090.39,1,1,0.999999231414482,1,1,1
351170.6,0.0,0.0,0.0,351170.6,-351170.6,0.0,0,1,351170.6,0,0,1
461442.52,461442.52,0.0,11029.55,472472.07,0.0,0.0,0,1,0.9999978328875438,0,1,1
32830.82,32830.82,0.0,0.0,0.0,0.0,32830.82,1,1,0.9999695417433453,1,1,1
54652.46,54652.46,0.0,0.0,0.0,0.0,54652.46,1,1,0.9999817028967608,1,1,1
10000000.0,10399045.08,10399045.08,0.0,0.0,-10000000.0,10000000.0,1,0,0.961626664895017,1,1,1
3929113.14,3929113.14,0.0,2171552.02,6100665.15,0.0,0.009999999776482582,0,1,0.9999997454897047,0,1,1
2120266.89,2120266.89,0.0,4076539.19,6196806.08,0.0,0.0,0,1,0.9999995283614845,0,1,1
17246.0,17246.0,0.0,0.0,101717.84,0.0,-84471.84,0,1,0.999942018901838,1,1,1
10000000.0,12629417.41,2629417.41,0.0,0.0,0.0,10000000.0,1,0,0.7918020985100929,1,1,1
92043.22,92043.22,0.0,3090723.25,3182766.47,0.0,0.0,0,1,0.9999891356567528,0,1,1
120491.56,120491.56,0.0,0.0,0.0,0.0,120491.56,1,1,0.9999917007323937,1,1,1
355909.21,355909.21,0.0,0.0,0.0,0.0,355909.21,1,1,0.9999971903025766,1,1,1
278577.6,278577.6,0.0,124948.07,403525.68,0.0,-0.010000000009313226,0,1,0.9999964103488208,0,1,1
15371.72,15371.72,0.0,616240.72,631612.44,0.0,0.0,0,1,0.9999349497031105,0,1,1
4152435.91,4152435.91,0.0,0.0,0.0,0.0,4152435.91,1,1,0.9999997591775572,1,1,1
230666.63,0.0,0.0,32322.42,262989.05,-230666.63,0.0,0,1,230666.63,0,0,1
125216.91,125216.91,0.0,0.0,0.0,0.0,125216.91,1,1,0.9999920139219701,1,1,1
172915.56,172915.56,0.0,7674508.7,7847424.27,0.0,-0.009999999776482582,0,1,0.9999942168639024,0,1,1
766257.55,766257.55,0.0,0.0,0.0,0.0,766257.55,1,1,0.9999986949574657,1,1,1
71511.19,71511.19,0.0,0.0,0.0,0.0,71511.19,1,1,0.9999860163700762,1,1,1
265747.73,265747.73,0.0,0.0,0.0,0.0,265747.73,1,1,0.9999962370469277,1,1,1
296333.54,296333.54,0.0,3355664.68,3651998.22,0.0,0.0,0,1,0.9999966254355634,0,1,1
7304.56,7304.56,0.0,0.0,7304.56,0.0,0.0,0,1,0.9998631179539966,0,1,1
118106.94,118106.94,0.0,1908450.58,2026557.52,0.0,0.0,0,1,0.9999915331687268,0,1,1
771024.82,771024.82,0.0,121864.03,892888.86,0.0,-0.010000000009313226,0,1,0.9999987030265731,0,1,1
432958.83,432958.83,0.0,0.0,0.0,0.0,432958.83,1,1,0.9999976903169053,1,1,1
615954.92,615954.92,0.0,0.0,0.0,0.0,615954.92,1,1,0.999998376507202,1,1,1
225301.45,225301.45,0.0,358027.9,583329.35,0.0,1.1641532182693481e-10,0,1,0.9999955615218565,0,1,1
10000000.0,10000000.0,0.0,1920358.24,11920358.24,0.0,0.0,0,1,0.99999990000001,0,1,1
24382.08,24382.08,0.0,6866.91,31248.99,0.0,0.0,0,1,0.9999589879539418,0,1,1
325668.67,325668.67,0.0,0.0,325668.67,0.0,0.0,0,1,0.9999969294039571,0,1,1
2096634.43,2096634.43,0.0,183429.98,2280064.41,0.0,0.0,0,1,0.9999995230453584,0,1,1
2113271.99,2113271.99,0.0,1444605.24,3557877.23,0.0,4.656612873077393e-10,0,1,0.9999995268003685,0,1,1
164519.7,164519.7,0.0,0.0,0.0,0.0,164519.7,1,1,0.9999939217375078,1,1,1
436247.68,0.0,0.0,0.0,436247.68,-436247.68,0.0,0,1,436247.68,0,0,1
1500582.08,1500582.08,0.0,0.0,0.0,0.0,1500582.08,1,1,0.9999993335923794,1,1,1
537539.57,537539.57,0.0,0.0,0.0,0.0,537539.57,1,1,0.9999981396752993,1,1,1
1494146.93,1494146.93,0.0,0.0,1494146.93,0.0,0.0,0,1,0.9999993307222265,0,1,1
10000000.0,10000000.0,0.0,0.0,10000000.0,0.0,0.0,0,1,0.99999990000001,0,1,1
2095699.93,2095699.93,0.0,0.0,2095699.93,0.0,0.0,0,1,0.9999995228326782,0,1,1
935790.41,935790.41,0.0,2889033.29,3824823.7,0.0,0.0,0,1,0.9999989313857882,0,1,1
315654.19,315654.19,0.0,0.0,0.0,0.0,315654.19,1,1,0.9999968319861935,1,1,1
49199.2,49199.2,0.0,0.0,0.0,0.0,49199.2,1,1,0.9999796748793705,1,1,1
114827.36,114827.36,0.0,0.0,0.0,0.0,114827.36,1,1,0.9999912913499767,1,1,1
932922.6,932922.6,0.0,400110.15,1333032.75,0.0,0.0,0,1,0.9999989281008649,0,1,1
107834.85,107834.85,0.0,0.0,0.0,0.0,107834.85,1,1,0.9999907266461014,1,1,1
5512595.16,5512595.16,0.0,0.0,0.0,0.0,5512595.16,1,1,0.9999998185972687,1,1,1
239646.72,239646.72,0.0,2208970.26,2448616.98,0.0,0.0,0,1,0.9999958272083707,0,1,1
58521.53,58521.53,0.0,0.0,0.0,0.0,58521.53,1,1,0.9999829125637596,1,1,1
18471.55,18471.55,0.0,0.0,0.0,0.0,18471.55,1,1,0.9999458656222341,1,1,1
3488355.65,3488355.65,0.0,0.0,0.0,0.0,3488355.65,1,1,0.9999997133320643,1,1,1
181545.14,181545.14,0.0,2357597.32,2539142.46,0.0,0.0,0,1,0.9999944917584037,0,1,1
16207.04,16207.04,0.0,0.0,0.0,0.0,16207.04,1,1,0.9999383022253153,1,1,1
908228.29,908228.29,0.0,0.0,0.0,0.0,908228.29,1,1,0.9999988989564519,1,1,1
40359.75,40359.75,0.0,0.0,0.0,0.0,40359.75,1,1,0.9999752234534789,1,1,1
3399575.93,3399575.93,0.0,0.0,3399575.93,0.0,0.0,0,1,0.9999997058457506,0,1,1
415785.89,415785.89,0.0,2903051.84,3318837.73,0.0,0.0,0,1,0.9999975949217639,0,1,1
271150.29,271150.29,0.0,0.0,0.0,0.0,271150.29,1,1,0.9999963120219713,1,1,1
2426076.89,2426076.89,0.0,0.0,0.0,0.0,2426076.89,1,1,0.9999995878120796,1,1,1
600722.15,600722.15,0.0,2372103.71,2972825.85,0.0,0.009999999776482582,0,1,0.9999983353396652,0,1,1
633610.66,633610.66,0.0,0.0,633610.66,0.0,0.0,0,1,0.999998421746216,0,1,1
713404.6,713404.6,0.0,0.0,713404.6,0.0,0.0,0,1,0.9999985982728479,0,1,1
3774777.76,3774777.76,0.0,0.0,0.0,0.0,3774777.76,1,1,0.9999997350838119,1,1,1
2343696.85,2343696.85,0.0,158778.61,2502475.46,0.0,0.0,0,1,0.9999995733238395,0,1,1
536433.5,536433.5,0.0,3603723.8,4140157.3,0.0,0.0,0,1,0.9999981358395107,0,1,1
839077.79,839077.79,0.0,0.0,839077.79,0.0,0.0,0,1,0.9999988082168064,0,1,1
256556.98,256556.98,0.0,0.0,0.0,0.0,256556.98,1,1,0.9999961022455821,1,1,1
60226.06,60226.06,0.0,0.0,0.0,0.0,60226.06,1,1,0.9999833961677691,1,1,1
387168.65,0.0,0.0,0.0,387168.65,-387168.65,0.0,0,1,387168.65,0,0,1
82971.91,82971.91,0.0,0.0,0.0,0.0,82971.91,1,1,0.9999879478735891,1,1,1
87219.11,87219.11,0.0,45443.64,132662.75,0.0,0.0,0,1,0.9999885347541984,0,1,1
2058961.66,2058961.66,0.0,16244.5,2075206.16,0.0,0.0,0,1,0.9999995143185355,0,1,1
22990.73,22990.73,0.0,3279840.64,3302831.37,0.0,0.0,0,1,0.9999565061002369,0,1,1
389250.9,389250.9,0.0,0.0,0.0,0.0,389250.9,1,1,0.9999974309695084,1,1,1
7670038.08,7670038.08,0.0,855331.21,8525369.29,0.0,0.0,0,1,0.9999998696225678,0,1,1
604933.67,604933.67,0.0,35839.7,640773.38,0.0,-0.010000000009313226,0,1,0.9999983469289336,0,1,1
242179.39,242179.39,0.0,0.0,0.0,0.0,242179.39,1,1,0.9999958708465206,1,1,1
1503297.45,1503297.45,0.0,2521233.1,4024530.55,0.0,0.0,0,1,0.9999993347960946,0,1,1
4623764.68,4623764.68,0.0,0.0,0.0,0.0,4623764.68,1,1,0.9999997837260646,1,1,1
56125.55,56125.55,0.0,0.0,0.0,0.0,56125.55,1,1,0.9999821831201098,1,1,1
338388.53,0.0,0.0,0.0,338388.53,-338388.53,0.0,0,1,338388.53,0,0,1
279826.54,279826.54,0.0,0.0,0.0,0.0,279826.54,1,1,0.9999964263703279,1,1,1
36300.25,36300.25,0.0,0.0,36300.25,0.0,0.0,0,1,0.9999724527392307,0,1,1
2514878.33,2514878.33,0.0,0.0,0.0,0.0,2514878.33,1,1,0.9999996023666073,1,1,1
31334.57,31334.57,0.0,0.0,31334.57,0.0,0.0,0,1,0.9999680873844006,0,1,1
10000000.0,12184556.65,2184556.65,0.0,0.0,4.656612873077393e-10,10000000.0,1,0,0.8207109594988046,1,1,1
1437291.89,1437291.89,0.0,0.0,0.0,0.0,1437291.89,1,1,0.9999993042475845,1,1,1
582725.12,582725.12,0.0,1066408.36,1649133.48,0.0,0.0,0,1,0.9999982839279626,0,1,1
410299.86,410299.86,0.0,0.0,0.0,0.0,410299.86,1,1,0.9999975627640654,1,1,1
3116889.41,3116889.41,0.0,226218.51,3343107.92,0.0,0.0,0,1,0.9999996791674174,0,1,1
16514.64,16514.64,0.0,0.0,16514.64,0.0,0.0,0,1,0.9999394513321918,0,1,1
1232697.94,1232697.94,0.0,2532328.06,3765025.99,0.0,0.009999999776482582,0,1,0.9999991887719154,0,1,1
128893.5,128893.5,0.0,0.0,0.0,0.0,128893.5,1,1,0.9999922417170631,1,1,1
2147778.33,2147778.33,0.0,0.0,0.0,0.0,2147778.33,1,1,0.9999995344028196,1,1,1
6856104.02,6856104.02,0.0,751321.25,7607425.27,0.0,0.0,0,1,0.9999998541445912,0,1,1
346374.54,346374.54,0.0,0.0,0.0,0.0,346374.54,1,1,0.9999971129601126,1,1,1
20225.17,20225.17,0.0,4743918.53,4825802.22,0.0,-61658.51999999955,0,1,0.9999505591023906,0,1,1
7454553.06,7454553.06,0.0,0.0,7454553.06,0.0,0.0,0,1,0.9999998658538134,0,1,1
44829.81,44829.81,0.0,301552.31,346382.12,0.0,0.0,0,1,0.9999776939118432,0,1,1
310726.29,310726.29,0.0,0.0,0.0,0.0,310726.29,1,1,0.9999967817438886,1,1,1
773926.81,773926.81,0.0,0.0,0.0,0.0,773926.81,1,1,0.9999987078898225,1,1,1
3724.3,3724.3,0.0,0.0,0.0,0.0,3724.3,1,1,0.9997315652430677,1,1,1
2612915.2,2612915.2,0.0,7374588.54,9987503.74,0.0,0.0,0,1,0.999999617285851,0,1,1
13704.0,13704.0,0.0,3382.84,143675.35,0.0,-126588.51000000001,0,1,0.9999270339292229,0,1,1
1396824.94,1396824.94,0.0,0.0,0.0,0.0,1396824.94,1,1,0.9999992840911874,1,1,1
88748.63,88748.63,0.0,0.0,0.0,0.0,88748.63,1,1,0.9999887323473912,1,1,1
125107.12,125107.12,0.0,0.0,0.0,0.0,125107.12,1,1,0.9999920069136999,1,1,1
105080.35,105080.35,0.0,1949100.08,2054180.43,0.0,2.3283064365386963e-10,0,1,0.9999904835634487,0,1,1
202263.03,202263.03,0.0,0.0,0.0,0.0,202263.03,1,1,0.999995055967193,1,1,1
185391.82,185391.82,0.0,0.0,0.0,0.0,185391.82,1,1,0.9999946060478502,1,1,1
900362.48,900362.48,0.0,0.0,900362.48,0.0,0.0,0,1,0.9999988893374485,0,1,1
78741.64,78741.64,0.0,0.0,0.0,0.0,78741.64,1,1,0.999987300400393,1,1,1
873356.47,873356.47,0.0,0.0,0.0,0.0,873356.47,1,1,0.9999988549934771,1,1,1
487572.45,487572.45,0.0,0.0,0.0,0.0,487572.45,1,1,0.999997949026962,1,1,1
621569.61,621569.61,0.0,0.0,0.0,0.0,621569.61,1,1,0.9999983911723239,1,1,1
40413.81,40413.81,0.0,0.0,40413.81,0.0,0.0,0,1,0.9999752565952926,0,1,1
618270.9,618270.9,0.0,0.0,0.0,0.0,618270.9,1,1,0.9999983825886313,1,1,1
322585.04,322585.04,0.0,0.0,0.0,0.0,322585.04,1,1,0.9999969000518435,1,1,1
10000000.0,10000000.0,0.0,551074.14,10551074.14,0.0,0.0,0,1,0.99999990000001,0,1,1
322113.91,322113.91,0.0,0.0,322113.91,0.0,0.0,0,1,0.9999968955178138,0,1,1
10000000.0,16468916.64,6468916.64,0.0,0.0,9.313225746154785e-10,10000000.0,1,0,0.6072044452825377,1,1,1
226689.16,226689.16,0.0,0.0,0.0,0.0,226689.16,1,1,0.9999955886925131,1,1,1
756426.12,756426.12,0.0,1612984.89,2369411.01,0.0,0.0,0,1,0.9999986779955747,0,1,1
174923.28,174923.28,0.0,0.0,174923.28,0.0,0.0,0,1,0.9999942832407256,0,1,1
73064.41,73064.41,0.0,187838.1,260902.5,0.0,0.010000000009313226,0,1,0.9999863136332227,0,1,1
12477.96,12477.96,0.0,0.0,12477.96,0.0,0.0,0,1,0.9999198651169648,0,1,1
214975.9,214975.9,0.0,0.0,0.0,0.0,214975.9,1,1,0.999995348337426,1,1,1
4582074.51,4582074.51,0.0,154034.94,4736109.45,0.0,0.0,0,1,0.9999997817582889,0,1,1
103056.0,103056.0,0.0,444182.13,547238.13,0.0,0.0,0,1,0.9999902966319609,0,1,1
37796.75,37796.75,0.0,211905.39,249702.14,0.0,0.0,0,1,0.9999735433987473,0,1,1
219110.27,219110.27,0.0,0.0,0.0,0.0,219110.27,1,1,0.9999954361087862,1,1,1
449199.47,449199.47,0.0,0.0,0.0,0.0,449199.47,1,1,0.9999977738224539,1,1,1
494446.94,494446.94,0.0,3324564.1,3819011.04,0.0,0.0,0,1,0.999997977542388,0,1,1
40873.25,40873.25,0.0,0.0,0.0,0.0,40873.25,1,1,0.9999755347192915,1,1,1
56290.17,56290.17,0.0,10484036.58,10540326.75,0.0,0.0,0,1,0.9999822352244588,0,1,1
1165187.89,1165187.89,0.0,0.0,0.0,0.0,1165187.89,1,1,0.9999991417700524,1,1,1
167679.27,167679.27,0.0,165580.61,333259.88,0.0,0.0,0,1,0.9999940362691448,0,1,1
3996798.71,3996798.71,0.0,4511245.41,8508044.12,0.0,1.862645149230957e-09,0,1,0.9999997497998218,0,1,1
892376.71,892376.71,0.0,31730514.36,32622891.07,0.0,0.0,0,1,0.9999988793982764,0,1,1
498747.55,498747.55,0.0,0.0,498747.55,0.0,0.0,0,1,0.9999979949816395,0,1,1
7188425.25,7188425.25,0.0,0.0,0.0,0.0,7188425.25,1,1,0.9999998608874926,1,1,1
2693520.61,2693520.61,0.0,0.0,0.0,0.0,2693520.61,1,1,0.9999996287388242,1,1,1
163294.35,163294.35,0.0,0.0,0.0,0.0,163294.35,1,1,0.9999938761269075,1,1,1
337287.72,337287.72,0.0,0.0,0.0,0.0,337287.72,1,1,0.9999970351810165,1,1,1
296333.54,296333.54,0.0,0.0,0.0,0.0,296333.54,1,1,0.9999966254355634,1,1,1
1848199.45,1848199.45,0.0,0.0,0.0,0.0,1848199.45,1,1,0.9999994589331477,1,1,1
892213.56,892213.56,0.0,0.0,0.0,0.0,892213.56,1,1,0.9999988791933635,1,1,1
895565.06,895565.06,0.0,0.0,0.0,0.0,895565.06,1,1,0.9999988833877872,1,1,1
177925.98,177925.98,0.0,0.0,0.0,0.0,177925.98,1,1,0.9999943797168929,1,1,1
174.92,174.92,0.0,29134.25,29309.17,0.0,0.0,0,1,0.9943155979990905,0,1,1
2776135.33,2776135.33,0.0,0.0,2776135.33,0.0,0.0,0,1,0.9999996397871426,0,1,1
277611.08,277611.08,0.0,1588077.25,1865688.33,0.0,0.0,0,1,0.999996397851275,0,1,1
3118811.65,3118811.65,0.0,1163983.03,4282794.68,0.0,0.0,0,1,0.9999996793651584,0,1,1
4375931.29,4375931.29,0.0,0.0,0.0,0.0,4375931.29,1,1,0.9999997714772685,1,1,1
8208916.0,8208916.0,0.0,0.0,0.0,0.0,8208916.0,1,1,0.9999998781812509,1,1,1
21922.0,21922.0,0.0,1929861.61,2046918.8,0.0,-95135.18999999994,0,1,0.9999543858048625,0,1,1
614145.31,614145.31,0.0,0.0,0.0,0.0,614145.31,1,1,0.9999983717235067,1,1,1
1889351.63,1889351.63,0.0,0.0,0.0,0.0,1889351.63,1,1,0.9999994707181793,1,1,1
285376.6,285376.6,0.0,2719914.68,3005291.27,0.0,0.01000000024214387,0,1,0.999996495870734,0,1,1
985127.95,985127.95,0.0,0.0,985127.95,0.0,0.0,0,1,0.9999989849044635,0,1,1
149975.43,149975.43,0.0,0.0,0.0,0.0,149975.43,1,1,0.9999933322856132,1,1,1
127447.68,127447.68,0.0,0.0,0.0,0.0,127447.68,1,1,0.9999921537045342,1,1,1
125464.42,125464.42,0.0,332131.92,457596.34,0.0,-5.820766091346741e-11,0,1,0.9999920296763841,0,1,1
10000000.0,22625132.51,12625132.51,0.0,0.0,1.862645149230957e-09,10000000.0,1,0,0.44198634211728016,1,1,1
516355.22,516355.22,0.0,146473.93,662829.14,0.0,0.009999999892897904,0,1,0.9999980633524662,0,1,1
1162155.11,1162155.11,0.0,0.0,0.0,0.0,1162155.11,1,1,0.9999991395304026,1,1,1
7469051.14,7469051.14,0.0,94820.42,7563871.56,0.0,0.0,0,1,0.9999998661142028,0,1,1
9131.0,9131.0,0.0,133084.02,142215.02,0.0,0.0,0,1,0.9998904949627683,0,1,1
14279.89,14279.89,0.0,0.0,0.0,0.0,14279.89,1,1,0.9999299763530144,1,1,1
6961359.11,6961359.11,0.0,0.0,0.0,0.0,6961359.11,1,1,0.999999856349911,1,1,1
697226.2,697226.2,0.0,4172268.59,4869494.79,0.0,0.0,0,1,0.9999985657472915,0,1,1
564699.59,564699.59,0.0,0.0,0.0,0.0,564699.59,1,1,0.9999982291500705,1,1,1
3070709.95,3070709.95,0.0,0.0,3070709.95,0.0,0.0,0,1,0.9999996743425167,0,1,1
160088.68,160088.68,0.0,0.0,0.0,0.0,160088.68,1,1,0.9999937535011626,1,1,1
119454.86,119454.86,0.0,0.0,0.0,0.0,119454.86,1,1,0.9999916287070387,1,1,1
8594499.99,8594499.99,0.0,0.0,0.0,0.0,8594499.99,1,1,0.9999998836465315,1,1,1
1077146.94,1077146.94,0.0,6485.28,1083632.22,0.0,0.0,0,1,0.999999071622418,0,1,1
931684.75,931684.75,0.0,0.0,0.0,0.0,931684.75,1,1,0.9999989266767255,1,1,1
2322909.69,2322909.69,0.0,875613.05,3198522.74,0.0,0.0,0,1,0.9999995695056189,0,1,1
802483.88,802483.88,0.0,0.0,0.0,0.0,802483.88,1,1,0.9999987538706026,1,1,1
258355.42,258355.42,0.0,0.0,0.0,0.0,258355.42,1,1,0.9999961293781668,1,1,1
3018810.85,3018810.85,0.0,65126.98,3083937.83,0.0,0.0,0,1,0.999999668743847,0,1,1
74447.11,74447.11,0.0,0.0,74447.11,0.0,0.0,0,1,0.9999865678255634,0,1,1
10000000.0,10000000.0,0.0,0.0,10000000.0,0.0,0.0,0,1,0.99999990000001,0,1,1
337974.21,337974.21,0.0,0.0,0.0,0.0,337974.21,1,1,0.9999970412031107,1,1,1
111764.7,111764.7,0.0,4440481.04,4552245.74,0.0,0.0,0,1,0.9999910527111627,0,1,1
7788725.2,7788725.2,0.0,0.0,0.0,0.0,7788725.2,1,1,0.9999998716093011,1,1,1
534255.94,534255.94,0.0,24559.0,558814.94,0.0,0.0,0,1,0.9999981282414413,0,1,1
43235.71,43235.71,0.0,0.0,0.0,0.0,43235.71,1,1,0.9999768715057181,1,1,1
1767886.02,1767886.02,0.0,0.0,1767886.02,0.0,0.0,0,1,0.9999994343529939,0,1,1
147080.42,147080.42,0.0,0.0,147080.42,0.0,0.0,0,1,0.9999932010447002,0,1,1
1026208.84,1026208.84,0.0,0.0,0.0,0.0,1026208.84,1,1,0.9999990255404294,1,1,1
555574.92,555574.92,0.0,0.0,0.0,0.0,555574.92,1,1,0.9999982000659784,1,1,1
225301.45,225301.45,0.0,0.0,0.0,0.0,225301.45,1,1,0.9999955615218565,1,1,1
1023356.77,1023356.77,0.0,0.0,0.0,0.0,1023356.77,1,1,0.9999990228246374,1,1,1
20281.44,20281.44,0.0,85764.25,106045.69,0.0,0.0,0,1,0.999950696267313,0,1,1
32935.25,32935.25,0.0,0.0,0.0,0.0,32935.25,1,1,0.9999696383164447,1,1,1
127916.67,127916.67,0.0,0.0,0.0,0.0,127916.67,1,1,0.9999921824717414,1,1,1
22117.99,22117.99,0.0,581228.15,603346.15,0.0,-0.010000000009313226,0,1,0.9999547899791085,0,1,1
145458.94,145458.94,0.0,193730.82,339189.76,0.0,0.0,0,1,0.9999931252549671,0,1,1
227624.3,227624.3,0.0,0.0,227624.3,0.0,0.0,0,1,0.9999956068152354,0,1,1
2479767.72,2479767.72,0.0,0.0,0.0,0.0,2479767.72,1,1,0.999999596736586,1,1,1
10000000.0,10000000.0,0.0,0.0,10000000.0,0.0,0.0,0,1,0.99999990000001,0,1,1
157628.35,157628.35,0.0,0.0,0.0,0.0,157628.35,1,1,0.9999936560037835,1,1,1
1258956.71,1258956.71,0.0,0.0,0.0,0.0,1258956.71,1,1,0.9999992056921435,1,1,1
377096.39,377096.39,0.0,0.0,0.0,0.0,377096.39,1,1,0.9999973481651517,1,1,1
130479.52,130479.52,0.0,204819.94,335299.46,0.0,0.0,0,1,0.9999923360207332,0,1,1
306833.41,306833.41,0.0,0.0,0.0,0.0,306833.41,1,1,0.9999967409131199,1,1,1
3607917.73,3607917.73,0.0,0.0,0.0,0.0,3607917.73,1,1,0.9999997228318943,1,1,1
436002.23,0.0,0.0,0.0,436002.23,-436002.23,0.0,0,1,436002.23,0,0,1
69039.64,69039.64,0.0,0.0,0.0,0.0,69039.64,1,1,0.999985515777374,1,1,1
400517.07,400517.07,0.0,0.0,400517.07,0.0,0.0,0,1,0.9999975032337493,0,1,1
367631.15,367631.15,0.0,0.0,0.0,0.0,367631.15,1,1,0.9999972798896941,1,1,1
986876.27,986876.27,0.0,57853.96,1044730.24,0.0,-0.010000000009313226,0,1,0.9999989867027741,0,1,1
1254775.16,1254775.16,0.0,0.0,0.0,0.0,1254775.16,1,1,0.9999992030451073,1,1,1
2581549.92,2581549.92,0.0,0.0,2581549.92,0.0,0.0,0,1,0.9999996126359576,0,1,1
76646.05,76646.05,0.0,0.0,76646.05,0.0,0.0,0,1,0.9999869531834559,0,1,1
31887.18,31887.18,0.0,4584085.52,4615972.7,0.0,-9.313225746154785e-10,0,1,0.9999686404178602,0,1,1
20920.39,20920.39,0.0,359472.94,380393.33,0.0,0.0,0,1,0.9999522020286415,0,1,1
441892.92,441892.92,0.0,0.0,0.0,0.0,441892.92,1,1,0.9999977370134443,1,1,1
114827.36,114827.36,0.0,0.0,114827.36,0.0,0.0,0,1,0.9999912913499767,0,1,1
1911239.21,1911239.21,0.0,188720.75,2099959.96,0.0,0.0,0,1,0.9999994767795305,0,1,1
119.65,119.65,0.0,1183575.58,1183695.22,0.0,0.010000000009313226,0,1,0.9917115623704932,0,1,1
151.0,151.0,0.0,0.0,0.0,0.0,151.0,1,1,0.993421052631579,1,1,1
972142.03,972142.03,0.0,0.0,0.0,0.0,972142.03,1,1,0.9999989713447824,1,1,1
12619.29,12619.29,0.0,0.0,0.0,0.0,12619.29,1,1,0.9999207625181354,1,1,1
2656973.04,2656973.04,0.0,654028.45,3311001.49,0.0,0.0,0,1,0.999999623632002,0,1,1
30917.39,30917.39,0.0,339926.42,370843.82,0.0,-0.010000000009313226,0,1,0.9999676567893736,0,1,1
9772559.35,9772559.35,0.0,1968332.75,11740892.1,0.0,0.0,0,1,0.9999998976726708,0,1,1
4720554.95,4720554.95,0.0,0.0,0.0,0.0,4720554.95,1,1,0.9999997881605449,1,1,1
664992.86,664992.86,0.0,769363.38,1434356.23,0.0,0.010000000009313226,0,1,0.999998496226717,0,1,1
493538.8,493538.8,0.0,341590.52,835129.32,0.0,1.1641532182693481e-10,0,1,0.9999979738209562,0,1,1
166323.01,166323.01,0.0,0.0,0.0,0.0,166323.01,1,1,0.9999939876389464,1,1,1
201281.36,201281.36,0.0,0.0,0.0,0.0,201281.36,1,1,0.9999950318547537,1,1,1
540154.62,540154.62,0.0,533832.92,1073987.54,0.0,0.0,0,1,0.9999981486816707,0,1,1
354441.19,354441.19,0.0,0.0,0.0,0.0,354441.19,1,1,0.9999971786654405,1,1,1
1064995.85,1064995.85,0.0,0.0,1064995.85,0.0,0.0,0,1,0.9999990610300866,0,1,1
101013.32,101013.32,0.0,0.0,0.0,0.0,101013.32,1,1,0.9999901004134859,1,1,1
91655.26,91655.26,0.0,0.0,0.0,0.0,91655.26,1,1,0.999989089670471,1,1,1
4448598.93,4448598.93,0.0,3196304.6,7644903.53,0.0,-9.313225746154785e-10,0,1,0.9999997752101749,0,1,1
473387.81,473387.81,0.0,0.0,0.0,0.0,473387.81,1,1,0.9999978875715292,1,1,1
420330.71,420330.71,0.0,99227.28,519557.99,0.0,0.0,0,1,0.9999976209265773,0,1,1
326250.51,326250.51,0.0,0.0,0.0,0.0,326250.51,1,1,0.9999969348800868,1,1,1
2319926.01,2319926.01,0.0,843706.68,3163632.69,0.0,0.0,0,1,0.999999568951956,0,1,1
2123610.45,2123610.45,0.0,1234419.45,3358029.9,0.0,4.656612873077393e-10,0,1,0.9999995291040646,0,1,1
824841.09,824841.09,0.0,629645.26,1454486.34,0.0,0.010000000009313226,0,1,0.9999987876467361,0,1,1
96989.06,96989.06,0.0,0.0,0.0,0.0,96989.06,1,1,0.9999896896651059,1,1,1
76548.48,76548.48,0.0,0.0,0.0,0.0,76548.48,1,1,0.9999869365539779,1,1,1
86848.88,86848.88,0.0,0.0,0.0,0.0,86848.88,1,1,0.9999884858793127,1,1,1
360749.76,360749.76,0.0,0.0,0.0,0.0,360749.76,1,1,0.9999972280030678,1,1,1
182739.36,182739.36,0.0,0.0,0.0,0.0,182739.36,1,1,0.9999945277551167,1,1,1
88424.06,88424.06,0.0,0.0,0.0,0.0,88424.06,1,1,0.999988690988731,1,1,1
249159.26,249159.26,0.0,0.0,0.0,0.0,249159.26,1,1,0.9999959865188774,1,1,1
319208.14,319208.14,0.0,1905620.3,2224828.44,0.0,0.0,0,1,0.999996867257623,0,1,1
756426.12,756426.12,0.0,0.0,0.0,0.0,756426.12,1,1,0.9999986779955747,1,1,1
646676.42,646676.42,0.0,111156.33,757832.75,0.0,0.0,0,1,0.9999984536339618,0,1,1
1314897.11,1314897.11,0.0,0.0,0.0,0.0,1314897.11,1,1,0.9999992394847993,1,1,1
3924102.18,3924102.18,0.0,0.0,3924102.18,0.0,0.0,0,1,0.9999997451647028,0,1,1
7603589.38,7603589.38,0.0,0.0,0.0,0.0,7603589.38,1,1,0.9999998684831836,1,1,1
415785.89,415785.89,0.0,0.0,0.0,0.0,415785.89,1,1,0.9999975949217639,1,1,1
621387.64,621387.64,0.0,85132.75,706520.39,0.0,0.0,0,1,0.9999983907011882,0,1,1
305817.12,305817.12,0.0,0.0,0.0,0.0,305817.12,1,1,0.9999967300825733,1,1,1
124465.49,124465.49,0.0,0.0,0.0,0.0,124465.49,1,1,0.9999919657090033,1,1,1
1054244.29,1054244.29,0.0,0.0,0.0,0.0,1054244.29,1,1,0.999999051454145,1,1,1
324756.92,0.0,0.0,0.0,324756.92,-324756.92,0.0,0,1,324756.92,0,0,1
456930.88,456930.88,0.0,0.0,0.0,0.0,456930.88,1,1,0.9999978114899752,1,1,1
460436.43,460436.43,0.0,0.0,460436.43,0.0,0.0,0,1,0.9999978281522421,0,1,1
4651.43,4651.43,0.0,4812422.91,4817074.35,0.0,-0.009999999776482582,0,1,0.9997850585607951,0,1,1
416284.7,416284.7,0.0,0.0,416284.7,0.0,0.0,0,1,0.9999975978036238,0,1,1
302227.56,302227.56,0.0,1125769.87,1427997.43,0.0,2.3283064365386963e-10,0,1,0.9999966912458571,0,1,1
2491.85,2491.85,0.0,292572.02,295063.87,0.0,0.0,0,1,0.9995988527187757,0,1,1
1136374.62,1136374.62,0.0,820273.26,1956647.88,0.0,2.3283064365386963e-10,0,1,0.99999912000928,0,1,1
40433.84,40433.84,0.0,0.0,0.0,0.0,40433.84,1,1,0.9999752688523066,1,1,1
538312.05,538312.05,0.0,0.0,0.0,0.0,538312.05,1,1,0.999998142344868,1,1,1
5741.05,5741.05,0.0,0.0,0.0,0.0,5741.05,1,1,0.9998258461699219,1,1,1
1504.73,1504.73,0.0,0.0,0.0,0.0,1504.73,1,1,0.9993358703087539,1,1,1
51113.0,51113.0,0.0,0.0,0.0,0.0,51113.0,1,1,0.9999804358884063,1,1,1
1946.74,1946.74,0.0,0.0,0.0,0.0,1946.74,1,1,0.9994865844517236,1,1,1
2066467.64,2066467.64,0.0,194510.24,3098566.67,0.0,-837588.79,0,1,0.9999995160826636,0,1,1
224661.54,224661.54,0.0,0.0,0.0,0.0,224661.54,1,1,0.9999955488796664,1,1,1
21819.57,21819.57,0.0,333325.9,355145.48,0.0,-0.009999999951105565,0,1,0.9999541716829579,0,1,1
390763.24,390763.24,0.0,0.0,0.0,0.0,390763.24,1,1,0.9999974409121981,1,1,1
20314.97,20314.97,0.0,0.0,0.0,0.0,20314.97,1,1,0.9999507776394629,1,1,1
226710.36,0.0,0.0,0.0,226710.36,-226710.36,0.0,0,1,226710.36,0,0,1
449199.47,449199.47,0.0,224957.93,674157.4,0.0,-1.1641532182693481e-10,0,1,0.9999977738224539,0,1,1
69077.14,69077.14,0.0,0.0,0.0,0.0,69077.14,1,1,0.9999855236403297,1,1,1
574709.63,574709.63,0.0,0.0,574709.63,0.0,0.0,0,1,0.9999982599939033,0,1,1
3009125.59,3009125.59,0.0,46901.34,3056026.93,0.0,-4.656612873077393e-10,0,1,0.9999996676776566,0,1,1
905919.58,905919.58,0.0,82944.63,988864.21,0.0,0.0,0,1,0.9999988961504771,0,1,1
829885.13,829885.13,0.0,13276462.12,14106347.25,0.0,0.0,0,1,0.9999987950154077,0,1,1
1947831.96,1947831.96,0.0,0.0,1947831.96,0.0,0.0,0,1,0.9999994866089544,0,1,1
143340.15,143340.15,0.0,0.0,0.0,0.0,143340.15,1,1,0.9999930236362692,1,1,1
121142.75,121142.75,0.0,86601.5,207744.25,0.0,0.0,0,1,0.999991745343858,0,1,1
7114590.07,7114590.07,0.0,0.0,0.0,0.0,7114590.07,1,1,0.9999998594437839,1,1,1
2686564.04,2686564.04,0.0,438199.37,3124763.41,0.0,0.0,0,1,0.9999996277774835,0,1,1
177925.98,177925.98,0.0,70857.67,248783.65,0.0,2.9103830456733704e-11,0,1,0.9999943797168929,0,1,1
930970.44,930970.44,0.0,0.0,0.0,0.0,930970.44,1,1,0.9999989258531926,1,1,1
7196174.56,7196174.56,0.0,14743.59,7094510.52,0.0,116407.62999999989,0,1,0.999999861037298,0,1,1
219300.76,219300.76,0.0,19058370.95,19277671.71,0.0,0.0,0,1,0.9999954400730756,0,1,1
5166728.87,5166728.87,0.0,0.0,5166728.87,0.0,0.0,0,1,0.9999998064539806,0,1,1
254440.83,254440.83,0.0,0.0,254440.83,0.0,0.0,0,1,0.9999960698286127,0,1,1
1539687.27,1539687.27,0.0,256502.86,1796190.14,0.0,-0.010000000009313226,0,1,0.9999993505178811,0,1,1
7484125.12,7484125.12,0.0,62896.23,7547021.36,0.0,-0.009999999776482582,0,1,0.9999998663838658,0,1,1
115881.21,115881.21,0.0,0.0,0.0,0.0,115881.21,1,1,0.9999913705477311,1,1,1
1161495.82,1161495.82,0.0,319036.02,1565123.81,0.0,-84591.96999999997,0,1,0.999999139041982,0,1,1
4022667.54,4022667.54,0.0,0.0,0.0,0.0,4022667.54,1,1,0.9999997514087999,1,1,1
82806.2,82806.2,0.0,0.0,0.0,0.0,82806.2,1,1,0.9999879237554222,1,1,1
5044147.53,5044147.53,0.0,0.0,0.0,0.0,5044147.53,1,1,0.999999801750485,1,1,1
152961.49,152961.49,0.0,12414395.47,12567356.96,0.0,0.0,0,1,0.9999934624495195,0,1,1
2100.0,2100.0,0.0,0.0,0.0,0.0,2100.0,1,1,0.9995240361732508,1,1,1
98533.36,98533.36,0.0,0.0,98533.36,0.0,0.0,0,1,0.9999898512559476,0,1,1
108994.49,108994.49,0.0,0.0,0.0,0.0,108994.49,1,1,0.9999908253084601,1,1,1
147649.37,147649.37,0.0,0.0,0.0,0.0,147649.37,1,1,0.9999932272435214,1,1,1
48605.54,48605.54,0.0,0.0,0.0,0.0,48605.54,1,1,0.999979426636827,1,1,1
145944.8,145944.8,0.0,122425.15,268369.95,0.0,-5.820766091346741e-11,0,1,0.9999931481412963,0,1,1
924912.26,924912.26,0.0,0.0,0.0,0.0,924912.26,1,1,0.9999989188175332,1,1,1
340198.41,340198.41,0.0,0.0,0.0,0.0,340198.41,1,1,0.9999970605475182,1,1,1
158279.4,158279.4,0.0,0.0,0.0,0.0,158279.4,1,1,0.999993682098352,1,1,1
131842.85,131842.85,0.0,0.0,0.0,0.0,131842.85,1,1,0.9999924152700335,1,1,1
7703574.71,7703574.71,0.0,0.0,0.0,0.0,7703574.71,1,1,0.9999998701901509,1,1,1
7758036.72,7758036.72,0.0,0.0,0.0,0.0,7758036.72,1,1,0.9999998711014259,1,1,1
137508.01,137508.01,0.0,0.0,137508.01,0.0,0.0,0,1,0.9999927277492581,0,1,1
9977761.05,9977761.05,0.0,0.0,9977761.05,0.0,0.0,0,1,0.9999998997771249,0,1,1
436906.22,436906.22,0.0,77698.14,869573.55,0.0,-354969.19000000006,0,1,0.9999977111845394,0,1,1
2222008.27,2222008.27,0.0,0.0,0.0,0.0,2222008.27,1,1,0.999999549956873,1,1,1
181104.66,181104.66,0.0,0.0,0.0,0.0,181104.66,1,1,0.9999944783614162,1,1,1
4582074.51,4582074.51,0.0,0.0,0.0,0.0,4582074.51,1,1,0.9999997817582889,1,1,1
3028421.03,3028421.03,0.0,4503234.54,7531655.57,0.0,0.0,0,1,0.9999996697950319,0,1,1
62184.44,62184.44,0.0,0.0,0.0,0.0,62184.44,1,1,0.9999839190652989,1,1,1
228556.73,0.0,0.0,0.0,228556.73,-228556.73,0.0,0,1,228556.73,0,0,1
7218629.01,7218629.01,0.0,0.0,0.0,0.0,7218629.01,1,1,0.9999998614695588,1,1,1
4677358.76,4677358.76,0.0,0.0,4677358.76,0.0,0.0,0,1,0.9999997862041726,0,1,1
21367.0,21367.0,0.0,0.0,0.0,0.0,21367.0,1,1,0.9999532010482965,1,1,1
3332748.16,3332748.16,0.0,0.0,0.0,0.0,3332748.16,1,1,0.9999996999474152,1,1,1
2772748.37,2772748.37,0.0,0.0,2772748.37,0.0,0.0,0,1,0.9999996393471365,0,1,1
337974.21,337974.21,0.0,0.0,337974.21,0.0,0.0,0,1,0.9999970412031107,0,1,1
72782.82,72782.82,0.0,2185531.03,2258313.86,0.0,-0.01000000024214387,0,1,0.9999862606826627,0,1,1
443047.01,0.0,0.0,0.0,443047.01,-443047.01,0.0,0,1,443047.01,0,0,1
16619.95,16619.95,0.0,0.0,0.0,0.0,16619.95,1,1,0.9999398349673153,1,1,1
1547877.98,1547877.98,0.0,185725.9,1733603.89,0.0,-0.010000000009313226,0,1,0.9999993539546612,0,1,1
343627.25,0.0,0.0,0.0,343627.25,-343627.25,0.0,0,1,343627.25,0,0,1
120582.86,120582.86,0.0,0.0,0.0,0.0,120582.86,1,1,0.9999917070161795,1,1,1
306675.37,306675.37,0.0,3566083.7,3872759.07,0.0,4.656612873077393e-10,0,1,0.9999967392336097,0,1,1
2720647.79,2720647.79,0.0,0.0,0.0,0.0,2720647.79,1,1,0.9999996324406135,1,1,1
989954.57,989954.57,0.0,861924.18,1851878.75,0.0,0.0,0,1,0.9999989898536558,0,1,1
6844.73,6844.73,0.0,264100.7,270945.42,0.0,0.010000000009313226,0,1,0.9998539235406596,0,1,1
161272.92,161272.92,0.0,783850.08,945123.0,0.0,0.0,0,1,0.9999937993694207,0,1,1
249365.63,249365.63,0.0,0.0,0.0,0.0,249365.63,1,1,0.9999959898403407,1,1,1
1517771.48,1517771.48,0.0,161843.29,1679614.77,0.0,0.0,0,1,0.9999993411397208,0,1,1
28636.24,28636.24,0.0,0.0,0.0,0.0,28636.24,1,1,0.999965080433729,1,1,1
617668.37,617668.37,0.0,108637.75,975065.21,0.0,-248759.08999999997,0,1,0.9999983810108635,0,1,1
10000000.0,10000000.0,0.0,1950323.28,11950323.28,0.0,0.0,0,1,0.99999990000001,0,1,1
33302.96,33302.96,0.0,0.0,0.0,0.0,33302.96,1,1,0.9999699735406841,1,1,1
1001446.44,1001446.44,0.0,0.0,0.0,0.0,1001446.44,1,1,0.9999990014453479,1,1,1
52795.24,52795.24,0.0,61166.14,113961.38,0.0,0.0,0,1,0.9999810592572501,0,1,1
61756.82,61756.82,0.0,0.0,0.0,0.0,61756.82,1,1,0.9999838077186015,1,1,1
31045.76,31045.76,0.0,0.0,0.0,0.0,31045.76,1,1,0.9999677905198481,1,1,1
10000000.0,10000000.0,0.0,841522.24,10841522.24,0.0,0.0,0,1,0.99999990000001,0,1,1
7596886.83,7596886.83,0.0,1022130.96,8619017.79,0.0,0.0,0,1,0.9999998683671495,0,1,1
10000000.0,16250438.78,6250438.78,0.0,0.0,-9.313225746154785e-10,10000000.0,1,0,0.6153679614447949,1,1,1
385207.12,385207.12,0.0,0.0,385207.12,0.0,0.0,0,1,0.9999974040007257,0,1,1
40388.58,40388.58,0.0,6981191.23,7021579.81,0.0,9.313225746154785e-10,0,1,0.9999752411389274,0,1,1
38580.45,38580.45,0.0,335633.03,374213.48,0.0,5.820766091346741e-11,0,1,0.9999740808082641,0,1,1
193545.61,193545.61,0.0,183785.02,377330.62,0.0,0.010000000009313226,0,1,0.9999948332858943,0,1,1
1600721.32,1600721.32,0.0,0.0,1600721.32,0.0,0.0,0,1,0.999999375282029,0,1,1
350800.27,350800.27,0.0,0.0,0.0,0.0,350800.27,1,1,0.9999971493831821,1,1,1
966222.5,966222.5,0.0,0.0,0.0,0.0,966222.5,1,1,0.999998965042767,1,1,1
1205760.86,1205760.86,0.0,8682013.45,9887774.3,0.0,0.009999997913837433,0,1,0.9999991706488377,0,1,1
284000.25,284000.25,0.0,0.0,0.0,0.0,284000.25,1,1,0.9999964788887373,1,1,1
113360.8,113360.8,0.0,0.0,0.0,0.0,113360.8,1,1,0.9999911786862947,1,1,1
21571.0,21571.0,0.0,0.0,0.0,0.0,21571.0,1,1,0.9999536436120897,1,1,1
279086.64,0.0,0.0,0.0,279086.64,-279086.64,0.0,0,1,279086.64,0,0,1
175203.45,175203.45,0.0,2735776.45,2910979.9,0.0,4.656612873077393e-10,0,1,0.9999942923824138,0,1,1
3904257.51,3904257.51,0.0,0.0,0.0,0.0,3904257.51,1,1,0.9999997438694191,1,1,1
5188875.35,5188875.35,0.0,11465.0,5020573.28,0.0,179767.06999999937,0,1,0.9999998072800482,0,1,1
205129.12,205129.12,0.0,480559.02,685688.15,0.0,-0.010000000009313226,0,1,0.9999951250455077,0,1,1
272187.2,272187.2,0.0,0.0,272187.2,0.0,0.0,0,1,0.9999963260714462,0,1,1
449032.97,449032.97,0.0,0.0,0.0,0.0,449032.97,1,1,0.9999977729969962,1,1,1
2885466.96,2885466.96,0.0,28131.01,3268477.05,0.0,-354879.0800000001,0,1,0.9999996534357637,0,1,1
132438.82,132438.82,0.0,0.0,132438.82,0.0,0.0,0,1,0.999992449400792,0,1,1
447009.83,447009.83,0.0,0.0,0.0,0.0,447009.83,1,1,0.9999977629177351,1,1,1
1171751.17,1171751.17,0.0,0.0,1171751.17,0.0,0.0,0,1,0.9999991465772152,0,1,1
392502.23,0.0,0.0,0.0,392502.23,-392502.23,0.0,0,1,392502.23,0,0,1
197943.1,197943.1,0.0,0.0,0.0,0.0,197943.1,1,1,0.999994948068672,1,1,1
2108589.59,2108589.59,0.0,0.0,0.0,0.0,2108589.59,1,1,0.9999995257495672,1,1,1
109008.53,109008.53,0.0,369085.36,478093.89,0.0,0.0,0,1,0.9999908264901243,0,1,1
200008.33,200008.33,0.0,2959887.83,3159896.16,0.0,0.0,0,1,0.9999950002332392,0,1,1
672812.53,672812.53,0.0,0.0,672812.53,0.0,0.0,0,1,0.9999985137040868,0,1,1
37019.04,37019.04,0.0,0.0,0.0,0.0,37019.04,1,1,0.999972987603471,1,1,1
781.93,781.93,0.0,0.0,781.93,0.0,0.0,0,1,0.9987227466056992,0,1,1
21571.0,21571.0,0.0,30797.41,71140.3,0.0,-18771.89,0,1,0.9999536436120897,0,1,1
414794.23,414794.23,0.0,8045553.73,8460347.96,0.0,0.0,0,1,0.999997589171891,0,1,1
1028486.59,1028486.59,0.0,0.0,0.0,0.0,1028486.59,1,1,0.9999990276985258,1,1,1
379057.93,379057.93,0.0,0.0,0.0,0.0,379057.93,1,1,0.9999973618877677,1,1,1
1314660.84,1314660.84,0.0,0.0,1314660.84,0.0,0.0,0,1,0.9999992393481201,0,1,1
149279.69,149279.69,0.0,229339.41,378619.1,0.0,0.0,0,1,0.9999933012099556,0,1,1
64083.54,64083.54,0.0,0.0,0.0,0.0,64083.54,1,1,0.9999843956124207,1,1,1
2927005.15,2927005.15,0.0,0.0,2994420.07,0.0,-67414.91999999993,0,1,0.9999996583539805,0,1,1
690510.31,690510.31,0.0,53206.61,743716.92,0.0,0.0,0,1,0.9999985517977975,0,1,1
790332.43,790332.43,0.0,0.0,0.0,0.0,790332.43,1,1,0.9999987347112471,1,1,1
2108589.59,2108589.59,0.0,0.0,2108589.59,0.0,0.0,0,1,0.9999995257495672,0,1,1
130653.37,130653.37,0.0,0.0,0.0,0.0,130653.37,1,1,0.9999923462185,1,1,1
897131.97,897131.97,0.0,533166.71,1430298.68,0.0,0.0,0,1,0.9999988853380342,0,1,1
461369.99,461369.99,0.0,0.0,0.0,0.0,461369.99,1,1,0.9999978325468621,1,1,1
266351.6,266351.6,0.0,0.0,0.0,0.0,266351.6,1,1,0.9999962455782297,1,1,1
1112204.51,1112204.51,0.0,0.0,0.0,0.0,1112204.51,1,1,0.9999991008855909,1,1,1
42789.93,42789.93,0.0,0.0,42789.93,0.0,0.0,0,1,0.9999766305616634,0,1,1
217357.58,217357.58,0.0,0.0,0.0,0.0,217357.58,1,1,0.9999953993074485,1,1,1
2082884.49,2082884.49,0.0,3261945.96,5344830.44,0.0,0.009999999776482582,0,1,0.9999995198967947,0,1,1
31930.24,31930.24,0.0,113287.58,145217.82,0.0,0.0,0,1,0.9999686827069666,0,1,1
636942.02,636942.02,0.0,46336.09,683278.11,0.0,0.0,0,1,0.99999843000085,0,1,1
470922.15,470922.15,0.0,0.0,0.0,0.0,470922.15,1,1,0.9999978765112737,1,1,1
80336.26,80336.26,0.0,7378477.13,7458813.39,0.0,0.0,0,1,0.9999875524756507,0,1,1
1050635.77,1050635.77,0.0,150217.9,1200853.67,0.0,0.0,0,1,0.9999990481962667,0,1,1
553399.25,553399.25,0.0,0.0,0.0,0.0,553399.25,1,1,0.9999981929896129,1,1,1
2424380.16,2424380.16,0.0,0.0,0.0,0.0,2424380.16,1,1,0.9999995875236054,1,1,1
2755588.11,2755588.11,0.0,0.0,0.0,0.0,2755588.11,1,1,0.9999996371011932,1,1,1
22140.87,22140.87,0.0,0.0,0.0,0.0,22140.87,1,1,0.9999548366962682,1,1,1
281087.01,281087.01,0.0,92828.21,373915.22,0.0,5.820766091346741e-11,0,1,0.9999964423953907,0,1,1
2333929.91,2333929.91,0.0,0.0,0.0,0.0,2333929.91,1,1,0.9999995715383023,1,1,1
4342582.37,4342582.37,0.0,0.0,0.0,0.0,4342582.37,1,1,0.9999997697223254,1,1,1
10000000.0,14886423.05,4886423.05,0.0,0.0,9.313225746154785e-10,10000000.0,1,0,0.6717529990017985,1,1,1
143660.11,143660.11,0.0,0.0,143660.11,0.0,0.0,0,1,0.9999930391739281,0,1,1
35016.23,35016.23,0.0,0.0,0.0,0.0,35016.23,1,1,0.999971442629814,1,1,1
8537861.24,8537861.24,0.0,0.0,0.0,0.0,8537861.24,1,1,0.9999998828746621,1,1,1
475693.24,475693.24,0.0,28808.22,504501.46,0.0,-5.820766091346741e-11,0,1,0.9999978978093155,0,1,1
69912.57,69912.57,0.0,13393300.5,13463213.07,0.0,0.0,0,1,0.999985696625133,0,1,1
85408.24,85408.24,0.0,0.0,0.0,0.0,85408.24,1,1,0.99998829166493,1,1,1
2709729.22,2709729.22,0.0,0.0,0.0,0.0,2709729.22,1,1,0.999999630959572,1,1,1
2701905.3,2701905.3,0.0,0.0,0.0,0.0,2701905.3,1,1,0.9999996298909404,1,1,1
126848.63,126848.63,0.0,11722231.04,11849079.67,0.0,0.0,0,1,0.9999921166502417,0,1,1
10000000.0,44892193.09,34892193.09,0.0,0.0,0.0,10000000.0,1,0,0.2227558755527068,1,1,1
19646.09,19646.09,0.0,0.0,0.0,0.0,19646.09,1,1,0.9999491018771737,1,1,1
1021194.38,1021194.38,0.0,0.0,0.0,0.0,1021194.38,1,1,0.9999990207554601,1,1,1
504344.93,504344.93,0.0,0.0,0.0,0.0,504344.93,1,1,0.9999980172339251,1,1,1
2607790.58,2607790.58,0.0,7640097.83,10247888.41,0.0,0.0,0,1,0.9999996165337722,0,1,1
3222396.0,3222396.0,0.0,112132.82,3334528.82,0.0,0.0,0,1,0.999999689672005,0,1,1
2772748.37,2772748.37,0.0,0.0,0.0,0.0,2772748.37,1,1,0.9999996393471365,1,1,1
450489.27,450489.27,0.0,0.0,0.0,0.0,450489.27,1,1,0.9999977801962293,1,1,1
7922.98,7922.98,0.0,0.0,0.0,0.0,7922.98,1,1,0.9998738007920263,1,1,1
1648547.69,1648547.69,0.0,0.0,0.0,0.0,1648547.69,1,1,0.9999993934058448,1,1,1
861406.83,861406.83,0.0,8283871.29,9145278.12,0.0,0.0,0,1,0.9999988391096932,0,1,1
1189986.88,1189986.88,0.0,0.0,1189986.88,0.0,0.0,0,1,0.9999991596553067,0,1,1
828720.89,828720.89,0.0,0.0,0.0,0.0,828720.89,1,1,0.9999987933225705,1,1,1
895565.06,895565.06,0.0,100335.14,995900.2,0.0,1.1641532182693481e-10,0,1,0.9999988833877872,0,1,1
202968.27,202968.27,0.0,618614.54,821582.81,0.0,0.0,0,1,0.9999950731458018,0,1,1
844348.52,844348.52,0.0,0.0,0.0,0.0,844348.52,1,1,0.999998815656341,1,1,1
1068398.61,1068398.61,0.0,0.0,1068398.61,0.0,0.0,0,1,0.9999990640206242,0,1,1
21741.36,21741.36,0.0,1291168.87,1312910.22,0.0,0.01000000024214387,0,1,0.9999540068327449,0,1,1
2154005.71,2154005.71,0.0,0.0,0.0,0.0,2154005.71,1,1,0.9999995357488928,1,1,1
24424.67,24424.67,0.0,0.0,0.0,0.0,24424.67,1,1,0.999959059464899,1,1,1
1789155.73,1789155.73,0.0,2031388.61,3820544.34,0.0,0.0,0,1,0.9999994410774734,0,1,1
149535.0,149535.0,0.0,0.0,0.0,0.0,149535.0,1,1,0.9999933126471218,1,1,1
272776.59,272776.59,0.0,0.0,0.0,0.0,272776.59,1,1,0.9999963340096963,1,1,1
844213.81,844213.81,0.0,0.0,0.0,0.0,844213.81,1,1,0.9999988154673571,1,1,1
854550.85,854550.85,0.0,0.0,0.0,0.0,854550.85,1,1,0.9999988297959919,1,1,1
5721871.91,5721871.91,0.0,0.0,0.0,0.0,5721871.91,1,1,0.9999998252320498,1,1,1
10000000.0,10000000.0,0.0,0.0,10000000.0,0.0,0.0,0,1,0.99999990000001,0,1,1
3486005.08,3486005.08,0.0,0.0,0.0,0.0,3486005.08,1,1,0.9999997131387677,1,1,1
3042111.54,3042111.54,0.0,3574837.72,6616949.26,0.0,0.0,0,1,0.9999996712810632,0,1,1
114339.1,114339.1,0.0,41413.23,155752.33,0.0,2.9103830456733704e-11,0,1,0.9999912541619257,0,1,1
1869237.83,1869237.83,0.0,472924.32,2342162.15,0.0,0.0,0,1,0.9999994650228832,0,1,1
291264.2,291264.2,0.0,0.0,0.0,0.0,291264.2,1,1,0.9999965667027849,1,1,1
1263340.66,1263340.66,0.0,0.0,0.0,0.0,1263340.66,1,1,0.9999992084484889,1,1,1
127916.67,127916.67,0.0,1520726.85,1648643.52,0.0,0.0,0,1,0.9999921824717414,0,1,1
365332.78,365332.78,0.0,27185.14,392517.92,0.0,5.820766091346741e-11,0,1,0.9999972627770692,0,1,1
494453.52,494453.52,0.0,0.0,0.0,0.0,494453.52,1,1,0.999997977569302,1,1,1
1532229.72,1532229.72,0.0,0.0,0.0,0.0,1532229.72,1,1,0.9999993473567741,1,1,1
52689.13,52689.13,0.0,160085.29,212774.42,0.0,0.0,0,1,0.9999810211134419,0,1,1
3551022.86,3551022.86,0.0,196995.31,3748018.17,0.0,0.0,0,1,0.9999997183910784,0,1,1
6188772.44,6188772.44,0.0,6056796.74,12442836.61,0.0,-197267.4299999997,0,1,0.9999998384170935,0,1,1
101903.69,101903.69,0.0,0.0,0.0,0.0,101903.69,1,1,0.9999901869089637,1,1,1
156396.46,156396.46,0.0,842357.16,998753.62,0.0,0.0,0,1,0.9999936060342668,0,1,1
313697.44,313697.44,0.0,0.0,0.0,0.0,313697.44,1,1,0.999996812225142,1,1,1
235763.38,235763.38,0.0,11417.85,247181.23,0.0,0.0,0,1,0.9999957584771711,0,1,1
28835.93,28835.93,0.0,0.0,0.0,0.0,28835.93,1,1,0.9999653222447743,1,1,1
341956.42,341956.42,0.0,2191293.04,2533249.45,0.0,0.009999999776482582,0,1,0.9999970756593028,0,1,1
1464614.79,1464614.79,0.0,0.0,1464614.79,0.0,0.0,0,1,0.9999993172270797,0,1,1
186567.41,186567.41,0.0,0.0,186567.41,0.0,0.0,0,1,0.9999946400357917,0,1,1
1518718.03,1518718.03,0.0,0.0,1518718.03,0.0,0.0,0,1,0.9999993415503591,0,1,1
223730.4,223730.4,0.0,3375498.7,3599229.1,0.0,0.0,0,1,0.9999955303547021,0,1,1
155799.82,155799.82,0.0,0.0,0.0,0.0,155799.82,1,1,0.9999935815485438,1,1,1
164.0,164.0,0.0,0.0,0.0,0.0,164.0,1,1,0.9939393939393939,1,1,1
85017.99,85017.99,0.0,0.0,0.0,0.0,85017.99,1,1,0.9999882379219043,1,1,1
76548.48,76548.48,0.0,2635449.31,2711997.79,0.0,0.0,0,1,0.9999869365539779,0,1,1
1258706.84,1258706.84,0.0,1054367.91,2313074.75,0.0,0.0,0,1,0.999999205534463,0,1,1
126192.63,126192.63,0.0,0.0,126192.63,0.0,0.0,0,1,0.9999920756697466,0,1,1
1457343.37,1457343.37,0.0,0.0,0.0,0.0,1457343.37,1,1,0.9999993138203841,1,1,1
3760068.04,3760068.04,0.0,622555.65,4382623.69,0.0,0.0,0,1,0.9999997340474366,0,1,1
10000000.0,39585040.37,29585040.37,0.0,0.0,-3.725290298461914e-09,10000000.0,1,0,0.2526206782640531,1,1,1
16734.61,16734.61,0.0,0.0,16734.61,0.0,0.0,0,1,0.9999402471735419,0,1,1
3890627.92,3890627.92,0.0,0.0,0.0,0.0,3890627.92,1,1,0.9999997429721466,1,1,1
463891.31,463891.31,0.0,0.0,0.0,0.0,463891.31,1,1,0.999997844327275,1,1,1
260408.9,260408.9,0.0,0.0,260408.9,0.0,0.0,0,1,0.9999961599002188,0,1,1
987591.59,987591.59,0.0,0.0,0.0,0.0,987591.59,1,1,0.9999989874367121,1,1,1
972009.75,972009.75,0.0,298095.31,1270105.06,0.0,0.0,0,1,0.9999989712047938,0,1,1
504362.34,504362.34,0.0,0.0,504362.34,0.0,0.0,0,1,0.9999980173023678,0,1,1
2107997.33,2107997.33,0.0,0.0,0.0,0.0,2107997.33,1,1,0.9999995256163224,1,1,1
423144.76,0.0,0.0,0.0,423144.76,-423144.76,0.0,0,1,423144.76,0,0,1
530354.58,530354.58,0.0,4728783.51,5259138.09,0.0,0.0,0,1,0.9999981144725582,0,1,1
1040303.44,1040303.44,0.0,1794359.1,2834662.54,0.0,0.0,0,1,0.999999038742928,0,1,1
4011314.1,4011314.1,0.0,229237.42,4240551.52,0.0,9.313225746154785e-10,0,1,0.9999997507051989,0,1,1
2629417.41,2629417.41,0.0,0.0,2629417.41,0.0,0.0,0,1,0.9999996196877621,0,1,1
1762680.47,1762680.47,0.0,3039981.66,4802662.12,0.0,0.009999999776482582,0,1,0.9999994326825254,0,1,1
391855.44,391855.44,0.0,236228.52,628083.96,0.0,0.0,0,1,0.9999974480450035,0,1,1
4075956.58,4075956.58,0.0,79992.36,4155948.94,0.0,0.0,0,1,0.9999997546588795,0,1,1
1835523.44,1835523.44,0.0,0.0,0.0,0.0,1835523.44,1,1,0.9999994551965758,1,1,1
296977.69,296977.69,0.0,0.0,0.0,0.0,296977.69,1,1,0.9999966327550304,1,1,1
474195.1,474195.1,0.0,0.0,474195.1,0.0,0.0,0,1,0.9999978911678101,0,1,1
8783.42,8783.42,0.0,0.0,8783.42,0.0,0.0,0,1,0.9998861620915211,0,1,1
748726.81,748726.81,0.0,0.0,0.0,0.0,748726.81,1,1,0.9999986644011527,1,1,1
677503.25,677503.25,0.0,2708553.09,3386056.34,0.0,0.0,0,1,0.999998523994499,0,1,1
434401.5,434401.5,0.0,0.0,0.0,0.0,434401.5,1,1,0.9999976979874655,1,1,1
106460.7,106460.7,0.0,0.0,0.0,0.0,106460.7,1,1,0.9999906069506687,1,1,1
40651.96,40651.96,0.0,0.0,0.0,0.0,40651.96,1,1,0.9999754015451765,1,1,1
40819.72,40819.72,0.0,1455161.15,1495980.87,0.0,-2.3283064365386963e-10,0,1,0.9999755026368962,0,1,1
9468064.05,9468064.05,0.0,0.0,0.0,0.0,9468064.05,1,1,0.9999998943817987,1,1,1
1397162.15,1397162.15,0.0,0.0,0.0,0.0,1397162.15,1,1,0.9999992842639744,1,1,1
88424.06,88424.06,0.0,1058979.19,1147403.25,0.0,0.0,0,1,0.999988690988731,0,1,1
330697.81,0.0,0.0,0.0,330697.81,-330697.81,0.0,0,1,330697.81,0,0,1
53062.52,53062.52,0.0,4256174.24,4309236.76,0.0,0.0,0,1,0.9999811546614322,0,1,1
325470.07,325470.07,0.0,19771.15,345241.22,0.0,5.820766091346741e-11,0,1,0.9999969275303024,0,1,1
163852.19,163852.19,0.0,548967.17,712819.36,0.0,1.1641532182693481e-10,0,1,0.9999938969757013,0,1,1
3640983.71,3640983.71,0.0,0.0,0.0,0.0,3640983.71,1,1,0.9999997253490251,1,1,1
107732.98,107732.98,0.0,459838.99,567571.96,0.0,0.010000000009313226,0,1,0.9999907178774979,0,1,1
106673.26,106673.26,0.0,0.0,106673.26,0.0,0.0,0,1,0.9999906256673353,0,1,1
800024.12,800024.12,0.0,0.0,0.0,0.0,800024.12,1,1,0.9999987500392488,1,1,1
447589.21,447589.21,0.0,0.0,447589.21,0.0,0.0,0,1,0.9999977658135105,0,1,1
135977.23,135977.23,0.0,0.0,0.0,0.0,135977.23,1,1,0.9999926458816238,1,1,1
22048.19,22048.19,0.0,0.0,0.0,0.0,22048.19,1,1,0.9999546468600434,1,1,1
70756.72,70756.72,0.0,0.0,0.0,0.0,70756.72,1,1,0.9999858672664975,1,1,1
241337.83,241337.83,0.0,1170157.34,1411495.17,0.0,2.3283064365386963e-10,0,1,0.9999958564479657,0,1,1
135428.39,135428.39,0.0,0.0,0.0,0.0,135428.39,1,1,0.999992616078386,1,1,1
44164.0,44164.0,0.0,999955.56,1044119.56,0.0,0.0,0,1,0.9999773576361373,0,1,1
2689633.8,2689633.8,0.0,0.0,0.0,0.0,2689633.8,1,1,0.999999628202312,1,1,1
753723.54,753723.54,0.0,0.0,753723.54,0.0,0.0,0,1,0.9999986732553513,0,1,1
335219.49,335219.49,0.0,0.0,0.0,0.0,335219.49,1,1,0.9999970168887946,1,1,1
16207.04,16207.04,0.0,136857.72,153064.76,0.0,0.0,0,1,0.9999383022253153,0,1,1
873322.61,873322.61,0.0,0.0,0.0,0.0,873322.61,1,1,0.9999988549490836,1,1,1
594229.77,594229.77,0.0,823098.06,1417327.83,0.0,0.0,0,1,0.9999983171521057,0,1,1
1290619.25,1290619.25,0.0,0.0,0.0,0.0,1290619.25,1,1,0.9999992251787464,1,1,1
211628.75,211628.75,0.0,0.0,0.0,0.0,211628.75,1,1,0.9999952747664258,1,1,1
188854.39,188854.39,0.0,0.0,0.0,0.0,188854.39,1,1,0.9999947049432902,1,1,1
224378.1,224378.1,0.0,483419.25,707797.36,0.0,-0.010000000009313226,0,1,0.9999955432569254,0,1,1
6575903.12,6575903.12,0.0,332252.21,6908155.33,0.0,0.0,0,1,0.9999998479296562,0,1,1
916644.03,916644.03,0.0,2026.9,918670.94,0.0,-0.009999999892897904,0,1,0.9999989090651591,0,1,1
1093155.19,1093155.19,0.0,1966451.64,3059606.83,0.0,0.0,0,1,0.9999990852176394,0,1,1
1416055.74,1416055.74,0.0,0.0,0.0,0.0,1416055.74,1,1,0.9999992938136081,1,1,1
758848.47,758848.47,0.0,9507465.84,10266314.31,0.0,0.0,0,1,0.9999986822155914,0,1,1
479892.04,479892.04,0.0,0.0,0.0,0.0,479892.04,1,1,0.999997916202327,1,1,1
2109967.47,2109967.47,0.0,0.0,0.0,0.0,2109967.47,1,1,0.9999995260592686,1,1,1
995710.58,995710.58,0.0,0.0,0.0,0.0,995710.58,1,1,0.9999989956931102,1,1,1
19952.89,19952.89,0.0,0.0,0.0,0.0,19952.89,1,1,0.9999498844586193,1,1,1
203881.96,203881.96,0.0,0.0,0.0,0.0,203881.96,1,1,0.9999950952252213,1,1,1
1592602.27,1592602.27,0.0,0.0,0.0,0.0,1592602.27,1,1,0.999999372097233,1,1,1
563388.67,563388.67,0.0,0.0,563388.67,0.0,0.0,0,1,0.9999982250295786,0,1,1
101013.32,101013.32,0.0,0.0,101013.32,0.0,0.0,0,1,0.9999901004134859,0,1,1
1827209.07,1827209.07,0.0,0.0,0.0,0.0,1827209.07,1,1,0.9999994527175521,1,1,1
3332748.16,3332748.16,0.0,5578716.58,8911464.74,0.0,0.0,0,1,0.9999996999474152,0,1,1
185488.23,185488.23,0.0,0.0,0.0,0.0,185488.23,1,1,0.9999946088514142,1,1,1
3947541.37,3947541.37,0.0,0.0,0.0,0.0,3947541.37,1,1,0.9999997466778299,1,1,1
2926854.05,2926854.05,0.0,0.0,0.0,0.0,2926854.05,1,1,0.999999658336343,1,1,1
190590.65,190590.65,0.0,0.0,0.0,0.0,190590.65,1,1,0.9999947531804253,1,1,1
989966.55,989966.55,0.0,0.0,0.0,0.0,989966.55,1,1,0.99999898986588,1,1,1
312971.23,312971.23,0.0,689740.11,1002711.34,0.0,0.0,0,1,0.999996804828339,0,1,1
2059980.16,2059980.16,0.0,0.0,0.0,0.0,2059980.16,1,1,0.9999995145586671,1,1,1
3116889.41,3116889.41,0.0,0.0,0.0,0.0,3116889.41,1,1,0.9999996791674174,1,1,1
30467.69,30467.69,0.0,0.0,0.0,0.0,30467.69,1,1,0.9999671794225482,1,1,1
62297.18,62297.18,0.0,1060553.11,1122850.29,0.0,0.0,0,1,0.9999839481667041,0,1,1
5772.0,5772.0,0.0,252750.28,258522.28,0.0,0.0,0,1,0.999826779837173,0,1,1
89846.18,89846.18,0.0,0.0,0.0,0.0,89846.18,1,1,0.9999888699901321,1,1,1
366997.84,0.0,0.0,0.0,366997.84,-366997.84,0.0,0,1,366997.84,0,0,1
